App,Category,Rating_num,Reviews_num,Installs_num,Size_mb,Type,Price_usd,Content Rating
+Download 4 Instagram Twitter,SOCIAL,4.5,40467.0,1000000.0,22.0,Free,0.0,Everyone
- Free Comics - Comic Apps,COMICS,3.5,115.0,10000.0,9.1,Free,0.0,Mature 17+
.R,TOOLS,4.5,259.0,10000.0,0.1982421875,Free,0.0,Everyone
/u/app,COMMUNICATION,4.7,573.0,10000.0,53.0,Free,0.0,Mature 17+
058.ba,NEWS_AND_MAGAZINES,4.4,27.0,100.0,14.0,Free,0.0,Everyone
1. FC Köln App,SPORTS,4.6,2019.0,100000.0,41.0,Free,0.0,Everyone
10 Best Foods for You,HEALTH_AND_FITNESS,4.0,2490.0,500000.0,3.8,Free,0.0,Everyone 10+
10 Minutes a Day Times Tables,FAMILY,4.1,681.0,100000.0,48.0,Free,0.0,Everyone
10 WPM Amateur ham radio CW Morse code trainer,COMMUNICATION,3.5,10.0,100.0,3.8,Paid,1.49,Everyone
"10,000 Quotes DB (Premium)",BOOKS_AND_REFERENCE,4.1,70.0,500.0,3.5,Paid,0.99,Everyone
100 Doors of Revenge,FAMILY,4.1,105766.0,10000000.0,48.0,Free,0.0,Teen
100+ C Programs,FAMILY,4.2,20.0,5000.0,1.6,Free,0.0,Everyone
"100000+ Messages - DP, Status, Jokes & GIF 2018",LIFESTYLE,3.7,121.0,10000.0,3.8,Free,0.0,Mature 17+
101 C Programming Problems,FAMILY,4.6,498.0,50000.0,5.0,Free,0.0,Everyone
"104 Looking for a job - looking for a job, looking for a job, looking for a part-time job, health checkup, resume, treatment room",BUSINESS,4.4,74359.0,1000000.0,25.0,Free,0.0,Everyone
11st,SHOPPING,3.8,48732.0,10000000.0,20.0,Free,0.0,Everyone
12 Step Meditations & Sober Prayers AA NA AL-ANON,LIFESTYLE,4.7,759.0,50000.0,15.0,Free,0.0,Everyone 10+
17th Edition Cable Sizer,BOOKS_AND_REFERENCE,4.4,47.0,1000.0,1.4,Paid,3.08,Everyone
1800 Contacts - Lens Store,MEDICAL,4.7,23160.0,1000000.0,26.0,Free,0.0,Everyone
1LINE – One Line with One Touch,GAME,4.6,214878.0,10000000.0,10.0,Free,0.0,Everyone
2 Amateur ham radio CW Morse code practice keys TX,COMMUNICATION,4.8,6.0,100.0,3.5,Paid,1.49,Everyone
2-Player Co-op Zombie Shoot,GAME,4.2,33.0,1000.0,13.0,Free,0.0,Teen
20 Minuten (CH),NEWS_AND_MAGAZINES,3.5,14153.0,1000000.0,,Free,0.0,Everyone 10+
20 minutes (CH),NEWS_AND_MAGAZINES,3.7,4379.0,1000000.0,,Free,0.0,Teen
2000 AD Comics and Judge Dredd,COMICS,3.7,705.0,50000.0,20.0,Free,0.0,Teen
2017 EMRA Antibiotic Guide,MEDICAL,4.4,12.0,1000.0,3.8,Paid,16.99,Everyone
2018Emoji Keyboard 😂 Emoticons Lite -sticker&gif,PERSONALIZATION,4.2,115773.0,10000000.0,,Free,0.0,Everyone
2019 Tricks Es File Explores,TOOLS,3.0,4.0,1000.0,2.0,Free,0.0,Everyone
2048 BTS J Hope KPop Puzzle Game,FAMILY,4.7,17.0,1000.0,2.4,Free,0.0,Everyone
2048(AI),FAMILY,4.3,20.0,1000.0,3.5,Free,0.0,Everyone
20WPM Amateur ham radio Koch CW Morse code trainer,COMMUNICATION,4.3,12.0,100.0,3.7,Paid,1.49,Everyone
21-Day Meditation Experience,HEALTH_AND_FITNESS,4.4,11506.0,100000.0,15.0,Free,0.0,Everyone
211:CK,GAME,5.0,8.0,10.0,38.0,Paid,0.99,Teen
211:CK Lite,GAME,4.3,3.0,10.0,39.0,Free,0.0,Mature 17+
24 megapixel hd camera,PHOTOGRAPHY,4.0,802.0,100000.0,5.1,Free,0.0,Everyone
24/7 BZ Reis,TRAVEL_AND_LOCAL,3.1,421.0,100000.0,53.0,Free,0.0,Everyone
"2Date Dating App, Love and matching",DATING,4.4,41605.0,500000.0,8.1,Free,0.0,Mature 17+
"2Do - Reminders, To-do List & Notes",PRODUCTIVITY,4.3,4649.0,100000.0,30.0,Free,0.0,Everyone
2GIS: directory & navigator,TRAVEL_AND_LOCAL,4.5,768833.0,50000000.0,,Free,0.0,Everyone
2RedBeans,DATING,4.0,337.0,10000.0,32.0,Free,0.0,Mature 17+
2ndLine - Second Phone Number,COMMUNICATION,4.2,15880.0,1000000.0,32.0,Free,0.0,Everyone
30 Day AB Challenge - Lumowell,HEALTH_AND_FITNESS,4.8,793.0,10000.0,40.0,Free,0.0,Everyone
30 Day Ab Challenge,HEALTH_AND_FITNESS,4.5,1886.0,500000.0,7.6,Free,0.0,Everyone
30 Day Ab Challenge FREE,HEALTH_AND_FITNESS,4.3,48253.0,1000000.0,,Free,0.0,Everyone
30 Day Fitness Challenge - Workout at Home,HEALTH_AND_FITNESS,4.8,471036.0,10000000.0,,Free,0.0,Everyone
30-Day Ab Challenge Tracker,HEALTH_AND_FITNESS,3.5,224.0,10000.0,0.3623046875,Free,0.0,Everyone
30WPM Amateur ham radio Koch CW Morse code trainer,FAMILY,5.0,1.0,10.0,3.7,Paid,1.49,Everyone
350 Diy Room Decor Ideas,ART_AND_DESIGN,4.5,27.0,10000.0,17.0,Free,0.0,Everyone
"360 Security - Free Antivirus, Booster, Cleaner",TOOLS,4.6,16771865.0,100000000.0,,Free,0.0,Everyone
360-M Flight,TOOLS,3.9,84.0,10000.0,24.0,Free,0.0,Everyone
365Scores - Live Scores,SPORTS,4.6,666521.0,10000000.0,25.0,Free,0.0,Everyone
3D Blue Glass Water Keyboard Theme,PERSONALIZATION,4.1,62209.0,10000000.0,7.4,Free,0.0,Everyone
3D Bowling,SPORTS,4.1,1076243.0,100000000.0,13.0,Free,0.0,Everyone
3D Color Pixel by Number - Sandbox Art Coloring,ART_AND_DESIGN,4.4,1518.0,100000.0,37.0,Free,0.0,Everyone
3D Color by Number with Voxels,FAMILY,4.5,5481.0,500000.0,69.0,Free,0.0,Everyone
"3D Color by Number: Voxel, Unicorn, Pixel Art 3D",FAMILY,4.3,2017.0,100000.0,,Free,0.0,Everyone
3D DJ – DJ Mixer 2018,FAMILY,4.3,6333.0,1000000.0,30.0,Free,0.0,Everyone
3D DJ – Music Mixer with Virtual DJ,FAMILY,4.3,796.0,100000.0,28.0,Free,0.0,Everyone
3D Holograms Joke,FAMILY,2.9,31596.0,5000000.0,31.0,Free,0.0,Teen
3D Live Neon Weed Launcher,PERSONALIZATION,4.5,1724.0,100000.0,21.0,Free,0.0,Mature 17+
3D Metal Piano Keys Keyboard Theme,FOOD_AND_DRINK,4.4,467.0,100000.0,7.3,Free,0.0,Everyone
3D Tennis,SPORTS,4.2,1008012.0,50000000.0,13.0,Free,0.0,Everyone
3DAnimeGirl DX DreamPortrait KAWAII Girl DressUp,FAMILY,4.2,449.0,10000.0,56.0,Free,0.0,Teen
3G DZ Configuration,COMMUNICATION,4.3,488.0,50000.0,2.5,Free,0.0,Everyone
3G to 4G Converter - Simulator,TOOLS,4.2,268.0,10000.0,2.4,Free,0.0,Everyone
3G/4G Config Dz,TOOLS,4.2,2058.0,100000.0,2.3,Free,0.0,Everyone
4 in a Row,GAME,3.8,4257.0,500000.0,,Free,0.0,Everyone
4 in a row,GAME,4.3,47698.0,5000000.0,4.1,Free,0.0,Everyone
4 x4 Offroad SUV 3D Truck Simulator Driving 2017,FAMILY,4.4,32.0,1000.0,37.0,Free,0.0,Everyone
420 BZ Budeze Delivery,MEDICAL,5.0,2.0,100.0,11.0,Free,0.0,Mature 17+
4K Ultra Camera,PHOTOGRAPHY,4.2,382.0,100000.0,2.9,Free,0.0,Everyone
4K VIDEO PLAYER ULTRA HD,VIDEO_PLAYERS,3.7,20.0,5000.0,24.0,Free,0.0,Everyone
4K Wallpapers and Ultra HD Backgrounds,PERSONALIZATION,4.6,7583.0,500000.0,3.8,Free,0.0,Everyone 10+
4x4 Jeep Racer,GAME,4.1,7279.0,1000000.0,54.0,Free,0.0,Everyone
5 Minute Ab Workouts,HEALTH_AND_FITNESS,4.6,2067.0,50000.0,8.4,Free,0.0,Everyone
5 Minute Clinical Consult 2019 - #1 for 25 years,MEDICAL,4.2,33.0,10000.0,8.0,Free,0.0,Everyone
5 Minute Veterinary Consult: Canine & Feline,MEDICAL,2.3,17.0,1000.0,6.8,Free,0.0,Everyone
5 Nights at Cube Pizzeria City,GAME,3.8,2691.0,100000.0,52.0,Free,0.0,Teen
5-Minute Clinical Consult,MEDICAL,4.1,84.0,10000.0,6.1,Free,0.0,Everyone
50 Healthy Slow Cooker Recipes,FOOD_AND_DRINK,4.0,196.0,10000.0,9.0,Free,0.0,Everyone 10+
500 AP World History Questions,FAMILY,4.7,7.0,100.0,1.2,Paid,9.99,Everyone
50000 Free eBooks & Free AudioBooks,BOOKS_AND_REFERENCE,4.1,52312.0,5000000.0,11.0,Free,0.0,Teen
591 Housing Trading - Hong Kong,HOUSE_AND_HOME,4.3,3522.0,100000.0,15.0,Free,0.0,Everyone
"591 housing transactions - renting houses, middle-class houses, new cases, real-time registration, villas through the sky, apartment suites, MRT, buying a house selling prices, housing mortgages",HOUSE_AND_HOME,4.1,24977.0,1000000.0,21.0,Free,0.0,Everyone
6 Pack Promise - Ultimate Abs,HEALTH_AND_FITNESS,4.6,18921.0,1000000.0,,Free,0.0,Everyone
7 Cups: Anxiety & Stress Chat,HEALTH_AND_FITNESS,4.2,13799.0,500000.0,,Free,0.0,Teen
7 Day Food Journal Challenge,LIFESTYLE,4.5,3346.0,100000.0,14.0,Free,0.0,Teen
7 Minute Workout,HEALTH_AND_FITNESS,4.5,399009.0,10000000.0,,Free,0.0,Everyone
7 Nights at Pixel Pizzeria - 2,GAME,4.0,23168.0,1000000.0,54.0,Free,0.0,Teen
7 Weeks - Habit & Goal Tracker,PRODUCTIVITY,4.4,6011.0,500000.0,4.3,Free,0.0,Everyone
7 minute abs workout - Daily Ab Workout,HEALTH_AND_FITNESS,4.8,527.0,100000.0,23.0,Free,0.0,Everyone
8 Ball Pool,GAME,4.5,14201891.0,100000000.0,52.0,Free,0.0,Everyone
850 Sports News Digest,SPORTS,4.6,539.0,10000.0,,Free,0.0,Everyone
8fit Workouts & Meal Planner,HEALTH_AND_FITNESS,4.6,115721.0,10000000.0,67.0,Free,0.0,Everyone
95Live -SG#1 Live Streaming App,DATING,4.1,4954.0,1000000.0,15.0,Free,0.0,Teen
98point6,MEDICAL,4.6,47.0,10000.0,21.0,Free,0.0,Everyone
"9GAG: Funny Gifs, Pics, Memes & Videos for IGTV",FAMILY,4.6,1450632.0,10000000.0,,Free,0.0,Teen
9th stage,FOOD_AND_DRINK,4.5,454.0,100000.0,16.0,Free,0.0,Everyone
A & B Taxi,MAPS_AND_NAVIGATION,4.1,41.0,1000.0,25.0,Free,0.0,Everyone
A Better Camera,PHOTOGRAPHY,4.1,76484.0,5000000.0,,Free,0.0,Everyone
A Call From Santa Claus!,FAMILY,3.9,3720.0,1000000.0,11.0,Free,0.0,Everyone
A Manual of Acupuncture,MEDICAL,3.5,214.0,1000.0,68.0,Paid,33.99,Everyone
A Word A Day,FAMILY,3.7,2398.0,500000.0,2.9,Free,0.0,Everyone
A hundred,DATING,4.1,236.0,10000.0,8.8,Free,0.0,Mature 17+
A&E - Watch Full Episodes of TV Shows,FAMILY,4.0,29708.0,1000000.0,19.0,Free,0.0,Teen
A&W Restaurants,FOOD_AND_DRINK,1.7,14.0,1000.0,13.0,Free,0.0,Everyone
A+ Gallery - Photos & Videos,PHOTOGRAPHY,4.5,223941.0,10000000.0,,Free,0.0,Everyone
A+ Mobile,FINANCE,3.9,730.0,10000.0,6.3,Free,0.0,Everyone
A-B repeater,VIDEO_PLAYERS,4.4,32.0,5000.0,0.2333984375,Free,0.0,Everyone
A-Y Collection,SHOPPING,5.0,2.0,100.0,2.9,Free,0.0,Teen
A-Z App Store,PRODUCTIVITY,3.2,2728.0,500000.0,4.4,Free,0.0,Everyone
A-Z Punjabi Songs & Music Videos 2018,FAMILY,4.3,367.0,100000.0,5.1,Free,0.0,Everyone
A. O. Smith,TOOLS,4.2,32.0,10000.0,33.0,Free,0.0,Everyone
A/C Air Conditioner Remote,TOOLS,3.4,7816.0,1000000.0,5.1,Free,0.0,Everyone
A/C REFRIGERANT CAPACITY,BUSINESS,1.7,84.0,10000.0,2.1,Free,0.0,Everyone
A/C Universal Remote Control,TOOLS,3.1,3263.0,1000000.0,3.0,Free,0.0,Everyone
A41 WatchFace for Android Wear Smart Watch,LIFESTYLE,4.5,231.0,5000.0,5.7,Paid,0.99,Everyone
AAFP,MEDICAL,3.8,63.0,10000.0,24.0,Free,0.0,Everyone
AB Blast Match 3,FAMILY,4.3,111.0,10000.0,48.0,Free,0.0,Everyone
AB Click2Shop,SHOPPING,3.8,454.0,100000.0,18.0,Free,0.0,Everyone
AB Crush Match 3,FAMILY,4.3,96.0,10000.0,54.0,Free,0.0,Everyone
AB Match,FAMILY,4.2,9.0,1000.0,30.0,Free,0.0,Everyone
AB Mobile App,HEALTH_AND_FITNESS,3.4,2105.0,100000.0,8.2,Free,0.0,Everyone
AB Repeat Player,VIDEO_PLAYERS,4.3,1628.0,100000.0,18.0,Free,0.0,Everyone
AB Screen Recorder,TOOLS,4.2,533.0,10000.0,5.0,Free,0.0,Everyone
ABC Kids - Tracing & Phonics,FAMILY,4.5,36606.0,10000000.0,,Free,0.0,Everyone
ABC News - US & World News,NEWS_AND_MAGAZINES,4.0,18976.0,1000000.0,35.0,Free,0.0,Everyone 10+
ABC Preschool Free,EDUCATION,3.8,27572.0,5000000.0,25.0,Free,0.0,Everyone
ABC – Live TV & Full Episodes,FAMILY,3.3,50428.0,5000000.0,,Free,0.0,Teen
ABC15 Arizona,NEWS_AND_MAGAZINES,3.6,1820.0,100000.0,,Free,0.0,Everyone
ABCmouse.com,FAMILY,4.3,50887.0,5000000.0,91.0,Free,0.0,Everyone
"ABS Workout - Belly workout, 30 days AB",HEALTH_AND_FITNESS,4.8,5103.0,100000.0,,Free,0.0,Everyone
"AC & TV, DVD, Set Top Box - Remote control IR",TOOLS,3.6,3632.0,1000000.0,3.2,Free,0.0,Everyone
AC - Tips & News for Android™,NEWS_AND_MAGAZINES,4.2,23292.0,1000000.0,14.0,Free,0.0,Everyone 10+
"AC Air condition Troubleshoot,Repair,Maintenance",BOOKS_AND_REFERENCE,4.2,27.0,5000.0,3.1,Free,0.0,Everyone
AC DC Power Monitor,LIFESTYLE,5.0,1.0,10.0,1.2,Paid,3.04,Everyone
AC Freedom,BUSINESS,3.5,537.0,100000.0,,Free,0.0,Everyone
AC Mobile Control,HOUSE_AND_HOME,3.4,1450.0,100000.0,9.7,Free,0.0,Everyone
AC REMOTE UNIVERSAL-PRO,FAMILY,1.6,402.0,100000.0,1.7,Free,0.0,Everyone
AC Remote Control,TOOLS,3.3,472.0,100000.0,2.0,Free,0.0,Everyone
AC Remote Control Simulator,FAMILY,3.3,353.0,100000.0,2.3,Free,0.0,Everyone
AC Remote For LG,TOOLS,3.0,1298.0,100000.0,3.4,Free,0.0,Everyone
AC Remote for Carrier - NOW FREE,TOOLS,3.7,163.0,10000.0,26.0,Free,0.0,Everyone
AC Remote for Daikin - NOW FREE,TOOLS,3.5,383.0,50000.0,26.0,Free,0.0,Everyone
AC Remote for Haier - NOW FREE,TOOLS,3.9,336.0,50000.0,27.0,Free,0.0,Everyone
AC Remote for LG - NOW FREE,TOOLS,3.7,1041.0,100000.0,28.0,Free,0.0,Everyone
AC Remote for Midea - NOW FREE,TOOLS,4.0,448.0,100000.0,26.0,Free,0.0,Everyone
AC Remote for O General - NOW FREE,TOOLS,3.7,274.0,50000.0,26.0,Free,0.0,Everyone
AC Remote for Samsung - NOW FREE,TOOLS,3.7,566.0,100000.0,27.0,Free,0.0,Everyone
AC Remote for Sharp - NOW FREE,TOOLS,3.7,332.0,50000.0,26.0,Free,0.0,Everyone
AC Troubleshooter,TOOLS,4.7,147.0,10000.0,4.2,Free,0.0,Everyone
AC WIFI,TOOLS,3.6,41.0,10000.0,23.0,Free,0.0,Everyone
AC remote control mobile,TOOLS,3.9,3043.0,100000.0,7.7,Free,0.0,Everyone
ACCDB MDB DB Manager Pro - Editor for MS Access,PRODUCTIVITY,3.1,19.0,500.0,4.5,Paid,8.99,Everyone
ACE Elite,FINANCE,4.1,2898.0,100000.0,45.0,Free,0.0,Everyone
ACTIVEON CX & CX GOLD,VIDEO_PLAYERS,3.3,439.0,50000.0,35.0,Free,0.0,Everyone
"AD - News, Sports, Region & Entertainment",NEWS_AND_MAGAZINES,3.7,10382.0,1000000.0,,Free,0.0,Everyone
"AD - Nieuws, Sport, Regio & Entertainment",NEWS_AND_MAGAZINES,3.7,10369.0,1000000.0,,Free,0.0,Everyone
ADMIRALTY H-Note,BUSINESS,4.5,176.0,10000.0,19.0,Free,0.0,Everyone
ADP Mobile Solutions,BUSINESS,4.3,85185.0,5000000.0,29.0,Free,0.0,Everyone
ADS-B Driver,TOOLS,5.0,2.0,100.0,6.3,Paid,1.99,Everyone
ADW Launcher 2,PERSONALIZATION,4.3,181399.0,10000000.0,,Free,0.0,Everyone
ADWLauncher 1 EX,PERSONALIZATION,4.3,28728.0,500000.0,2.8,Paid,2.49,Everyone
"AE + Aerie: Jeans, Dresses, Swimsuits & Bralettes",SHOPPING,4.2,20476.0,1000000.0,28.0,Free,0.0,Everyone
AE 3D MOTOR :Racing Games Free,GAME,4.2,74902.0,5000000.0,,Free,0.0,Everyone
AE 3D Moto 3,GAME,3.9,2588.0,100000.0,26.0,Free,0.0,Everyone 10+
AE Air Hockey,SPORTS,3.8,926.0,50000.0,7.6,Free,0.0,Everyone
AE Angry Chef,GAME,4.1,533.0,10000.0,39.0,Free,0.0,Everyone 10+
AE Archer,SPORTS,3.9,8638.0,500000.0,,Free,0.0,Everyone
AE Basketball,SPORTS,4.0,8100.0,1000000.0,,Free,0.0,Everyone
AE Bingo: Offline Bingo Games,GAME,4.4,61746.0,500000.0,,Free,0.0,Teen
AE Blackjack,GAME,4.0,1417.0,100000.0,17.0,Free,0.0,Teen
AE Bubble:Offline Bubble Games,FAMILY,4.2,6973.0,100000.0,,Free,0.0,Everyone
AE Bulletins,BOOKS_AND_REFERENCE,4.5,14.0,1000.0,30.0,Free,0.0,Everyone
AE Checkout Plugin,SHOPPING,3.8,208.0,10000.0,0.076171875,Free,0.0,Everyone
AE City Jump,GAME,4.5,804.0,10000.0,27.0,Free,0.0,Everyone
AE Coin Mania : Arcade Fun,GAME,4.3,30002.0,1000000.0,29.0,Free,0.0,Teen
AE Fishing Hunter,GAME,4.4,14.0,1000.0,6.6,Free,0.0,Everyone
AE FreeCell,GAME,4.2,358.0,10000.0,15.0,Free,0.0,Everyone
AE GTO Racing,GAME,3.9,6988.0,100000.0,35.0,Free,0.0,Everyone 10+
AE Garage,AUTO_AND_VEHICLES,4.4,64.0,1000.0,66.0,Free,0.0,Everyone
AE Gun Ball: arcade ball games,GAME,3.7,8581.0,1000000.0,12.0,Free,0.0,Everyone
AE Jewels,GAME,4.2,960.0,50000.0,18.0,Free,0.0,Everyone
AE Jewels 2: Island Adventures,GAME,4.2,652.0,10000.0,30.0,Free,0.0,Everyone
AE Lucky Fishing,GAME,4.3,18277.0,1000000.0,17.0,Free,0.0,Teen
AE Master Moto,GAME,4.0,17876.0,1000000.0,37.0,Free,0.0,Everyone
AE Order,TOOLS,4.1,19.0,1000.0,0.3095703125,Free,0.0,Everyone
AE Roundy POP,FAMILY,4.4,5262.0,100000.0,26.0,Free,0.0,Everyone
AE Solitaire,GAME,4.3,1776.0,50000.0,26.0,Free,0.0,Everyone
AE Spider Solitaire,GAME,4.5,17263.0,500000.0,,Free,0.0,Everyone
AE Sudoku,FAMILY,4.3,2171.0,100000.0,12.0,Free,0.0,Everyone
AE Video Poker,GAME,4.0,721.0,50000.0,18.0,Free,0.0,Teen
AEMET's time,WEATHER,3.8,15966.0,1000000.0,9.2,Free,0.0,Everyone
AF Comics Reader - Free,COMICS,2.8,5.0,100.0,4.1,Free,0.0,Everyone
AF Hydro,HEALTH_AND_FITNESS,2.0,136.0,10000.0,15.0,Free,0.0,Everyone
AF Link,NEWS_AND_MAGAZINES,4.7,210.0,10000.0,18.0,Free,0.0,Everyone
AF-STROKE (FREE),MEDICAL,4.5,93.0,10000.0,0.90234375,Free,0.0,Teen
"AG Contacts, Lite edition",COMMUNICATION,4.5,185.0,5000.0,3.7,Free,0.0,Everyone
"AG Contacts, Premium edition",COMMUNICATION,4.5,88.0,500.0,3.7,Paid,4.99,Everyone
AG Drive 3D,GAME,3.8,164.0,10000.0,22.0,Free,0.0,Everyone
AG Screen Recorder,TOOLS,3.7,7.0,1000.0,2.7,Free,0.0,Everyone
AG Subway Simulator Lite,FAMILY,4.4,6738.0,100000.0,56.0,Free,0.0,Everyone
AG Subway Simulator Mobile,FAMILY,4.5,623.0,5000.0,47.0,Paid,0.99,Everyone
AG Track,TOOLS,4.1,12.0,100.0,8.7,Free,0.0,Everyone
AH Alarm Panel,TOOLS,3.9,7.0,100.0,0.0791015625,Paid,4.99,Everyone
AH Connect (Adventist Health),HEALTH_AND_FITNESS,3.4,5.0,1000.0,59.0,Free,0.0,Everyone
AH Kollection for KLWP,PERSONALIZATION,4.6,644.0,50000.0,59.0,Free,0.0,Everyone
AH-1 Viper Cobra Ops - helicopter flight simulator,GAME,3.8,1088.0,100000.0,86.0,Free,0.0,Teen
AI Benchmark,TOOLS,4.0,97.0,5000.0,99.0,Free,0.0,Everyone
AI Draw | Art Filter for Selfie,PHOTOGRAPHY,3.0,20.0,1000.0,4.3,Paid,2.99,Everyone
AI Face Beauty Analysis - IntelliFace (Free),BEAUTY,3.1,40.0,10000.0,13.0,Free,0.0,Everyone
AI Sight,PRODUCTIVITY,3.5,43.0,1000.0,48.0,Free,0.0,Everyone
AI Today : Artificial Intelligence News & AI 101,NEWS_AND_MAGAZINES,5.0,43.0,100.0,2.3,Free,0.0,Everyone
AI with Python Tutorial,FAMILY,4.4,8.0,5000.0,3.3,Free,0.0,Everyone
AJ Academy: Amazing Animals,FAMILY,4.5,1564.0,50000.0,35.0,Free,0.0,Everyone
AJ Bell Youinvest,FINANCE,2.8,135.0,10000.0,5.3,Free,0.0,Everyone
AJ Blue Icon Pack,PERSONALIZATION,5.0,4.0,50.0,31.0,Paid,0.99,Everyone
AJ Cam,PHOTOGRAPHY,5.0,44.0,100.0,2.8,Free,0.0,Everyone
AJ Gray Dark Icon Pack,PERSONALIZATION,5.0,2.0,10.0,35.0,Paid,0.99,Everyone
AJ Gray Icon Pack,PERSONALIZATION,4.8,5.0,50.0,35.0,Paid,0.99,Everyone
AJ Jump: Animal Jam Kangaroos!,GAME,4.4,2975.0,50000.0,42.0,Paid,1.99,Everyone
AJ Men's Grooming,LIFESTYLE,5.0,2.0,100.0,22.0,Free,0.0,Everyone
AJ Official,FAMILY,4.6,31.0,500.0,7.3,Free,0.0,Everyone
AJ Percent Off Calculator,SHOPPING,4.4,134.0,10000.0,0.0439453125,Free,0.0,Everyone
AJ Player,VIDEO_PLAYERS,4.8,18.0,100.0,1.7,Free,0.0,Everyone
AJ RETAILS,SHOPPING,5.0,9.0,10.0,0.1650390625,Free,0.0,Everyone
AJ Rafael Music Lessons,FAMILY,5.0,1.0,10.0,8.2,Free,0.0,Everyone
AJ Styles HD Wallpapers,ART_AND_DESIGN,4.8,48.0,5000.0,25.0,Free,0.0,Everyone
AJ Styles Wallpaper 2018 - AJ Styles HD Wallpaper,ART_AND_DESIGN,4.0,18.0,1000.0,3.6,Free,0.0,Everyone
AK 47 Guns Wallpaper,PERSONALIZATION,4.2,322.0,50000.0,6.8,Free,0.0,Everyone
AK 47 Live Wallpaper,PERSONALIZATION,4.1,585.0,50000.0,4.4,Free,0.0,Everyone
AK 47 Lock Screen,PERSONALIZATION,4.6,5.0,500.0,8.8,Free,0.0,Mature 17+
AK Booster,TOOLS,3.8,71.0,10000.0,7.0,Free,0.0,Everyone
AK Interactive,FAMILY,4.3,734.0,10000.0,13.0,Free,0.0,Everyone
AK Lodi Films,VIDEO_PLAYERS,4.9,23.0,100.0,2.1,Free,0.0,Everyone
AK Math Coach,FAMILY,3.6,283.0,50000.0,18.0,Free,0.0,Everyone
AK Phone,COMMUNICATION,4.4,9.0,5000.0,4.2,Free,0.0,Everyone
AK-47 3D,GAME,3.7,91.0,10000.0,24.0,Free,0.0,Everyone
AK-47 Assault Rifle,FAMILY,3.7,165.0,10000.0,25.0,Free,0.0,Teen
AK-47 Sounds,FAMILY,3.9,656.0,500000.0,2.9,Free,0.0,Everyone 10+
AK-47 sounds,FAMILY,3.9,7.0,1000.0,3.8,Free,0.0,Everyone
AK-47: Simulator and Shooting,FAMILY,4.0,345.0,100000.0,14.0,Free,0.0,Everyone 10+
AK47 Assault Rifle,TOOLS,3.9,54.0,10000.0,2.8,Free,0.0,Everyone
AKASO DV,TOOLS,2.4,99.0,10000.0,71.0,Free,0.0,Everyone
AL Voice Recorder,PRODUCTIVITY,3.6,4832.0,1000000.0,2.4,Free,0.0,Everyone
AL.com,NEWS_AND_MAGAZINES,3.4,803.0,50000.0,8.0,Free,0.0,Everyone 10+
AL.com: Alabama Football News,SPORTS,4.5,459.0,10000.0,8.0,Free,0.0,Everyone 10+
ALL-IN-ONE PACKAGE TRACKING,PRODUCTIVITY,4.7,167406.0,1000000.0,18.0,Free,0.0,Everyone
ALPHA - Artificial Intelligence,FAMILY,4.0,51.0,1000.0,3.2,Free,0.0,Everyone
AMBW Dating App: Asian Men Black Women Interracial,DATING,3.5,2.0,100.0,17.0,Paid,7.99,Mature 17+
AMC,FAMILY,3.2,20843.0,1000000.0,14.0,Free,0.0,Teen
AMC Theatres,ENTERTAINMENT,4.3,44550.0,1000000.0,72.0,Free,0.0,Everyone
AND CO,FINANCE,4.5,175.0,10000.0,12.0,Free,0.0,Everyone
AO Player,EVENTS,4.0,9.0,1000.0,3.3,Free,0.0,Everyone
AO Surgery Reference,MEDICAL,4.7,2570.0,100000.0,3.8,Free,0.0,Everyone
AO/OTA Fracture Classification,MEDICAL,4.9,25.0,5000.0,46.0,Free,0.0,Everyone
"AOL - News, Mail & Video",NEWS_AND_MAGAZINES,4.1,62465.0,5000000.0,,Free,0.0,Everyone 10+
AP App for Android™,NEWS_AND_MAGAZINES,3.6,188.0,10000.0,9.9,Free,0.0,Everyone
AP Art History Flashcards,FAMILY,5.0,1.0,10.0,96.0,Paid,29.99,Mature 17+
"AP Biology Prep: Practice Tests, Flashcards",FAMILY,4.6,87.0,10000.0,5.4,Free,0.0,Everyone
AP Biology Study Guide + Quiz,FAMILY,4.4,105.0,10000.0,9.0,Free,0.0,Everyone
AP Calculus BC Practice Test,FAMILY,4.2,4.0,500.0,29.0,Free,0.0,Everyone
AP Calculus BC: Practice Tests and Flashcards,FAMILY,3.6,5.0,1000.0,5.4,Free,0.0,Everyone
AP Chemistry Prep: Practice Tests and Flashcards,FAMILY,4.7,55.0,10000.0,5.4,Free,0.0,Everyone
AP ENPS Mobile,PRODUCTIVITY,4.1,22.0,5000.0,0.5322265625,Free,0.0,Everyone
AP English Language: Practice Tests and Flashcards,FAMILY,4.5,19.0,5000.0,5.4,Free,0.0,Everyone
AP European History: Practice Tests and Flashcards,FAMILY,4.7,7.0,1000.0,5.4,Free,0.0,Everyone
AP Flashcards,FAMILY,3.7,88.0,10000.0,41.0,Free,0.0,Everyone
AP Government Review,FAMILY,4.7,3.0,1000.0,1.5,Paid,2.99,Everyone
AP Installer,TOOLS,4.5,23.0,5000.0,0.2763671875,Free,0.0,Everyone
AP Manager,TOOLS,4.0,177.0,10000.0,2.8,Free,0.0,Everyone
AP Math & Computer Science,FAMILY,3.7,37.0,5000.0,9.5,Free,0.0,Everyone
AP Mobile,FAMILY,4.6,117.0,10000.0,13.0,Free,0.0,Everyone
AP Mobile - Breaking News,NEWS_AND_MAGAZINES,4.5,76677.0,1000000.0,4.6,Free,0.0,Everyone 10+
AP Physics 1 Prep: Practice Tests and Flashcards,FAMILY,4.4,29.0,5000.0,5.3,Free,0.0,Everyone
AP Planner,FAMILY,2.9,45.0,5000.0,1.3,Free,0.0,Everyone
AP Psychology Prep: Practice Tests and Flashcards,FAMILY,4.5,242.0,50000.0,5.4,Free,0.0,Everyone
AP Stamps and Registration,BOOKS_AND_REFERENCE,3.4,82.0,10000.0,2.7,Free,0.0,Everyone
AP Statistics Prep: Practice Tests and Flashcards,FAMILY,4.2,19.0,5000.0,5.4,Free,0.0,Everyone
AP Themes for Kustom/KLWP,PERSONALIZATION,3.6,5.0,500.0,45.0,Paid,1.49,Everyone
AP World History: Practice Tests and Flashcards,FAMILY,4.8,21.0,5000.0,5.4,Free,0.0,Everyone
APE Weather ( Live Forecast),WEATHER,4.3,20008.0,5000000.0,9.1,Free,0.0,Everyone
APN Settings,TOOLS,3.7,3743.0,1000000.0,5.6,Free,0.0,Everyone
APOEL FC,SPORTS,4.6,688.0,10000.0,,Free,0.0,Everyone
APUS Booster - Space Cleaner & Booster,PRODUCTIVITY,4.6,1048766.0,10000000.0,13.0,Free,0.0,Everyone
APUS File Manager (Explorer),TOOLS,4.1,498894.0,50000000.0,10.0,Free,0.0,Everyone
"APUS Launcher - Theme, Wallpaper, Hide Apps",PERSONALIZATION,4.5,5783441.0,100000000.0,14.0,Free,0.0,Everyone
AP® Guide,FAMILY,5.0,3.0,1000.0,2.1,Free,0.0,Everyone
AQ Aspergers Test,MEDICAL,3.9,265.0,10000.0,0.697265625,Free,0.0,Everyone
AQ Ria Retail,FAMILY,5.0,4.0,50.0,52.0,Free,0.0,Everyone
AR Remote Car,FAMILY,3.2,1354.0,100000.0,30.0,Free,0.0,Everyone
AR Sport Cars,FAMILY,3.6,284.0,10000.0,70.0,Free,0.0,Everyone
AR Tank Battle,GAME,3.6,153.0,10000.0,67.0,Free,0.0,Everyone
AR Toybox - Augmented Reality Demos,FAMILY,3.8,20.0,1000.0,36.0,Free,0.0,Everyone
AR Toys: Playground Sandbox | Remote Car,FAMILY,4.5,153.0,10000.0,,Free,0.0,Everyone
AR effect,PHOTOGRAPHY,4.2,79792.0,100000000.0,,Free,0.0,Everyone
ARK: Survival Evolved,GAME,3.8,51523.0,500000.0,36.0,Free,0.0,Teen
ARY NEWS,NEWS_AND_MAGAZINES,4.4,2959.0,1000000.0,9.8,Free,0.0,Everyone
ARY NEWS URDU,NEWS_AND_MAGAZINES,4.4,1071.0,500000.0,9.7,Free,0.0,Everyone
"ARuler - AR Ruler app, Measure tools",TOOLS,4.3,1602.0,100000.0,5.0,Free,0.0,Everyone
AS - News and sports results.,SPORTS,3.7,20879.0,1000000.0,22.0,Free,0.0,Everyone
AS Guía de las Ligas 2017-2018,SPORTS,4.1,4374.0,100000.0,53.0,Free,0.0,Everyone
ASCCP Mobile,MEDICAL,4.5,63.0,10000.0,25.0,Paid,9.99,Everyone
ASOS,SHOPPING,4.7,181823.0,10000000.0,22.0,Free,0.0,Everyone
ASRA Coags,MEDICAL,4.4,15.0,1000.0,5.8,Paid,3.99,Everyone
ASUS Calling Screen,PRODUCTIVITY,4.2,102451.0,10000000.0,,Free,0.0,Everyone
ASUS Cover for ZenFone 2,PERSONALIZATION,4.4,43960.0,10000000.0,9.8,Free,0.0,Everyone
ASUS Gallery,PHOTOGRAPHY,4.3,125259.0,50000000.0,,Free,0.0,Everyone
ASUS PixelMaster Camera,PHOTOGRAPHY,4.4,626366.0,10000000.0,,Free,0.0,Everyone
ASUS Quick Memo,PRODUCTIVITY,4.5,23089.0,10000000.0,1.6,Free,0.0,Everyone
ASUS Sound Recorder,TOOLS,4.5,34126.0,10000000.0,,Free,0.0,Everyone
ASUS SuperNote,PRODUCTIVITY,4.5,26559.0,10000000.0,,Free,0.0,Everyone
AT&T Call Protect,COMMUNICATION,4.2,6454.0,5000000.0,15.0,Free,0.0,Everyone
AT&T Digital Life,LIFESTYLE,4.1,10067.0,1000000.0,,Free,0.0,Everyone
AT&T DriveMode,MAPS_AND_NAVIGATION,3.3,8465.0,10000000.0,8.9,Free,0.0,Everyone
AT&T FamilyMap®,TOOLS,3.5,21592.0,10000000.0,25.0,Free,0.0,Everyone
AT&T Messages for Tablet,COMMUNICATION,3.3,3044.0,1000000.0,,Free,0.0,Everyone
AT&T Mobile Transfer,PRODUCTIVITY,4.6,22775.0,10000000.0,26.0,Free,0.0,Everyone
"AT&T Navigator: Maps, Traffic",TRAVEL_AND_LOCAL,3.6,32862.0,10000000.0,14.0,Free,0.0,Everyone
AT&T Smart Limits℠,LIFESTYLE,3.8,2300.0,10000000.0,,Free,0.0,Everyone
AT&T Smart Wi-Fi,TOOLS,3.9,18513.0,10000000.0,6.1,Free,0.0,Everyone
AT&T THANKS®,FAMILY,3.4,2445.0,500000.0,34.0,Free,0.0,Everyone
AT&T U-verse,FAMILY,3.7,38606.0,1000000.0,96.0,Free,0.0,Everyone
AT&T Visual Voicemail,COMMUNICATION,3.7,13761.0,10000000.0,,Free,0.0,Everyone
ATI Cargoes and Transportation,BUSINESS,4.7,4162.0,100000.0,7.5,Free,0.0,Everyone
AU Call Blocker - Block Unwanted Calls Texts 2018,COMMUNICATION,4.2,16.0,1000.0,3.3,Free,0.0,Everyone
AU Mobile Indonesia,GAME,3.6,16521.0,1000000.0,23.0,Free,0.0,Everyone
AU Results - AU COE Corner,FAMILY,4.0,664.0,100000.0,2.1,Free,0.0,Everyone
AU Results 2017 Auzone,FAMILY,3.8,762.0,100000.0,4.1,Free,0.0,Everyone
AU Spark,FAMILY,3.7,681.0,10000.0,8.2,Free,0.0,Everyone
AU Students Zone (Result 2016),FAMILY,4.0,97.0,10000.0,3.9,Free,0.0,Everyone
AV Buddy Free,FAMILY,4.1,25.0,5000.0,47.0,Free,0.0,Everyone
AV HD Video Player,FAMILY,3.8,6.0,1000.0,23.0,Free,0.0,Everyone
AV High School District,FAMILY,3.5,91.0,10000.0,25.0,Free,0.0,Everyone
AV MAX,LIFESTYLE,4.1,9.0,1000.0,8.7,Free,0.0,Everyone
AV Phonetics,FAMILY,4.3,259.0,10000.0,49.0,Free,0.0,Everyone
AV Pro Voice Changer,FAMILY,3.5,174.0,50000.0,5.6,Free,0.0,Everyone
AV Tools,TOOLS,4.4,631.0,100000.0,,Free,0.0,Everyone
AV Tools Pro,TOOLS,4.3,35.0,1000.0,,Paid,2.49,Everyone
AV-IPTV,VIDEO_PLAYERS,4.4,43.0,1000.0,44.0,Free,0.0,Everyone
AVG AntiVirus 2018 for Android Security,TOOLS,4.5,6207063.0,100000000.0,,Free,0.0,Everyone
"AVG Cleaner – Speed, Battery & Memory Booster",PRODUCTIVITY,4.4,1188154.0,10000000.0,24.0,Free,0.0,Everyone
AW - Le News di AndroidWorld,NEWS_AND_MAGAZINES,4.1,2808.0,100000.0,,Free,0.0,Everyone
AW - free video calls and chat,COMMUNICATION,4.0,7317.0,1000000.0,,Free,0.0,Teen
AW Browser with Chrome Custom Tabs,TOOLS,4.0,9.0,500.0,4.7,Free,0.0,Everyone
AW Reader: news & apps [Dutch],NEWS_AND_MAGAZINES,4.1,1948.0,100000.0,,Free,0.0,Everyone
AW Screen Recorder No Root,VIDEO_PLAYERS,4.3,1659.0,100000.0,3.7,Free,0.0,Everyone
AW TeamUp,NEWS_AND_MAGAZINES,4.6,9.0,500.0,17.0,Free,0.0,Everyone
AW Tozer Devotionals - Daily,BOOKS_AND_REFERENCE,4.2,8.0,5000.0,3.9,Free,0.0,Everyone
AW Training,FAMILY,4.6,11.0,1000.0,17.0,Free,0.0,Everyone
AX Battery Saver,FINANCE,4.6,4546.0,100000.0,3.0,Free,0.0,Everyone
AX Player -Nougat Video Player,VIDEO_PLAYERS,4.1,15765.0,1000000.0,10.0,Free,0.0,Everyone
AX Selfie,LIFESTYLE,4.6,10.0,500.0,3.4,Free,0.0,Everyone
AX Video Player,VIDEO_PLAYERS,4.4,569.0,50000.0,2.6,Free,0.0,Everyone
AXE.IO - Brutal Survival Battleground,GAME,4.2,3845.0,500000.0,76.0,Free,0.0,Everyone 10+
"AY Recorder - Screen Recorder, Live, Video Editor",TOOLS,4.3,12.0,500.0,3.8,Free,0.0,Everyone
AY Sing,BOOKS_AND_REFERENCE,4.8,111.0,5000.0,10.0,Free,0.0,Everyone
AZ Browser. Private & Download,COMMUNICATION,4.4,1520.0,100000.0,5.2,Free,0.0,Everyone
AZ Camera - Manual Pro Cam,PHOTOGRAPHY,3.4,2332.0,100000.0,1.6,Free,0.0,Everyone
AZ Immune Related AEManagement,MEDICAL,3.7,3.0,500.0,7.3,Free,0.0,Everyone
AZ Lottery Players Club,FAMILY,4.2,97.0,10000.0,8.9,Free,0.0,Everyone
AZ Mobile Gizmo,BUSINESS,4.4,16.0,1000.0,3.7,Free,0.0,Everyone
AZ PLAYER HD,TOOLS,3.2,24.0,10000.0,4.7,Free,0.0,Everyone
AZ Plugin 2 (newest),LIBRARIES_AND_DEMO,4.2,11087.0,1000000.0,34.0,Free,0.0,Everyone
AZ Practice Test & Questions,FAMILY,4.4,13.0,1000.0,3.4,Free,0.0,Everyone
AZ REMOTE CONTROL,TOOLS,2.1,149.0,50000.0,2.8,Free,0.0,Everyone
AZ Rockets,GAME,4.2,162.0,10000.0,37.0,Free,0.0,Everyone
AZ Screen Recorder - No Root,VIDEO_PLAYERS,4.6,751911.0,10000000.0,,Free,0.0,Everyone
AZ Screen Recorder pro,TOOLS,4.0,60.0,5000.0,3.7,Free,0.0,Everyone
Aab e Hayat Full Novel,BOOKS_AND_REFERENCE,4.3,1476.0,100000.0,41.0,Free,0.0,Everyone
Aaj Bangla: ei samay er khobor,NEWS_AND_MAGAZINES,4.9,34.0,1000.0,3.8,Free,0.0,Everyone
Ab Workouts,HEALTH_AND_FITNESS,4.1,27501.0,1000000.0,7.0,Free,0.0,Everyone
Ab Workouts - Ab Generator,HEALTH_AND_FITNESS,4.7,21.0,1000.0,3.8,Free,0.0,Everyone
Abs Training-Burn belly fat,HEALTH_AND_FITNESS,4.7,2071.0,100000.0,6.9,Free,0.0,Everyone
Abs Workout - 30 Days Fitness App for Six Pack Abs,HEALTH_AND_FITNESS,4.6,299.0,100000.0,11.0,Free,0.0,Everyone
Abs Workout - Burn Belly Fat with No Equipment,HEALTH_AND_FITNESS,4.8,69279.0,10000000.0,10.0,Free,0.0,Everyone
Abs workout - 21 Day Fitness Challenge,HEALTH_AND_FITNESS,4.8,18604.0,1000000.0,15.0,Free,0.0,Everyone
Abs workout 7 minutes,HEALTH_AND_FITNESS,4.6,37224.0,1000000.0,,Free,0.0,Everyone
"Abs, Core & Back Workout Challenge",HEALTH_AND_FITNESS,4.8,3908.0,100000.0,33.0,Free,0.0,Everyone
Absolute RC Heli Simulator,SPORTS,3.9,654.0,10000.0,50.0,Paid,4.99,Everyone
Ac remote control,TOOLS,3.7,822.0,50000.0,5.0,Free,0.0,Everyone
AcDisplay,PERSONALIZATION,4.1,66473.0,1000000.0,3.0,Free,0.0,Everyone
Access Point Browser,TOOLS,4.2,25.0,1000.0,2.5,Free,0.0,Everyone
Access Point Finder,LIFESTYLE,4.0,22.0,10000.0,2.5,Free,0.0,Everyone
Access Point Names,COMMUNICATION,4.0,138.0,10000.0,2.4,Free,0.0,Everyone
Account Class-11 Solutions (D K Goel),FAMILY,4.5,663.0,50000.0,25.0,Free,0.0,Everyone
Account Class-12 Solutions (D K Goel) Vol-1,FAMILY,4.4,708.0,50000.0,33.0,Free,0.0,Everyone
Account Class-12 Solutions (D K Goel) Vol-2,FAMILY,4.6,124.0,10000.0,23.0,Free,0.0,Everyone
Account Manager,TOOLS,4.1,76604.0,100000000.0,,Free,0.0,Everyone
Accounting App - Zoho Books,BUSINESS,4.5,3079.0,100000.0,8.5,Free,0.0,Everyone
Accounting Quiz (AQ) Malaysia,FAMILY,5.0,25.0,1000.0,,Free,0.0,Everyone
AccuWeather: Daily Forecast & Live Weather Reports,WEATHER,4.4,2053404.0,50000000.0,,Free,0.0,Everyone
Ace Screen Recorder w facecam,TOOLS,4.2,2447.0,100000.0,2.5,Free,0.0,Everyone
Acorn TV: World-class TV from Britain and Beyond,ENTERTAINMENT,3.0,493.0,50000.0,23.0,Free,0.0,Everyone
Acorns - Invest Spare Change,FINANCE,4.3,45962.0,1000000.0,,Free,0.0,Everyone
Across Age DX,FAMILY,3.8,5964.0,500000.0,48.0,Free,0.0,Teen
ActionDirector Video Editor - Edit Videos Fast,VIDEO_PLAYERS,4.5,74531.0,5000000.0,32.0,Free,0.0,Everyone
Active Soccer 2 DX,SPORTS,3.6,28.0,500.0,48.0,Paid,2.99,Everyone
Acupuncture Assistant,MEDICAL,4.5,492.0,10000.0,39.0,Paid,7.99,Everyone
Ad Block REMOVER - NEED ROOT,TOOLS,3.3,999.0,100000.0,0.0888671875,Free,0.0,Everyone
Ad Blocker Turbo - Adblocker Browser,COMMUNICATION,3.9,107.0,10000.0,44.0,Free,0.0,Everyone
Ad Detect Plugin - Handy Tool,PRODUCTIVITY,3.8,5107.0,500000.0,1.4,Free,0.0,Everyone
Ad Detector,TOOLS,3.8,208.0,50000.0,0.712890625,Free,0.0,Everyone
Ad Removal: thereisonlywe,PRODUCTIVITY,3.4,16.0,100.0,0.2861328125,Paid,6.49,Everyone
Ad Remove Plugin for App2SD,PRODUCTIVITY,4.1,66.0,1000.0,0.0166015625,Paid,1.29,Everyone
Ad-free Triangle Solver,FAMILY,4.5,118.0,10000.0,24.0,Free,0.0,Everyone
AdClear Ad blocker for Samsung,TOOLS,4.2,1586.0,500000.0,1.5,Free,0.0,Everyone
AdWords Express,BUSINESS,4.1,7149.0,1000000.0,11.0,Free,0.0,Everyone
Ada - Your Health Guide,MEDICAL,4.7,87418.0,1000000.0,14.0,Free,0.0,Everyone
Adblock Browser for Android,COMMUNICATION,4.1,121113.0,10000000.0,39.0,Free,0.0,Everyone
Adblock Fast,PRODUCTIVITY,4.1,9914.0,1000000.0,3.2,Free,0.0,Everyone
Adblock Plus for Samsung Internet - Browse safe.,COMMUNICATION,4.0,8769.0,1000000.0,2.1,Free,0.0,Everyone
Add Text To Photo,PHOTOGRAPHY,4.1,21578.0,1000000.0,1.6,Free,0.0,Everyone
Add Watermark Free,PHOTOGRAPHY,4.3,18325.0,1000000.0,,Free,0.0,Everyone
Add-On: Alcatel (h),PRODUCTIVITY,4.5,107.0,50000.0,1.2,Free,0.0,Everyone
Add-On: bq (a),PRODUCTIVITY,3.6,26.0,5000.0,1.2,Free,0.0,Everyone
Adguard Content Blocker,TOOLS,4.1,14491.0,1000000.0,4.3,Free,0.0,Everyone
Adivina el cantante de Trap y Reggaeton,GAME,4.5,1914.0,100000.0,24.0,Free,0.0,Everyone
Adobe Acrobat Reader,PRODUCTIVITY,4.3,3016305.0,100000000.0,,Free,0.0,Everyone
Adobe Fill & Sign: Easy PDF Form Filler,PRODUCTIVITY,4.3,11402.0,1000000.0,5.3,Free,0.0,Everyone
Adobe Illustrator Draw,PHOTOGRAPHY,4.4,65766.0,5000000.0,,Free,0.0,Everyone
Adobe Photoshop Express:Photo Editor Collage Maker,PHOTOGRAPHY,4.2,914917.0,50000000.0,,Free,0.0,Everyone
Adobe Photoshop Fix,PHOTOGRAPHY,4.2,28390.0,5000000.0,38.0,Free,0.0,Everyone
Adobe Premiere Clip,VIDEO_PLAYERS,3.9,39495.0,5000000.0,59.0,Free,0.0,Everyone
Adult Color By Number Book: Number Coloring Pages,FAMILY,4.2,2231.0,500000.0,37.0,Free,0.0,Everyone
Adult Color by Number Book - Paint Mandala Pages,FAMILY,4.3,997.0,100000.0,,Free,0.0,Everyone
Adult Dating - AdultFinder,DATING,3.3,1601.0,500000.0,3.8,Free,0.0,Mature 17+
Adult Dirty Emojis,DATING,2.8,80.0,10000.0,5.5,Free,0.0,Teen
Adult Glitter Color by Number Book - Sandbox Pages,ENTERTAINMENT,4.3,8918.0,1000000.0,,Free,0.0,Everyone
Advanced Download Manager,TOOLS,4.5,569727.0,10000000.0,,Free,0.0,Everyone
Advanced Download Manager Holo,TOOLS,4.4,16192.0,1000000.0,1.6,Free,0.0,Everyone
Advanced Download Manager Pro,TOOLS,4.7,6505.0,50000.0,2.0,Paid,2.99,Everyone
Advanced EX for FIAT,TOOLS,3.5,138.0,5000.0,0.1376953125,Paid,4.99,Everyone
Advanced EX for HYUNDAI,TOOLS,2.7,168.0,5000.0,0.166015625,Paid,4.99,Everyone
Advanced EX for KIA,TOOLS,3.3,257.0,5000.0,0.15625,Paid,4.99,Everyone
Advanced EX for MITSUBISHI,TOOLS,2.9,33.0,1000.0,0.1376953125,Paid,4.99,Everyone
Advanced EX for NISSAN,TOOLS,2.9,164.0,5000.0,0.140625,Paid,4.99,Everyone
Advanced EX for RENAULT,TOOLS,2.8,130.0,5000.0,0.1396484375,Paid,4.99,Everyone
Advanced Task Killer,PRODUCTIVITY,4.4,577059.0,50000000.0,1.5,Free,0.0,Everyone
Advanced Warfare Guns,FAMILY,2.9,2079.0,100000.0,5.6,Free,0.0,Everyone
Advanced calculator fx 991 es plus & 991 ms plus,FAMILY,4.7,7252.0,500000.0,9.2,Free,0.0,Everyone
Adventure Quest World Mobile Quiz,FAMILY,4.6,28.0,500.0,26.0,Free,0.0,Everyone
Adventure Time Game Wizard,GAME,4.1,4107.0,50000.0,40.0,Paid,4.99,Everyone
Adventure Time Run,GAME,4.3,24628.0,1000000.0,88.0,Free,0.0,Everyone
Adventure Xpress,FAMILY,4.2,24775.0,100000.0,30.0,Free,0.0,Everyone 10+
AdventureQuest 3D MMO,FAMILY,4.3,22667.0,1000000.0,35.0,Free,0.0,Teen
AdventureQuest Dragons,FAMILY,3.9,10114.0,100000.0,48.0,Free,0.0,Everyone
Ae Allah na Dai (Rasa),BOOKS_AND_REFERENCE,4.7,263.0,10000.0,9.1,Free,0.0,Everyone
Aegis BT,BUSINESS,4.8,16.0,500.0,4.5,Free,0.0,Everyone
AfreecaTV,VIDEO_PLAYERS,3.3,381023.0,10000000.0,53.0,Free,0.0,Everyone
AfterFocus,PHOTOGRAPHY,4.2,165224.0,10000000.0,15.0,Free,0.0,Everyone
Afterlight,PHOTOGRAPHY,4.3,50893.0,1000000.0,35.0,Free,0.0,Everyone
Ag PhD Deficiencies,BOOKS_AND_REFERENCE,3.9,20.0,10000.0,9.7,Free,0.0,Everyone
Ag PhD Field Guide,BOOKS_AND_REFERENCE,4.1,114.0,10000.0,6.3,Free,0.0,Everyone
Ag PhD Soils,PRODUCTIVITY,2.3,3.0,1000.0,16.0,Free,0.0,Everyone
Ag Valley Cooperative,BUSINESS,5.0,6.0,500.0,74.0,Free,0.0,Everyone
Agar.io,GAME,4.2,3816799.0,100000000.0,32.0,Free,0.0,Everyone
Age Calculator,TOOLS,4.4,24265.0,1000000.0,3.3,Free,0.0,Everyone
Age of AI: War Strategy,FAMILY,4.6,71.0,500.0,5.7,Paid,2.49,Everyone
Age of Conquest: N. America,FAMILY,4.5,659.0,10000.0,3.3,Paid,3.99,Everyone
Age of Procreation DX,FAMILY,4.3,1894.0,100000.0,40.0,Free,0.0,Mature 17+
Agenda EF,FAMILY,3.4,79.0,5000.0,33.0,Free,0.0,Everyone
Agent HQ for The Division,FAMILY,4.1,1060.0,100000.0,2.5,Free,0.0,Everyone
Agoda – Hotel Booking Deals,TRAVEL_AND_LOCAL,4.6,263525.0,10000000.0,,Free,0.0,Everyone
Ah! Bird,SPORTS,3.5,1689.0,100000.0,5.7,Free,0.0,Everyone
Ah! Coins,GAME,3.4,256.0,50000.0,9.1,Free,0.0,Everyone
Ah! Cutie,FAMILY,3.9,536.0,10000.0,10.0,Free,0.0,Everyone
Ah! Monster,FAMILY,4.1,1998.0,100000.0,9.8,Free,0.0,Everyone
Ai File Viewer,TOOLS,4.0,66.0,10000.0,,Free,0.0,Everyone
Ai illustrator viewer,ART_AND_DESIGN,3.4,486.0,100000.0,5.9,Free,0.0,Everyone
Ai-Ball AV Recorder,PHOTOGRAPHY,2.7,90.0,5000.0,4.0,Paid,2.99,Everyone
Air Conditioner Maintenance,PRODUCTIVITY,4.0,11.0,5000.0,0.21484375,Free,0.0,Everyone
Air Traffic,MAPS_AND_NAVIGATION,4.3,14110.0,1000000.0,6.8,Free,0.0,Everyone
Air Transat CinePlus B,TRAVEL_AND_LOCAL,2.2,83.0,50000.0,6.7,Free,0.0,Everyone
Air conditioner remote control,TOOLS,3.4,29854.0,1000000.0,5.0,Free,0.0,Everyone
AirAsia,TRAVEL_AND_LOCAL,3.9,98585.0,10000000.0,37.0,Free,0.0,Everyone
AirWatch Agent,BUSINESS,3.1,20973.0,5000000.0,31.0,Free,0.0,Everyone
AirWatch Inbox,BUSINESS,2.7,8346.0,1000000.0,,Free,0.0,Everyone
Airbnb,TRAVEL_AND_LOCAL,4.4,359560.0,10000000.0,,Free,0.0,Everyone
Airplane Fly Hawaii,FAMILY,4.1,83427.0,1000000.0,16.0,Free,0.0,Everyone
Airplane Pilot Car Transporter,FAMILY,4.1,182363.0,10000000.0,62.0,Free,0.0,Everyone
Airport + Flight Tracker Radar,TRAVEL_AND_LOCAL,4.2,6762.0,1000000.0,8.5,Free,0.0,Everyone
Airway Ex - Intubate. Anesthetize. Train.,MEDICAL,4.3,123.0,10000.0,86.0,Free,0.0,Everyone
Akinator,FAMILY,4.3,1805398.0,50000000.0,55.0,Free,0.0,Teen
Al Jazeera English,NEWS_AND_MAGAZINES,4.1,24456.0,1000000.0,,Free,0.0,Everyone
Al Mayadeen,NEWS_AND_MAGAZINES,4.7,13620.0,500000.0,9.0,Free,0.0,Everyone
Al Quran (Tafsir & by Word),BOOKS_AND_REFERENCE,4.8,57400.0,500000.0,14.0,Free,0.0,Everyone
Al Quran : EAlim - Translations & MP3 Offline,BOOKS_AND_REFERENCE,4.5,96419.0,5000000.0,,Free,0.0,Everyone
Al Quran Al karim,BOOKS_AND_REFERENCE,4.6,41608.0,1000000.0,49.0,Free,0.0,Everyone
Al Quran Audio (Full 30 Juz),FAMILY,4.7,7878.0,1000000.0,3.6,Free,0.0,Everyone
Al Quran Free - القرآن (Islam),BOOKS_AND_REFERENCE,4.7,1777.0,50000.0,23.0,Free,0.0,Everyone
Al Quran Indonesia,BOOKS_AND_REFERENCE,4.8,445756.0,10000000.0,16.0,Free,0.0,Everyone
Al Quran MP3 - Quran Reading®,FAMILY,4.7,47463.0,1000000.0,22.0,Free,0.0,Everyone
Al jazeera TV,FAMILY,4.6,9952.0,100000.0,3.7,Free,0.0,Teen
Al'Quran Bahasa Indonesia,BOOKS_AND_REFERENCE,4.6,361780.0,10000000.0,9.7,Free,0.0,Everyone
Al'Quran Bahasa Indonesia PRO,BOOKS_AND_REFERENCE,4.7,1340.0,10000.0,11.0,Paid,4.49,Everyone
Al-Moazin Lite (Prayer Times),LIFESTYLE,4.6,284670.0,10000000.0,,Free,0.0,Everyone
Al-Muhaffiz,BOOKS_AND_REFERENCE,4.7,2319.0,50000.0,27.0,Free,0.0,Everyone
Al-Quran (Free),BOOKS_AND_REFERENCE,4.6,218451.0,10000000.0,4.7,Free,0.0,Everyone
Al-Quran 30 Juz free copies,BOOKS_AND_REFERENCE,4.5,12322.0,500000.0,27.0,Free,0.0,Everyone
Al-Quran Ahmad Saud Offline,FAMILY,4.7,7116.0,100000.0,40.0,Free,0.0,Everyone
Al-Quran Al-Muallim,FAMILY,4.5,199.0,10000.0,0.259765625,Free,0.0,Everyone
AlReader -any text book reader,BOOKS_AND_REFERENCE,4.6,90468.0,5000000.0,5.9,Free,0.0,Everyone
Alabama DMV Permit Test - AL,FAMILY,4.3,218.0,10000.0,29.0,Free,0.0,Everyone
Alabama Gameday Live,SPORTS,4.7,19.0,1000.0,12.0,Free,0.0,Everyone
Alabama Road Trips,TRAVEL_AND_LOCAL,4.4,71.0,10000.0,28.0,Free,0.0,Everyone
Alachua County Sheriff FL,LIFESTYLE,3.2,5.0,100.0,9.5,Free,0.0,Everyone
Alarm Clock,TOOLS,4.3,114788.0,5000000.0,,Free,0.0,Everyone
Alarm Clock Free,TOOLS,4.0,59973.0,10000000.0,11.0,Free,0.0,Everyone
Alarm Clock Plus★,LIFESTYLE,4.4,155693.0,5000000.0,,Free,0.0,Everyone
Alarm Clock: Stopwatch & Timer,PRODUCTIVITY,4.5,870928.0,50000000.0,16.0,Free,0.0,Everyone
Alarm.fo – choose your info,SOCIAL,4.4,19.0,1000.0,3.1,Free,0.0,Everyone
Alarmy (Sleep If U Can) - Pro,LIFESTYLE,4.8,10249.0,10000.0,,Paid,2.49,Everyone
Alba Heaven - Alvarez Job Portal Services,BUSINESS,4.0,8941.0,5000000.0,12.0,Free,0.0,Everyone
Alchemy Classic Ad Free,FAMILY,4.6,20178.0,100000.0,9.0,Free,0.0,Everyone
Aldiko Book Reader,BOOKS_AND_REFERENCE,4.2,210534.0,10000000.0,22.0,Free,0.0,Everyone
Alex Fuel Calculator for EK,TOOLS,4.9,19.0,500.0,3.3,Free,0.0,Everyone
Alfa-Bank (Alfa-Bank),FINANCE,4.0,44545.0,1000000.0,,Free,0.0,Everyone
Alfred Home Security Camera,HOUSE_AND_HOME,4.5,103305.0,5000000.0,,Free,0.0,Everyone
"AliExpress - Smarter Shopping, Better Living",SHOPPING,4.6,5917485.0,100000000.0,,Free,0.0,Teen
Alif Ba Ta Song - Arabic Kids,FAMILY,4.5,227.0,50000.0,15.0,Free,0.0,Everyone
Alipay,FINANCE,3.4,42497.0,1000000.0,61.0,Free,0.0,Teen
"Alizay, pirate girl",FAMILY,4.5,197.0,1000.0,11.0,Paid,2.99,Everyone
All C Programs,FAMILY,4.7,2387.0,100000.0,6.9,Free,0.0,Everyone
All Email Providers,COMMUNICATION,4.1,20901.0,1000000.0,7.3,Free,0.0,Everyone
All Events in City,EVENTS,4.0,3782.0,100000.0,9.5,Free,0.0,Everyone
All Football - Latest News & Videos,SPORTS,4.6,152867.0,10000000.0,17.0,Free,0.0,Everyone
"All Football GO- Live Score, Games",SPORTS,4.6,1981.0,100000.0,10.0,Free,0.0,Everyone
All Info about Cg,FAMILY,4.7,15.0,1000.0,4.1,Free,0.0,Teen
All Language Translator,TOOLS,4.0,29944.0,5000000.0,2.1,Free,0.0,Everyone
All Language Translator Free,BOOKS_AND_REFERENCE,4.4,30105.0,1000000.0,2.1,Free,0.0,Everyone
All Maths Formulas,BOOKS_AND_REFERENCE,4.4,2709.0,1000000.0,6.8,Free,0.0,Everyone
All Mental disorders,MEDICAL,4.5,453.0,100000.0,11.0,Free,0.0,Everyone
All Social Networks,SOCIAL,4.2,22650.0,1000000.0,1.5,Free,0.0,Everyone
All States Ag Parts,SHOPPING,4.7,68.0,10000.0,6.5,Free,0.0,Everyone
All Type Ac Repair & Services,LIFESTYLE,4.3,45.0,10000.0,2.2,Free,0.0,Everyone
All Type DP,FAMILY,4.3,1853.0,500000.0,5.8,Free,0.0,Everyone
All Types DP & Status Maker,PHOTOGRAPHY,4.5,16.0,1000.0,14.0,Free,0.0,Teen
All Video Downloader,VIDEO_PLAYERS,3.8,165723.0,10000000.0,1.6,Free,0.0,Everyone
All Video Downloader 2018,VIDEO_PLAYERS,4.3,7557.0,1000000.0,5.6,Free,0.0,Everyone
All of the parking lot - National Park application (parking lot search / parking sharing / discount payment),AUTO_AND_VEHICLES,4.0,1754.0,500000.0,14.0,Free,0.0,Everyone
"All-In-One Toolbox: Cleaner, Booster, App Manager",PRODUCTIVITY,4.7,536926.0,10000000.0,,Free,0.0,Everyone
All-in-One Mahjong 3,FAMILY,4.4,38.0,100.0,16.0,Paid,0.99,Everyone
All-in-One Mahjong 3 FREE,FAMILY,4.5,566.0,50000.0,17.0,Free,0.0,Everyone
"AllTrails: Hiking, Running & Mountain Bike Trails",HEALTH_AND_FITNESS,4.3,16943.0,1000000.0,32.0,Free,0.0,Everyone
Allegiant,TRAVEL_AND_LOCAL,3.1,5572.0,1000000.0,21.0,Free,0.0,Everyone
Allrecipes Dinner Spinner,FOOD_AND_DRINK,4.5,61881.0,5000000.0,,Free,0.0,Everyone
Allsetra B.V.,BUSINESS,4.1,15.0,1000.0,24.0,Free,0.0,Everyone
Alopec - Online Shipping System,MAPS_AND_NAVIGATION,4.3,1240.0,100000.0,14.0,Free,0.0,Everyone
Alpha Bank CY,FINANCE,4.7,39.0,1000.0,20.0,Free,0.0,Everyone
"Alphabet ""H"" Passcode Lock Screen",PERSONALIZATION,4.5,2.0,100.0,3.0,Free,0.0,Everyone
Alphabet A-Z,FAMILY,3.9,306.0,100000.0,,Free,0.0,Everyone
Alt-C,PRODUCTIVITY,4.0,499.0,10000.0,4.7,Free,0.0,Everyone
Alto's Adventure,GAME,4.6,515657.0,10000000.0,63.0,Free,0.0,Everyone
Alzashop.com,SHOPPING,4.5,32014.0,500000.0,18.0,Free,0.0,Everyone
Amazing CG Backgrounds,FAMILY,4.2,34.0,1000.0,4.0,Free,0.0,Everyone
Amazing Fart Sounds,FAMILY,4.0,28136.0,5000000.0,,Free,0.0,Everyone
Amazon Drive,PRODUCTIVITY,4.4,18669.0,1000000.0,4.1,Free,0.0,Everyone
"Amazon FreeTime – Kids’ Videos, Books, & TV shows",PARENTING,4.2,2715.0,500000.0,24.0,Free,0.0,Everyone
Amazon Kindle,BOOKS_AND_REFERENCE,4.2,814151.0,100000000.0,,Free,0.0,Teen
Amazon Prime Video,ENTERTAINMENT,4.2,411683.0,50000000.0,24.0,Free,0.0,Teen
Amazon Shopping,SHOPPING,4.3,909226.0,100000000.0,42.0,Free,0.0,Teen
Amazon for Tablets,SHOPPING,4.0,141613.0,10000000.0,22.0,Free,0.0,Teen
Amber Weather,WEATHER,4.4,260137.0,10000000.0,13.0,Free,0.0,Everyone 10+
Ambulance Rescue Simulator 17,FAMILY,4.3,6669.0,1000000.0,31.0,Free,0.0,Everyone
Ambulance Simulator 3D,FAMILY,3.9,29415.0,1000000.0,66.0,Free,0.0,Mature 17+
American Airlines,TRAVEL_AND_LOCAL,3.7,16980.0,5000000.0,,Free,0.0,Everyone
American Girls Mobile Numbers,DATING,5.0,5.0,1000.0,4.4,Free,0.0,Mature 17+
American Muscle Car Race,AUTO_AND_VEHICLES,3.9,129.0,100000.0,35.0,Free,0.0,Everyone
American Sniper City Fight Shooting Assassin,GAME,4.1,395.0,50000.0,54.0,Free,0.0,Teen
Amex Mobile,FINANCE,4.3,24729.0,1000000.0,32.0,Free,0.0,Everyone
Amino: Communities and Chats,SOCIAL,4.8,1264084.0,10000000.0,62.0,Free,0.0,Teen
Amtrak,TRAVEL_AND_LOCAL,3.7,16815.0,1000000.0,28.0,Free,0.0,Everyone
An Elite Warrior Ex,GAME,4.7,15.0,100.0,93.0,Paid,0.99,Everyone
Analog Clock AW Plus-7,TOOLS,4.2,725.0,100000.0,3.0,Free,0.0,Everyone
Analog Clock AW-7,TOOLS,4.3,2158.0,100000.0,3.0,Free,0.0,Everyone
Analog Clock AW-7 PRO,TOOLS,3.3,40.0,1000.0,2.7,Paid,1.99,Everyone
Analog and Digital Clock AW-7,TOOLS,4.0,202.0,50000.0,2.9,Free,0.0,Everyone
Anatomy & Physiology Vocabulary Exam Review App,MEDICAL,5.0,1.0,5.0,4.6,Free,0.0,Everyone
Anatomy Learning - 3D Atlas,MEDICAL,4.5,72167.0,1000000.0,16.0,Free,0.0,Everyone
AnatomyMapp,MEDICAL,4.1,80.0,5000.0,48.0,Paid,14.99,Everyone
Ancestry,BOOKS_AND_REFERENCE,4.3,64513.0,5000000.0,,Free,0.0,Everyone
AndStream - Streaming Download,VIDEO_PLAYERS,4.3,38607.0,1000000.0,2.9,Free,0.0,Everyone
AndroZip™ FREE File Manager,PRODUCTIVITY,4.2,277794.0,10000000.0,,Free,0.0,Everyone
"Android Auto - Maps, Media, Messaging & Voice",AUTO_AND_VEHICLES,4.2,271920.0,10000000.0,16.0,Free,0.0,Teen
Android Messages,COMMUNICATION,4.2,781810.0,100000000.0,,Free,0.0,Everyone
Android P 9.0,PERSONALIZATION,3.0,12.0,500.0,4.9,Free,0.0,Everyone
Android P Launcher 9.0 launcher,TOOLS,4.0,164.0,10000.0,2.3,Free,0.0,Everyone
Android P Rotation,TOOLS,4.5,502.0,10000.0,2.0,Free,0.0,Everyone
Android P Stock Wallpapers,PERSONALIZATION,4.5,16.0,1000.0,3.7,Free,0.0,Everyone
Android P Style Icon Pack,PERSONALIZATION,5.0,1.0,100.0,60.0,Paid,0.99,Everyone
Android P Wallpapers,PERSONALIZATION,3.6,53.0,5000.0,2.0,Free,0.0,Everyone
Android P | Xperia™ Theme 4800+ icons,PERSONALIZATION,4.6,29.0,100.0,39.0,Paid,1.99,Everyone
Android-P Mono Grey EMUI 8/5 Theme,PERSONALIZATION,4.5,61.0,10000.0,7.5,Free,0.0,Everyone
Angelo Rules - Crazy day,GAME,3.9,108336.0,1000000.0,62.0,Free,0.0,Everyone
Anger of stick 5 : zombie,GAME,4.5,549039.0,50000000.0,23.0,Free,0.0,Teen
Angry Birds 2,GAME,4.6,3883589.0,100000000.0,57.0,Free,0.0,Everyone
Angry Birds Blast,FAMILY,4.6,253115.0,10000000.0,99.0,Free,0.0,Everyone
Angry Birds Classic,GAME,4.4,5566908.0,100000000.0,97.0,Free,0.0,Everyone
Angry Birds Epic RPG,FAMILY,4.5,2634605.0,10000000.0,63.0,Free,0.0,Everyone
Angry Birds Evolution,FAMILY,4.5,384602.0,10000000.0,88.0,Free,0.0,Everyone
Angry Birds Friends,GAME,4.2,829753.0,50000000.0,48.0,Free,0.0,Everyone
Angry Birds Go!,GAME,4.2,3846378.0,50000000.0,82.0,Free,0.0,Everyone
Angry Birds Match,FAMILY,4.7,227401.0,5000000.0,91.0,Free,0.0,Everyone
Angry Birds POP Bubble Shooter,FAMILY,4.5,596628.0,10000000.0,99.0,Free,0.0,Everyone
Angry Birds Rio,GAME,4.4,2610680.0,100000000.0,46.0,Free,0.0,Everyone
Angry Birds Space HD,GAME,4.5,43645.0,5000000.0,46.0,Free,0.0,Everyone
Angry Birds Star Wars,GAME,4.3,1218055.0,100000000.0,45.0,Free,0.0,Everyone
Angry Shark 2016,FAMILY,4.0,73185.0,5000000.0,46.0,Free,0.0,Teen
Animal Jam - Play Wild!,FAMILY,4.6,361970.0,5000000.0,58.0,Free,0.0,Everyone
Animal Planet GO,ENTERTAINMENT,4.2,2442.0,100000.0,9.6,Free,0.0,Teen
Animated Photo Editor,ART_AND_DESIGN,4.1,203.0,100000.0,6.1,Free,0.0,Everyone
Anime Avatar Creator: Make Your Own Avatar,LIFESTYLE,4.2,10944.0,1000000.0,36.0,Free,0.0,Everyone
Anime Expo 2018,FAMILY,4.7,54.0,10000.0,44.0,Free,0.0,Everyone
Anime Love Story Games: ✨Shadowtime✨,FAMILY,4.7,198480.0,5000000.0,82.0,Free,0.0,Everyone
Anime Manga Coloring Book,ART_AND_DESIGN,4.5,5035.0,100000.0,11.0,Free,0.0,Everyone
Anime X Wallpaper,PERSONALIZATION,4.7,32613.0,1000000.0,3.2,Free,0.0,Everyone
Anime et Manga Amino en Français,SOCIAL,4.8,3782.0,50000.0,63.0,Free,0.0,Teen
Ankle Surgery ER Emergency,FAMILY,3.3,10449.0,1000000.0,29.0,Free,0.0,Teen
Anna.K Tarot,FAMILY,4.8,17.0,100.0,23.0,Paid,3.99,Mature 17+
Anno: Build an Empire,FAMILY,3.5,33944.0,1000000.0,28.0,Free,0.0,Everyone 10+
Ant Smasher by Best Cool & Fun Games,GAME,4.2,1185148.0,100000000.0,29.0,Free,0.0,Everyone
Antenna Tool,TOOLS,4.2,522.0,50000.0,2.9,Free,0.0,Everyone
Antenna Tool Premium,TOOLS,4.5,14.0,500.0,2.9,Paid,0.99,Everyone
AntennaPict β,COMMUNICATION,4.3,15439.0,1000000.0,2.2,Free,0.0,Everyone
Anthem Anywhere,MEDICAL,2.7,2657.0,500000.0,24.0,Free,0.0,Everyone
Anthem BC Anywhere,MEDICAL,2.6,496.0,100000.0,24.0,Free,0.0,Everyone
Anti Adware,TOOLS,3.9,18751.0,1000000.0,3.6,Free,0.0,Everyone
Anti Mosquito simulation,MEDICAL,4.2,74.0,1000.0,2.6,Paid,1.5,Everyone
Anti-virus Dr.Web Light,TOOLS,4.5,1094094.0,100000000.0,,Free,0.0,Everyone
Antillean Gold Telegram (original version),COMMUNICATION,4.4,2939.0,100000.0,17.0,Free,0.0,Everyone
Antivirus & Mobile Security,TOOLS,4.6,351267.0,10000000.0,5.0,Free,0.0,Everyone
"Any.do: To-do list, Calendar, Reminders & Planner",PRODUCTIVITY,4.5,298854.0,10000000.0,,Free,0.0,Everyone
Ao Oni2,GAME,4.1,21223.0,1000000.0,48.0,Free,0.0,Teen
Ap Video Downloader for fb New 2018,TOOLS,4.2,676.0,100000.0,5.4,Free,0.0,Everyone
Apartment Decorating Ideas,HOUSE_AND_HOME,3.9,1478.0,100000.0,5.7,Free,0.0,Everyone
"Apartment List: Housing, Apt, and Property Rentals",HOUSE_AND_HOME,4.5,8481.0,1000000.0,7.5,Free,0.0,Everyone
"Apartment, Home Rental Search: Realtor.com Rentals",HOUSE_AND_HOME,3.9,10117.0,1000000.0,13.0,Free,0.0,Everyone
Apartments & Rentals - Zillow,HOUSE_AND_HOME,4.2,27387.0,1000000.0,,Free,0.0,Everyone
Apartments.com Rental Search,HOUSE_AND_HOME,4.3,22584.0,1000000.0,16.0,Free,0.0,Everyone
Apex Launcher,PERSONALIZATION,4.3,266434.0,10000000.0,,Free,0.0,Everyone
Apk Installer,LIBRARIES_AND_DEMO,3.8,7750.0,1000000.0,0.28515625,Free,0.0,Everyone
"App Lock: Locker w/ fingerprint, Parental Control",TOOLS,4.5,37607.0,1000000.0,,Free,0.0,Everyone
App Seguridad AV Villas,FINANCE,2.3,251.0,50000.0,5.7,Free,0.0,Everyone
App for Craigslist Pro - Buy & Sell Postings,LIFESTYLE,4.3,707.0,100000.0,5.0,Free,0.0,Everyone
App vault,TOOLS,3.4,25094.0,10000000.0,,Free,0.0,Everyone
AppBrain Ad Detector,TOOLS,3.7,9221.0,1000000.0,1.7,Free,0.0,Everyone
AppClose - The #1 FREE Co-Parenting App,PARENTING,3.5,159.0,10000.0,85.0,Free,0.0,Everyone
AppFinder by AppTap,TOOLS,2.0,2221.0,5000000.0,4.9,Free,0.0,Everyone
AppLock,TOOLS,4.4,4931562.0,100000000.0,,Free,0.0,Everyone
AppLock - Fingerprint,TOOLS,4.4,745245.0,10000000.0,3.5,Free,0.0,Everyone
AppLock - Fingerprint Unlock,TOOLS,4.5,112482.0,5000000.0,2.1,Free,0.0,Everyone
Apple Daily Apple News,NEWS_AND_MAGAZINES,3.4,41490.0,5000000.0,25.0,Free,0.0,Teen
Applock,TOOLS,4.4,4934130.0,100000000.0,,Free,0.0,Everyone
Apps Ads Detector,TOOLS,3.5,315.0,100000.0,8.3,Free,0.0,Everyone
Aquarium Co-Op Podcast,LIFESTYLE,4.9,206.0,1000.0,3.9,Free,0.0,Everyone
Aqw&3d Design Notes Manager,FAMILY,4.5,11.0,500.0,2.9,Free,0.0,Everyone
Arab Halls - For Wedding & Events,EVENTS,4.8,28.0,1000.0,6.3,Free,0.0,Everyone
Arabic Alif Ba Ta For Kids,FAMILY,4.5,226.0,100000.0,26.0,Free,0.0,Everyone
Arabic Alphabet Alif Ba Ta Wooden Blocks,FAMILY,4.6,66.0,10000.0,17.0,Free,0.0,Everyone
Arabic Chat - Chat,PARENTING,4.4,162.0,10000.0,1.5,Free,0.0,Everyone
Arby's,FOOD_AND_DRINK,3.1,194.0,100000.0,26.0,Free,0.0,Everyone
Archery Physics Objects Destruction Apple shooter,GAME,4.5,6026.0,100000.0,39.0,Free,0.0,Teen
Archie Comics,COMICS,3.8,5084.0,100000.0,6.2,Free,0.0,Everyone
Archos File Manager,PRODUCTIVITY,4.0,2131.0,5000000.0,2.3,Free,0.0,Everyone
Arcraft - AR Sandbox,GAME,3.8,469.0,10000.0,80.0,Free,0.0,Everyone
Arena of Valor: 5v5 Arena Game,GAME,4.4,438911.0,10000000.0,99.0,Free,0.0,Teen
Ariana News AF,NEWS_AND_MAGAZINES,4.1,20.0,5000.0,3.1,Free,0.0,Everyone
Arizona DMV Permit Test - AZ,FAMILY,4.2,109.0,10000.0,30.0,Free,0.0,Everyone
Arizona Mobile,FAMILY,4.3,285.0,10000.0,6.2,Free,0.0,Everyone
"Arizona Statutes, ARS (AZ Law)",BOOKS_AND_REFERENCE,3.9,9.0,1000.0,8.8,Free,0.0,Everyone
Arizona Trail,TRAVEL_AND_LOCAL,4.7,65.0,5000.0,13.0,Free,0.0,Everyone
Armani Exchange Connected,LIFESTYLE,4.1,305.0,10000.0,44.0,Free,0.0,Everyone
Armed Cam Gun Pack,GAME,4.2,1012.0,10000.0,50.0,Free,0.0,Teen
Armored Warfare: Assault,GAME,4.0,7718.0,100000.0,46.0,Free,0.0,Everyone
Army of Heroes,FAMILY,4.5,85015.0,1000000.0,46.0,Free,0.0,Everyone 10+
Arogyam EH,MEDICAL,3.6,18.0,1000.0,3.5,Free,0.0,Everyone
Arrow.io,GAME,4.5,343263.0,10000000.0,,Free,0.0,Everyone 10+
Arrowhead AH App,MEDICAL,5.0,3.0,100.0,28.0,Free,0.0,Everyone
Art Drawing Ideas,ART_AND_DESIGN,4.1,227.0,50000.0,5.2,Free,0.0,Everyone
Art Pixel Coloring. Color by Number.,FAMILY,4.5,992.0,100000.0,49.0,Free,0.0,Teen
Artificial Intelligence,FAMILY,3.9,339.0,50000.0,4.2,Free,0.0,Everyone
Arto: f.infrared photo,PHOTOGRAPHY,4.1,41.0,500.0,11.0,Paid,1.49,Everyone
Asahi Shimbun Digital,NEWS_AND_MAGAZINES,3.1,735.0,500000.0,6.3,Free,0.0,Everyone
Asana: organize team projects,BUSINESS,4.3,20815.0,1000000.0,10.0,Free,0.0,Everyone
Ascape VR: 360° Virtual Travel,TRAVEL_AND_LOCAL,4.1,890.0,100000.0,7.6,Free,0.0,Everyone
Asha Ek Hope - ALS/ MND,MEDICAL,5.0,2.0,100.0,11.0,Free,0.0,Everyone
Asiimov Skin - CS GO Icon Pack,PERSONALIZATION,4.6,26.0,100.0,8.5,Paid,2.49,Everyone
Asphalt 8: Airborne,GAME,4.5,8389714.0,100000000.0,92.0,Free,0.0,Teen
Asphalt Xtreme: Rally Racing,GAME,4.5,567984.0,10000000.0,39.0,Free,0.0,Everyone
Assassin's Creed Identity,GAME,3.7,42529.0,500000.0,92.0,Paid,1.99,Teen
Assault Line CS Online Fps Go,GAME,4.1,52163.0,1000000.0,70.0,Free,0.0,Mature 17+
Assemblr - Create 3D Models (Sandbox AR),FAMILY,3.8,1745.0,1000000.0,,Free,0.0,Everyone
Associated Credit Union Mobile,FINANCE,4.7,3290.0,50000.0,12.0,Free,0.0,Everyone
Aster DM Healthcare,MEDICAL,2.4,32.0,5000.0,8.5,Free,0.0,Everyone
Asteroids 3D live wallpaper,PERSONALIZATION,4.1,157495.0,10000000.0,6.4,Free,0.0,Everyone
Asylum Night Shift - Five Nights Survival,GAME,4.0,59223.0,5000000.0,46.0,Free,0.0,Teen
At home - rental · real estate · room finding application such as apartment · apartment,HOUSE_AND_HOME,3.8,2496.0,500000.0,,Free,0.0,Everyone
Atlan3D Navigation: Korea navigator,MAPS_AND_NAVIGATION,4.2,22063.0,1000000.0,,Free,0.0,Everyone
Atlanta United FC,SPORTS,3.7,215.0,10000.0,76.0,Free,0.0,Everyone
Attack the Light,FAMILY,4.7,19209.0,100000.0,21.0,Paid,2.99,Everyone
Au Bon Pain,FOOD_AND_DRINK,3.7,70.0,10000.0,26.0,Free,0.0,Everyone
Au Mobile: Audition Chính Hiệu,GAME,3.9,85278.0,1000000.0,23.0,Free,0.0,Mature 17+
Au Pair,SOCIAL,3.6,58.0,10000.0,15.0,Free,0.0,Everyone
Au Pair Legend,LIFESTYLE,4.4,28.0,1000.0,8.8,Free,0.0,Everyone
Au Weather Free,WEATHER,4.0,1185.0,100000.0,5.0,Free,0.0,Everyone
Au-allstar for KR,GAME,3.6,2433.0,100000.0,47.0,Free,0.0,Everyone
Auction Wars : Storage King,GAME,4.1,29062.0,1000000.0,63.0,Free,0.0,Everyone
Audio Murli Glossary For BK,FAMILY,4.7,39.0,1000.0,20.0,Free,0.0,Everyone
AudioBT: BT audio GPS/SMS/Text,COMMUNICATION,3.4,198.0,50000.0,0.2138671875,Free,0.0,Everyone
Audiobooks from Audible,BOOKS_AND_REFERENCE,4.5,568922.0,100000000.0,,Free,0.0,Teen
Augment - 3D Augmented Reality,BUSINESS,4.1,25195.0,1000000.0,21.0,Free,0.0,Everyone
Aunjai i lert u,HEALTH_AND_FITNESS,4.2,1140.0,500000.0,5.5,Free,0.0,Teen
Aurum Blade EX,FAMILY,4.3,28151.0,1000000.0,17.0,Free,0.0,Everyone 10+
Australia Newspapers - AU News Apps,NEWS_AND_MAGAZINES,4.7,48.0,1000.0,4.1,Free,0.0,Everyone
Authy 2-Factor Authentication,TOOLS,4.3,15070.0,1000000.0,6.3,Free,0.0,Everyone
Auto Background Changer,PHOTOGRAPHY,4.0,35188.0,1000000.0,6.2,Free,0.0,Everyone
Auto DM for Twitter 🔥,SOCIAL,3.4,44.0,1000.0,6.3,Free,0.0,Teen
Auto Dslr Photo Effect : Auto Focus Effect,PHOTOGRAPHY,3.8,6.0,1000.0,3.5,Free,0.0,Everyone
AutoCAD - DWG Viewer & Editor,PRODUCTIVITY,4.2,145088.0,10000000.0,24.0,Free,0.0,Everyone
AutoScout24 - used car finder,AUTO_AND_VEHICLES,4.4,186648.0,10000000.0,42.0,Free,0.0,Everyone
AutoScout24 Switzerland – Find your new car,AUTO_AND_VEHICLES,4.6,13372.0,1000000.0,,Free,0.0,Everyone
Automagic * Automation,TOOLS,4.7,1947.0,10000.0,,Paid,3.9,Everyone
Automatic Call Recorder,TOOLS,4.3,1648515.0,100000000.0,7.1,Free,0.0,Everyone
Autool BT-BOX,TOOLS,3.5,4.0,500.0,17.0,Free,0.0,Everyone
Avakin Life - 3D virtual world,FAMILY,4.4,1275373.0,10000000.0,91.0,Free,0.0,Teen
"Avast Cleanup & Boost, Phone Cleaner, Optimizer",TOOLS,4.5,648380.0,10000000.0,24.0,Free,0.0,Everyone
Avast Mobile Security 2018 - Antivirus & App Lock,TOOLS,4.5,5180480.0,100000000.0,26.0,Free,0.0,Everyone
Avast Wi-Fi Finder,PRODUCTIVITY,4.3,37277.0,1000000.0,13.0,Free,0.0,Everyone
Avatar Musik,GAME,3.8,159063.0,1000000.0,85.0,Free,0.0,Everyone
Avaya CX,BUSINESS,4.4,21.0,1000.0,21.0,Free,0.0,Everyone
Avenger Legends,FAMILY,4.0,3715.0,100000.0,94.0,Free,0.0,Everyone
Aviary Effects: Classic,LIBRARIES_AND_DEMO,3.8,67007.0,5000000.0,0.2265625,Free,0.0,Everyone
Aviary Stickers: Free Pack,LIBRARIES_AND_DEMO,3.5,126862.0,10000000.0,0.609375,Free,0.0,Everyone
Avios for Android,TRAVEL_AND_LOCAL,2.5,862.0,100000.0,30.0,Free,0.0,Everyone
Avokiddo Emotions,FAMILY,4.6,73.0,1000.0,12.0,Paid,2.99,Everyone
Aw Restaurant,FAMILY,4.8,4.0,100.0,43.0,Free,0.0,Everyone
Awake Dating,DATING,5.0,2.0,100.0,70.0,Free,0.0,Mature 17+
Ax 3 Domaines,SPORTS,4.5,12.0,1000.0,23.0,Free,0.0,Everyone
Axe Champ,GAME,3.8,141.0,10000.0,19.0,Free,0.0,Everyone
Axe Champion,GAME,4.4,21.0,5000.0,15.0,Free,0.0,Everyone
Axe Champs! Wars,GAME,5.0,8.0,50.0,25.0,Free,0.0,Everyone
Axe Clicker,FAMILY,4.3,10446.0,500000.0,64.0,Free,0.0,Everyone
Axe Knight,GAME,4.5,52.0,5000.0,33.0,Free,0.0,Everyone
Axe Man,GAME,3.7,53.0,1000.0,14.0,Free,0.0,Everyone
Axe Spinner,FAMILY,3.0,2.0,10.0,,Free,0.0,Everyone
Axe Wallpaper,PERSONALIZATION,4.7,9.0,100.0,12.0,Free,0.0,Teen
Axetatic - Axe Throwing Game,GAME,4.6,29.0,1000.0,31.0,Free,0.0,Everyone 10+
Axxess AX-DSP,TOOLS,3.5,17.0,5000.0,7.4,Free,0.0,Everyone
Axxess Updater,TOOLS,3.9,56.0,10000.0,2.3,Free,0.0,Everyone
Ay,VIDEO_PLAYERS,3.8,11.0,5000.0,3.6,Free,0.0,Teen
Ay Hasnain k Nana Milad Naat,BOOKS_AND_REFERENCE,4.3,72.0,10000.0,1.9,Free,0.0,Everyone
Ay Mohabbat Teri Khatir Novel,BOOKS_AND_REFERENCE,4.2,27.0,10000.0,4.3,Free,0.0,Everyone
Ay Up,FAMILY,4.5,11.0,100.0,7.2,Free,0.0,Everyone
Ayat - Al Quran,FAMILY,4.7,173394.0,5000000.0,8.5,Free,0.0,Everyone
Ayyush wih wih new without Net,LIBRARIES_AND_DEMO,3.8,912.0,500000.0,13.0,Free,0.0,Everyone
Az Content,FAMILY,3.5,24.0,10000.0,13.0,Free,0.0,Everyone
Az Video Status,FAMILY,4.8,13.0,100.0,6.0,Free,0.0,Everyone
Azar,COMMUNICATION,4.2,1092337.0,50000000.0,,Free,0.0,Mature 17+
Azpen eReader,BOOKS_AND_REFERENCE,3.5,156.0,500000.0,42.0,Free,0.0,Everyone
B,FINANCE,3.7,800.0,50000.0,32.0,Free,0.0,Everyone
B & W Filter for Photo Editor Pro,PERSONALIZATION,4.7,65.0,5000.0,7.6,Free,0.0,Everyone
B R Telco FCU Mobile Banking,FINANCE,4.7,413.0,10000.0,13.0,Free,0.0,Everyone
B Tiff Viewer,PHOTOGRAPHY,4.1,283.0,100000.0,7.4,Free,0.0,Everyone
B y H Niños ES,BOOKS_AND_REFERENCE,4.6,53.0,5000.0,16.0,Free,0.0,Everyone
B&H Kids AR,BOOKS_AND_REFERENCE,3.9,286.0,10000.0,18.0,Free,0.0,Everyone
B&H Photo Video Pro Audio,SHOPPING,4.6,17180.0,1000000.0,31.0,Free,0.0,Everyone
B&M Stores,SHOPPING,3.7,192.0,100000.0,36.0,Free,0.0,Everyone
B&W Photo Filter Editor,PHOTOGRAPHY,3.9,205.0,50000.0,2.4,Free,0.0,Everyone
B-52 Spirits of Glory Deluxe,GAME,4.3,12.0,100.0,29.0,Paid,0.99,Everyone
B-BLE(BLE4.0 Scan),TOOLS,3.8,159.0,10000.0,7.5,Free,0.0,Everyone
B-Dubs®,LIFESTYLE,3.1,3042.0,500000.0,,Free,0.0,Everyone
B-Grade Renegade,GAME,3.9,24.0,1000.0,64.0,Paid,1.99,Teen
B-Messenger Video Chat,SOCIAL,4.1,12495.0,1000000.0,19.0,Free,0.0,Mature 17+
B.GOOD,FOOD_AND_DRINK,2.9,155.0,10000.0,20.0,Free,0.0,Everyone
B.M.Snowboard Free,SPORTS,3.9,9765.0,1000000.0,14.0,Free,0.0,Everyone
B.T.,NEWS_AND_MAGAZINES,2.8,636.0,100000.0,1.4,Free,0.0,Everyone
B612 - Beauty & Filter Camera,PHOTOGRAPHY,4.4,5282578.0,100000000.0,,Free,0.0,Everyone
B@dL!bs Lite,GAME,3.8,10.0,1000.0,36.0,Free,0.0,Mature 17+
BA Calculator,PRODUCTIVITY,4.1,22.0,5000.0,2.4,Free,0.0,Everyone
BA Pro Financial Calculator,FINANCE,2.4,36.0,1000.0,9.4,Paid,1.99,Everyone
BA VPN - Free Unlimited VPN,FAMILY,4.1,181.0,10000.0,9.2,Free,0.0,Everyone
BA4You,BUSINESS,2.1,87.0,5000.0,26.0,Free,0.0,Everyone
BAC DZ Questionnaire,FAMILY,4.0,38.0,5000.0,,Free,0.0,Everyone
BAMMS for BM SQ,PRODUCTIVITY,4.0,2.0,10.0,10.0,Free,0.0,Everyone
BANGLA TV 3G/4G,SPORTS,4.1,142.0,100000.0,5.3,Free,0.0,Everyone
BBC Media Player,ENTERTAINMENT,3.4,87384.0,10000000.0,,Free,0.0,Everyone
BBC News,NEWS_AND_MAGAZINES,4.3,296781.0,10000000.0,,Free,0.0,Everyone 10+
BBC Persian | BBC Farsi News,NEWS_AND_MAGAZINES,4.3,978.0,100000.0,2.9,Free,0.0,Everyone
BBC Sport,SPORTS,4.2,18679.0,1000000.0,,Free,0.0,Everyone
BBM - Free Calls & Messages,COMMUNICATION,4.3,12843436.0,100000000.0,,Free,0.0,Everyone
BBMoji - Your personalized BBM Stickers,COMMUNICATION,4.3,8827.0,1000000.0,,Free,0.0,Everyone
BBVA Compass Banking,FINANCE,4.3,5905.0,500000.0,50.0,Free,0.0,Everyone
BBVA Spain,FINANCE,4.2,36746.0,5000000.0,,Free,0.0,Everyone
BBW Dating & Curvy Singles Chat- LargeFriends,DATING,4.4,218.0,10000.0,27.0,Free,0.0,Mature 17+
BBW Dating & Plus Size Chat,DATING,4.4,12633.0,1000000.0,29.0,Free,0.0,Mature 17+
BBWCupid - BBW Dating App,DATING,3.5,241.0,50000.0,2.8,Free,0.0,Mature 17+
BC Camera,PHOTOGRAPHY,4.2,5.0,500.0,5.5,Free,0.0,Everyone
BC Connect,FAMILY,3.8,11.0,1000.0,17.0,Free,0.0,Everyone
BC Highways - Road Conditions,TRAVEL_AND_LOCAL,4.4,382.0,10000.0,12.0,Free,0.0,Everyone
BC Hockey,SPORTS,3.7,20.0,1000.0,8.9,Free,0.0,Everyone
BC Hospital Wait Times,MEDICAL,4.2,8.0,500.0,1.2,Free,0.0,Everyone
BC Liquor Stores,LIFESTYLE,3.7,492.0,50000.0,4.3,Free,0.0,Everyone
BC Lotto Check,FAMILY,3.0,10.0,5000.0,0.7001953125,Free,0.0,Everyone
BC MVA Fines,BOOKS_AND_REFERENCE,5.0,5.0,50.0,7.2,Paid,1.75,Everyone
BC Navigator,FAMILY,4.4,21.0,1000.0,32.0,Free,0.0,Everyone
BC Pizza,LIFESTYLE,2.3,3.0,500.0,2.6,Free,0.0,Everyone
BC Slots - The Lost Reels FREE,GAME,4.0,209.0,10000.0,22.0,Free,0.0,Teen
BC Wildfire,TOOLS,3.3,27.0,5000.0,5.0,Free,0.0,Everyone
BC Wildflowers,FAMILY,4.4,7.0,1000.0,81.0,Free,0.0,Everyone
BC iptv player,VIDEO_PLAYERS,4.4,8.0,1000.0,14.0,Free,0.0,Everyone
BC's Pizza,LIFESTYLE,4.7,113.0,1000.0,20.0,Free,0.0,Everyone
BD All Results,FAMILY,4.1,205.0,50000.0,7.3,Free,0.0,Everyone
BD All Sim Offer,BOOKS_AND_REFERENCE,4.5,197.0,10000.0,2.8,Free,0.0,Everyone
BD Attendance,PRODUCTIVITY,4.8,93.0,1000.0,14.0,Free,0.0,Everyone
BD Bank Interest,FINANCE,4.7,289.0,5000.0,3.2,Free,0.0,Everyone
BD Briight: Your Diabetes Personal Assistant,MEDICAL,4.8,17.0,5000.0,37.0,Free,0.0,Everyone
BD CRICKET LIVE,SPORTS,4.6,1238.0,100000.0,9.5,Free,0.0,Everyone
BD Data Plan (3G & 4G),COMMUNICATION,4.4,10341.0,500000.0,6.9,Free,0.0,Everyone
BD Dialer,COMMUNICATION,4.1,29.0,10000.0,13.0,Free,0.0,Everyone
BD Earn Pro,FAMILY,4.2,540.0,10000.0,3.2,Free,0.0,Everyone
BD Field Force,PRODUCTIVITY,4.2,41.0,1000.0,15.0,Free,0.0,Everyone
BD Fishpedia,BOOKS_AND_REFERENCE,4.8,123.0,1000.0,6.5,Free,0.0,Everyone
BD Hospital's,FAMILY,4.7,12.0,100.0,2.3,Free,0.0,Everyone
BD Internet Package Activator,NEWS_AND_MAGAZINES,4.9,13.0,100.0,2.3,Free,0.0,Everyone
BD Internet Packages (Updated),COMMUNICATION,4.0,474.0,50000.0,3.0,Free,0.0,Everyone
BD Live Call,COMMUNICATION,4.4,7.0,5000.0,0.30078125,Free,0.0,Everyone
BD Online News,NEWS_AND_MAGAZINES,4.6,30.0,1000.0,3.8,Free,0.0,Everyone
BD Online Passport Application,FAMILY,4.6,12.0,5000.0,2.4,Free,0.0,Everyone
BD Online Shop,BUSINESS,4.2,63.0,5000.0,13.0,Free,0.0,Everyone
BD Provider App,HEALTH_AND_FITNESS,1.4,45.0,5000.0,13.0,Free,0.0,Everyone
BD Radio TV Free List,FAMILY,4.3,539.0,50000.0,13.0,Free,0.0,Everyone
BD Sports Box & TV,FAMILY,4.2,5.0,500.0,3.3,Free,0.0,Everyone
BD TYCOON,FAMILY,3.3,16.0,500.0,33.0,Free,0.0,Everyone
BD tools,TOOLS,4.0,21.0,10000.0,0.205078125,Free,0.0,Everyone
"BDCast - Bangla Live TV,Radio",FAMILY,4.4,7461.0,1000000.0,31.0,Free,0.0,Everyone
BEBONCOOL GAMEPAD V1.0,GAME,3.9,404.0,100000.0,2.2,Free,0.0,Everyone
BELONG Beating Cancer Together,MEDICAL,4.7,623.0,50000.0,20.0,Free,0.0,Teen
BEST CAR SOUNDS,AUTO_AND_VEHICLES,4.3,348.0,100000.0,38.0,Free,0.0,Everyone
BET NOW - Watch Shows,ENTERTAINMENT,4.2,14807.0,1000000.0,19.0,Free,0.0,Teen
BEYBLADE BURST app,GAME,4.5,216849.0,10000000.0,,Free,0.0,Everyone
BF 3d Images,FAMILY,4.3,19.0,1000.0,2.5,Free,0.0,Teen
BF 3d Wallpapers,FAMILY,4.1,256.0,100000.0,2.5,Free,0.0,Teen
BF 4 Guns,FAMILY,4.0,1542.0,50000.0,13.0,Free,0.0,Everyone
BF Abstract 3d Pictures,FAMILY,4.2,72.0,10000.0,2.5,Free,0.0,Teen
BF Beautiful Nature,FAMILY,3.6,5.0,1000.0,2.5,Free,0.0,Mature 17+
BF Browser by Betfilter - Stop Gambling Today!,COMMUNICATION,3.0,39.0,10000.0,4.6,Free,0.0,Everyone
BF CG Abstract Pictures,FAMILY,4.7,6.0,1000.0,2.5,Free,0.0,Teen
BF CG View Wallpapers,FAMILY,3.6,13.0,1000.0,2.5,Free,0.0,Teen
BF Combat: Genesis,GAME,4.0,3322.0,100000.0,82.0,Free,0.0,Mature 17+
BF Frontline City,GAME,4.1,29798.0,1000000.0,80.0,Free,0.0,Mature 17+
BF Movies Fun,FAMILY,3.8,63.0,10000.0,3.7,Free,0.0,Teen
BF Scale Health Fitness Tool,HEALTH_AND_FITNESS,2.2,19.0,1000.0,9.6,Free,0.0,Everyone
BF at Sea Refueled,GAME,4.4,1849.0,10000.0,37.0,Free,0.0,Everyone
BF games,FAMILY,4.1,262.0,50000.0,29.0,Free,0.0,Everyone
BF-Calc,TOOLS,3.9,428.0,100000.0,3.8,Free,0.0,Everyone
BG Advisor™,TOOLS,4.4,7.0,1000.0,5.6,Free,0.0,Everyone
BG BRIDAL GALLERY,LIFESTYLE,4.6,17.0,1000.0,19.0,Free,0.0,Everyone
BG Future School,FAMILY,4.9,16.0,100.0,10.0,Free,0.0,Everyone
BG Guide,TRAVEL_AND_LOCAL,5.0,3.0,100.0,2.4,Free,0.0,Everyone
BG LINKED (BGLINKED),SOCIAL,4.7,22.0,1000.0,11.0,Free,0.0,Everyone
BG Metro - Red voznje,TRAVEL_AND_LOCAL,4.8,89.0,1000.0,,Free,0.0,Everyone
BG Monitor Diabetes,MEDICAL,4.4,643.0,10000.0,2.8,Free,0.0,Everyone
BG Monitor Diabetes Pro,MEDICAL,4.6,87.0,500.0,2.8,Paid,5.99,Everyone
BG Products,AUTO_AND_VEHICLES,4.8,4.0,500.0,4.5,Free,0.0,Everyone
BG Remover & Eraser Pro,TOOLS,2.2,4.0,500.0,4.8,Free,0.0,Everyone
BG Score,SPORTS,2.6,64.0,10000.0,1.6,Free,0.0,Everyone
BG TV App,FAMILY,1.7,6.0,100.0,2.9,Free,0.0,Everyone
BG video - floating video - background video,VIDEO_PLAYERS,4.1,64.0,5000.0,2.0,Free,0.0,Everyone
BG+Phone Backup,PRODUCTIVITY,4.8,16.0,1000.0,2.6,Free,0.0,Everyone
BGCN TV,VIDEO_PLAYERS,3.4,4334.0,100000.0,4.9,Free,0.0,Everyone
BGKontakti Vienna BG Kontakti,SOCIAL,4.8,111.0,1000.0,5.9,Free,0.0,Everyone
BH Bikes Premium,SPORTS,3.0,26.0,1000.0,15.0,Free,0.0,Everyone
BH Challenge - Museum of the Jewish People,FAMILY,4.8,12.0,1000.0,28.0,Free,0.0,Everyone
BH Cosmetics,BEAUTY,4.0,2.0,1000.0,3.6,Free,0.0,Everyone
BH Mail,COMMUNICATION,3.4,7.0,1000.0,6.0,Free,0.0,Everyone
BH Patrole,AUTO_AND_VEHICLES,4.8,27.0,500.0,2.5,Free,0.0,Everyone
BH Táxi,BUSINESS,3.9,91.0,5000.0,8.9,Free,0.0,Everyone
BH by Kinomap,HEALTH_AND_FITNESS,2.9,141.0,10000.0,22.0,Free,0.0,Everyone
BI APP,FINANCE,5.0,2.0,100.0,2.7,Free,0.0,Everyone
BI Mobile,FINANCE,4.4,337.0,10000.0,3.3,Free,0.0,Everyone
BI Mobile Banking,FINANCE,4.0,180.0,10000.0,27.0,Free,0.0,Everyone
BI News,NEWS_AND_MAGAZINES,5.0,22.0,1000.0,25.0,Free,0.0,Everyone
BI Office,BUSINESS,4.0,76.0,10000.0,0.1962890625,Free,0.0,Everyone
BI SmartLINK,BUSINESS,3.6,16.0,5000.0,33.0,Free,0.0,Everyone
BI-LO,LIFESTYLE,3.5,43.0,10000.0,30.0,Free,0.0,Everyone
BI-LO Rx,LIFESTYLE,3.9,77.0,10000.0,,Free,0.0,Everyone
BIG Launcher,PERSONALIZATION,4.3,881.0,10000.0,5.9,Paid,9.99,Everyone
BIGO LIVE - Live Stream,SOCIAL,4.4,2349421.0,100000000.0,39.0,Free,0.0,Teen
BJ & Jamie,FAMILY,3.9,13.0,100.0,17.0,Free,0.0,Everyone
BJ Bridge Acol Beginner 2018,GAME,3.7,11.0,5000.0,4.8,Free,0.0,Everyone
BJ Bridge Free (2018),GAME,3.9,20.0,10000.0,4.8,Free,0.0,Everyone
BJ Bridge Pro 2018,GAME,4.4,17.0,500.0,4.8,Paid,4.49,Everyone
BJ Bridge Standard American 2018,GAME,1.0,1.0,1000.0,4.9,Free,0.0,Everyone
BJ Foods,BUSINESS,5.0,3.0,10.0,1.5,Free,0.0,Everyone
BJ Memo Widget,PRODUCTIVITY,4.0,616.0,50000.0,0.1708984375,Free,0.0,Everyone
BJ Toys,SHOPPING,4.7,55.0,500.0,8.0,Free,0.0,Everyone
BJ's Bingo & Gaming Casino,GAME,4.5,501.0,10000.0,65.0,Free,0.0,Teen
BJ's Express Scan,SHOPPING,2.3,69.0,10000.0,11.0,Free,0.0,Everyone
BJ's Wholesale Club,SHOPPING,4.2,4099.0,100000.0,17.0,Free,0.0,Everyone
BJ-FPV,FAMILY,4.2,16.0,1000.0,26.0,Free,0.0,Everyone
BJ-UFO,FAMILY,3.6,226.0,50000.0,25.0,Free,0.0,Everyone
BJJ Roadmap by Stephan Kesting,SPORTS,4.6,969.0,10000.0,3.6,Free,0.0,Everyone
BJ’s Mobile App,SHOPPING,4.0,4722.0,500000.0,35.0,Free,0.0,Everyone
BK Arogyam Task Track,BUSINESS,5.0,8.0,100.0,3.7,Free,0.0,Everyone
BK Dinos,FAMILY,4.4,30.0,5000.0,99.0,Free,0.0,Everyone
BK Formula Calculator,TOOLS,5.0,6.0,100.0,11.0,Free,0.0,Everyone
BK Gold App,FINANCE,5.0,4.0,50.0,11.0,Free,0.0,Everyone
BK Murli Dictionary (H to E),FAMILY,4.6,106.0,10000.0,3.9,Free,0.0,Everyone
BK Murli Offline April 2017,LIFESTYLE,4.8,33.0,5000.0,2.4,Free,0.0,Everyone
BK News Channel,VIDEO_PLAYERS,4.6,277.0,10000.0,6.8,Free,0.0,Everyone
BK Photography,PHOTOGRAPHY,4.3,20.0,1000.0,4.8,Free,0.0,Everyone
BK Shivani Videos,LIFESTYLE,4.7,29.0,1000.0,3.2,Free,0.0,Everyone
BK Suraj bhai,LIFESTYLE,4.6,9.0,1000.0,3.1,Free,0.0,Everyone
BK Traffic Control cum Chart,SOCIAL,4.7,549.0,10000.0,17.0,Free,0.0,Teen
BK Video Status,FAMILY,5.0,13.0,100.0,2.1,Free,0.0,Everyone
BK murli today (Mobile Murli) - Gyan,FAMILY,4.8,100.0,5000.0,4.5,Free,0.0,Everyone
BL 1-Click Camera - Free,PHOTOGRAPHY,3.5,52.0,10000.0,1.8,Free,0.0,Everyone
BL Community Icon Pack,PERSONALIZATION,4.0,289.0,10000.0,2.7,Free,0.0,Everyone
BL Driver,MAPS_AND_NAVIGATION,3.9,230.0,10000.0,12.0,Free,0.0,Everyone
BL Essentials BW Icon Pack,PERSONALIZATION,4.2,17.0,1000.0,0.9404296875,Free,0.0,Everyone
BL Flowers Digital,SHOPPING,5.0,21.0,100.0,2.5,Free,0.0,Everyone
BL Holo Theme,PERSONALIZATION,4.4,18.0,500.0,2.1,Paid,2.0,Everyone
BL IP-Camera,TOOLS,4.3,15.0,100.0,1.2,Paid,3.99,Everyone
BL Kennedy Theme,PERSONALIZATION,4.2,279.0,10000.0,1.1,Free,0.0,Everyone
BL Mobile Banking,FINANCE,4.3,23.0,1000.0,93.0,Free,0.0,Everyone
BL PowerPoint Remote,TOOLS,4.3,33.0,500.0,1.0,Paid,3.99,Everyone
BL Taxi,MAPS_AND_NAVIGATION,4.9,124.0,1000.0,3.4,Free,0.0,Everyone
BL info,TRAVEL_AND_LOCAL,4.1,98.0,5000.0,2.0,Free,0.0,Everyone
BL 女性向け恋愛ゲーム◆ごくメン,FAMILY,4.2,1901.0,100000.0,8.2,Free,0.0,Mature 17+
BL 女性向け恋愛ゲーム◆俺プリクロス,FAMILY,4.2,3379.0,100000.0,62.0,Free,0.0,Mature 17+
BL!TZ - Endless,GAME,4.7,21.0,100.0,9.0,Free,0.0,Everyone
BLACKJACK!,GAME,4.4,524467.0,10000000.0,33.0,Free,0.0,Teen
BLK - Swipe. Match. Chat.,DATING,4.1,2067.0,100000.0,24.0,Free,0.0,Mature 17+
BLOOD & GLORY: IMMORTALS,GAME,4.3,101762.0,1000000.0,11.0,Free,0.0,Teen
BM Box,BOOKS_AND_REFERENCE,4.3,28.0,1000.0,,Free,0.0,Everyone
BM FlexCheck,AUTO_AND_VEHICLES,3.5,2.0,100.0,34.0,Free,0.0,Everyone
BM Online OEC Verification,TOOLS,4.1,783.0,100000.0,4.2,Free,0.0,Everyone
BM Pharmacy,HEALTH_AND_FITNESS,4.9,42.0,1000.0,18.0,Free,0.0,Everyone
BM Physiotherapy Clinic,HEALTH_AND_FITNESS,5.0,3.0,100.0,9.3,Free,0.0,Everyone
BM SPM Practice,FAMILY,5.0,6.0,1000.0,9.2,Free,0.0,Everyone
BM Wallet,FINANCE,4.2,798.0,50000.0,29.0,Free,0.0,Everyone
BM speed test,TOOLS,5.0,1.0,10.0,3.7,Free,0.0,Everyone
BMX Boy,GAME,4.2,839206.0,50000000.0,12.0,Free,0.0,Everyone
BMX Boy Bike Stunt Rider Game,GAME,3.8,299.0,10000.0,25.0,Free,0.0,Everyone
BN Bank Mobilbank,FINANCE,3.1,72.0,10000.0,2.4,Free,0.0,Everyone
BN Mi Banco,BUSINESS,3.0,597.0,100000.0,17.0,Free,0.0,Everyone
BN Más Cerca de Usted,FINANCE,3.9,8185.0,500000.0,45.0,Free,0.0,Everyone
BN Pro Arial Legacy Text,LIBRARIES_AND_DEMO,3.7,83.0,10000.0,0.404296875,Free,0.0,Everyone
BN Pro ArialXL Legacy Text,LIBRARIES_AND_DEMO,4.1,142.0,10000.0,0.431640625,Free,0.0,Everyone
BN Pro ArialXL-b HD Text,LIBRARIES_AND_DEMO,4.0,24.0,1000.0,0.466796875,Free,0.0,Everyone
BN Pro ArialXL-b Neon HD Text,LIBRARIES_AND_DEMO,4.1,66.0,10000.0,0.7109375,Free,0.0,Everyone
BN Pro Black Text,LIBRARIES_AND_DEMO,3.8,18.0,1000.0,0.484375,Free,0.0,Everyone
BN Pro Black Text on White,LIBRARIES_AND_DEMO,3.9,53.0,10000.0,0.326171875,Free,0.0,Everyone
BN Pro BlueICS HD Text,LIBRARIES_AND_DEMO,4.1,174.0,10000.0,0.796875,Free,0.0,Everyone
BN Pro BlueICS-b HD Text,LIBRARIES_AND_DEMO,4.2,78.0,10000.0,0.79296875,Free,0.0,Everyone
BN Pro LcdD HD Text,LIBRARIES_AND_DEMO,4.0,50.0,5000.0,0.419921875,Free,0.0,Everyone
BN Pro LcdD Legacy Text,LIBRARIES_AND_DEMO,3.9,71.0,10000.0,0.40234375,Free,0.0,Everyone
BN Pro LcdD-b HD Text,LIBRARIES_AND_DEMO,3.9,131.0,10000.0,0.4189453125,Free,0.0,Everyone
BN Pro Percent White HD Text,LIBRARIES_AND_DEMO,4.0,45.0,5000.0,0.3271484375,Free,0.0,Everyone
BN Pro PercentXL-b Neon HD Txt,LIBRARIES_AND_DEMO,4.0,45.0,5000.0,0.822265625,Free,0.0,Everyone
BN Pro Play HD Text,LIBRARIES_AND_DEMO,4.4,63.0,5000.0,0.4072265625,Free,0.0,Everyone
BN Pro Play-b HD Text,LIBRARIES_AND_DEMO,4.4,34.0,1000.0,0.4072265625,Free,0.0,Everyone
BN Pro Roboto-b Neon HD Text,LIBRARIES_AND_DEMO,4.4,30.0,5000.0,0.7041015625,Free,0.0,Everyone
BN Pro RobotoXL HD Text,LIBRARIES_AND_DEMO,4.3,15.0,1000.0,0.44921875,Free,0.0,Everyone
BN Pro RobotoXL-b HD Text,LIBRARIES_AND_DEMO,4.2,86.0,10000.0,0.4482421875,Free,0.0,Everyone
BN Pro Solid Battery-White,LIBRARIES_AND_DEMO,3.6,7.0,1000.0,0.1875,Free,0.0,Everyone
BN Pro White HD Text,LIBRARIES_AND_DEMO,4.1,120.0,10000.0,0.763671875,Free,0.0,Everyone
BN Pro White Text,LIBRARIES_AND_DEMO,4.4,50.0,5000.0,0.494140625,Free,0.0,Everyone
BN Whitening Shoppe Ph,BEAUTY,4.0,2.0,100.0,13.0,Free,0.0,Everyone
BNCR Token Celular,FINANCE,3.7,913.0,100000.0,0.068359375,Free,0.0,Everyone
BOO! - Next Generation Messenger,SOCIAL,3.5,20675.0,1000000.0,96.0,Free,0.0,Teen
BP Journal - Blood Pressure Diary,MEDICAL,5.0,6.0,1000.0,26.0,Free,0.0,Everyone
BP Log lite,LIFESTYLE,5.0,3.0,100.0,1.5,Free,0.0,Everyone
BP Scanner Prank,FAMILY,4.1,157.0,50000.0,7.0,Free,0.0,Everyone
BP Toolbox,HEALTH_AND_FITNESS,2.1,32.0,1000.0,9.6,Free,0.0,Everyone
BP Tracker,HEALTH_AND_FITNESS,4.3,12.0,1000.0,0.5986328125,Free,0.0,Everyone
BP Tracker-Symptoms & Solution,MEDICAL,4.2,34.0,1000.0,3.2,Free,0.0,Everyone
BP World Energy,BUSINESS,3.4,25.0,10000.0,16.0,Free,0.0,Everyone
BP and Sugar Test Prank,LIFESTYLE,4.0,7808.0,1000000.0,5.0,Free,0.0,Everyone
BP-Tech,FAMILY,3.2,12.0,1000.0,13.0,Free,0.0,Everyone
BPme - Mobile Fuel Payment & BP Driver Rewards app,TRAVEL_AND_LOCAL,3.0,69.0,10000.0,31.0,Free,0.0,Everyone
BQ Camera,PHOTOGRAPHY,3.6,2526.0,1000000.0,,Free,0.0,Everyone
BQ Scan,TOOLS,4.6,18.0,100.0,4.0,Free,0.0,Everyone
BQ Scanner,TOOLS,3.0,2.0,100.0,2.7,Free,0.0,Everyone
BQ Services,TOOLS,3.7,5004.0,1000000.0,2.5,Free,0.0,Everyone
BQ-መጽሐፍ ቅዱሳዊ ጥያቄዎች,GAME,4.7,191.0,5000.0,7.2,Free,0.0,Everyone
BR,LIFESTYLE,3.0,859.0,100000.0,3.5,Free,0.0,Everyone
BR Ambedkar Biography & Quotes,BOOKS_AND_REFERENCE,4.6,156.0,10000.0,2.1,Free,0.0,Everyone
BR Chat Bot,SOCIAL,1.9,16.0,1000.0,2.6,Free,0.0,Everyone
BR Series,VIDEO_PLAYERS,3.9,1016.0,50000.0,13.0,Free,0.0,Teen
BR Video Player,VIDEO_PLAYERS,4.0,46.0,5000.0,3.1,Free,0.0,Everyone
BROTHER IN WARS: GUNNER CITY WARLORDS,GAME,4.3,8649.0,1000000.0,39.0,Free,0.0,Teen
BS Battery+,TOOLS,4.3,269.0,50000.0,0.6318359375,Free,0.0,Everyone
BS CS IT & SE,FAMILY,4.6,9.0,1000.0,6.9,Free,0.0,Everyone
BS Calendar / Patro / पात्रो,PRODUCTIVITY,4.2,218.0,50000.0,,Free,0.0,Everyone
BS Generator,FAMILY,4.2,5.0,100.0,3.3,Free,0.0,Everyone
BS MAPS,MAPS_AND_NAVIGATION,4.5,6.0,50.0,2.5,Free,0.0,Everyone
BS Meter (Ad Supported),FAMILY,3.9,14.0,1000.0,0.578125,Free,0.0,Teen
BS Play,FAMILY,3.7,56.0,5000.0,1.5,Free,0.0,Everyone
BS player remote,VIDEO_PLAYERS,3.5,54.0,10000.0,0.181640625,Free,0.0,Everyone
BS-Mobile,COMMUNICATION,5.0,1.0,50.0,0.6669921875,Free,0.0,Everyone
BSC IT,FAMILY,4.4,847.0,10000.0,21.0,Free,0.0,Everyone
BSPlayer,VIDEO_PLAYERS,4.2,4585.0,50000.0,,Paid,5.99,Everyone
BSPlayer ARMv7 VFP CPU support,VIDEO_PLAYERS,4.3,9966.0,1000000.0,5.5,Free,0.0,Everyone
BSPlayer FREE,VIDEO_PLAYERS,4.3,138337.0,10000000.0,,Free,0.0,Everyone
BSc Ag Entrance Preparation,FAMILY,4.4,138.0,10000.0,6.2,Free,0.0,Everyone
BT Camera,PHOTOGRAPHY,3.3,1307.0,500000.0,6.6,Free,0.0,Everyone
BT Church,LIFESTYLE,4.9,26.0,1000.0,8.4,Free,0.0,Teen
BT Communicator,SOCIAL,3.8,32.0,10000.0,1.6,Free,0.0,Teen
BT Controller,TOOLS,3.9,4374.0,1000000.0,13.0,Free,0.0,Everyone
"BT Dating -Find your match, help cupid, be social",SOCIAL,4.1,158.0,50000.0,26.0,Free,0.0,Mature 17+
BT Find Address for Bluetooth,BUSINESS,4.8,8.0,5000.0,2.6,Free,0.0,Everyone
BT MeetMe with Dolby Voice,COMMUNICATION,3.6,437.0,100000.0,12.0,Free,0.0,Everyone
BT Messenger,COMMUNICATION,3.9,97.0,50000.0,0.583984375,Free,0.0,Everyone
BT Mobile,MAPS_AND_NAVIGATION,3.9,22.0,1000.0,3.2,Free,0.0,Everyone
BT Notifier,TOOLS,2.5,2794.0,1000000.0,3.8,Free,0.0,Everyone
BT One Mobile secure access,BUSINESS,3.4,54.0,10000.0,5.7,Free,0.0,Everyone
BT One Phone Mobile App,COMMUNICATION,3.5,33.0,10000.0,2.7,Free,0.0,Everyone
BT One Voice anywhere,BUSINESS,4.5,80.0,10000.0,16.0,Free,0.0,Everyone
BT One Voice mobile access,COMMUNICATION,4.0,32.0,5000.0,0.4267578125,Free,0.0,Everyone
BT Panorama,FINANCE,4.3,34.0,5000.0,,Free,0.0,Everyone
BT Remote (SPP) for Bluetooth,TOOLS,4.1,36.0,10000.0,3.1,Free,0.0,Everyone
BT Share It,BUSINESS,4.7,12.0,500.0,13.0,Free,0.0,Everyone
BTNotification,TOOLS,3.9,15665.0,5000000.0,0.3642578125,Free,0.0,Everyone
BTS J-Hope Wallpaper KPOP Fans HD,PERSONALIZATION,4.7,98.0,10000.0,3.4,Free,0.0,Everyone
BTS V Kim Taehyung Wallpapers Kpop HD New,PERSONALIZATION,4.8,51.0,5000.0,3.4,Free,0.0,Everyone
BTS V LINE Launcher theme,PERSONALIZATION,4.8,3283.0,100000.0,3.6,Free,0.0,Everyone
BTS j-hope LINE Launcher theme,PERSONALIZATION,4.9,934.0,10000.0,3.8,Free,0.0,Everyone
BU Bison Nation,SPORTS,3.5,4.0,100.0,40.0,Free,0.0,Everyone
BU Bus Tracker,MAPS_AND_NAVIGATION,4.2,57.0,10000.0,15.0,Free,0.0,Everyone
BU Calculator,FAMILY,4.6,69.0,1000.0,3.1,Free,0.0,Everyone
BU Library,FAMILY,3.5,4.0,1000.0,21.0,Free,0.0,Everyone
BU Mobile,FAMILY,4.5,472.0,10000.0,4.3,Free,0.0,Everyone
BU Students' Rep. Council,FAMILY,4.7,38.0,500.0,5.3,Free,0.0,Everyone
BU Study,FAMILY,5.0,7.0,10.0,5.6,Free,0.0,Everyone
BU Syllabus,FAMILY,4.5,38.0,1000.0,6.5,Free,0.0,Everyone
BURGER KING® App,LIFESTYLE,4.0,41747.0,5000000.0,39.0,Free,0.0,Everyone
BURGER KING® MOBILE APP,LIFESTYLE,3.8,19221.0,5000000.0,13.0,Free,0.0,Everyone
BURGER KING® Puerto Rico,FOOD_AND_DRINK,4.5,2448.0,100000.0,19.0,Free,0.0,Everyone
BURST Professionals,MEDICAL,4.5,11.0,1000.0,25.0,Free,0.0,Everyone
BV,COMMUNICATION,5.0,3.0,100.0,1.6,Free,0.0,Everyone
BV Mobile Apps,PRODUCTIVITY,5.0,3.0,100.0,4.8,Free,0.0,Everyone
BV Smart,BUSINESS,4.3,28.0,1000.0,3.4,Free,0.0,Everyone
BV Sridhara Maharaj,FAMILY,5.0,8.0,100.0,2.7,Free,0.0,Everyone
BV Taxi Sudan,MAPS_AND_NAVIGATION,3.5,8.0,10.0,26.0,Free,0.0,Everyone
BW App,LIFESTYLE,2.8,48.0,5000.0,12.0,Free,0.0,Everyone
BW COMPANY FINDER,BUSINESS,4.6,48.0,1000.0,7.4,Free,0.0,Everyone
BW Map mobile,TRAVEL_AND_LOCAL,3.6,57.0,10000.0,32.0,Free,0.0,Everyone
BW Mobilbanking für Smartphone und Tablet,FINANCE,4.1,2048.0,100000.0,24.0,Free,0.0,Everyone
BW Smart,TOOLS,3.7,50.0,5000.0,19.0,Free,0.0,Everyone
BW Taxi,MAPS_AND_NAVIGATION,3.0,67.0,5000.0,53.0,Free,0.0,Everyone
BW Wallpaper,PERSONALIZATION,4.5,4.0,50.0,0.4990234375,Free,0.0,Everyone
BW-DGS plugin,GAME,4.5,70.0,1000.0,0.6748046875,Free,0.0,Everyone
BW-GnuGo,GAME,4.1,64.0,5000.0,1.3,Free,0.0,Everyone
BW-Go,GAME,4.8,265.0,1000.0,1.3,Paid,3.49,Everyone
BW-Go Free,GAME,4.6,547.0,10000.0,1.3,Free,0.0,Everyone
BW-Joseki,GAME,4.7,705.0,10000.0,1.8,Free,0.0,Everyone
BX Diff - Crypto Coins Checker,FINANCE,4.6,83.0,5000.0,4.0,Free,0.0,Everyone
BX Memo,FAMILY,4.3,131.0,5000.0,2.0,Free,0.0,Everyone
BX Mobile TMC for SAP B1,BUSINESS,4.7,3.0,100.0,11.0,Free,0.0,Everyone
BZ Conferencing,TOOLS,4.7,7.0,1000.0,29.0,Free,0.0,Everyone
BZ Fingers,GAME,4.6,15.0,50.0,3.2,Free,0.0,Everyone
BZ Reminder,BUSINESS,4.7,41625.0,1000000.0,5.4,Free,0.0,Everyone
BZ Reminder PRO,BUSINESS,4.8,726.0,1000.0,5.4,Paid,3.99,Everyone
BZ Straußenführer,TRAVEL_AND_LOCAL,4.3,291.0,10000.0,14.0,Free,0.0,Everyone
BZ Vesper-App,TRAVEL_AND_LOCAL,4.1,60.0,1000.0,13.0,Free,0.0,Everyone
BZ Zombie VR,GAME,4.4,12.0,1000.0,98.0,Free,0.0,Mature 17+
BZ-Smart,NEWS_AND_MAGAZINES,4.3,828.0,10000.0,8.2,Free,0.0,Everyone
BZWBK24 mobile,FINANCE,4.5,64983.0,1000000.0,39.0,Free,0.0,Everyone
Ba Cristi,GAME,3.5,196.0,10000.0,35.0,Free,0.0,Everyone
Ba Financial Calculator plus,FINANCE,4.4,31.0,1000.0,0.201171875,Paid,3.99,Everyone
Ba Zi Fortune,LIFESTYLE,3.9,592.0,100000.0,2.5,Free,0.0,Everyone
Ba ba black sheep offline Video,PARENTING,4.2,20.0,10000.0,17.0,Free,0.0,Everyone
Ba dum tss - Rimshot widget,COMICS,4.1,690.0,50000.0,0.43359375,Free,0.0,Everyone
BaBe + - Indonesian News,NEWS_AND_MAGAZINES,4.3,42624.0,1000000.0,16.0,Free,0.0,Everyone 10+
BaBe - Read News,NEWS_AND_MAGAZINES,4.3,355921.0,10000000.0,17.0,Free,0.0,Teen
BaBe Lite - Read Quota Saving News,NEWS_AND_MAGAZINES,4.5,9548.0,1000000.0,15.0,Free,0.0,Everyone
Baba Yaad Hai?(BK's),FAMILY,4.8,160.0,10000.0,13.0,Free,0.0,Everyone
Babbel – Learn Languages,FAMILY,4.3,267787.0,10000000.0,21.0,Free,0.0,Everyone
Babbel – Learn Spanish,EDUCATION,4.4,54798.0,1000000.0,11.0,Free,0.0,Everyone
Baby ABC in box! Kids alphabet games for toddlers!,FAMILY,4.6,9652.0,1000000.0,53.0,Free,0.0,Everyone
Baby Care & Tracker,PARENTING,4.1,319.0,100000.0,11.0,Free,0.0,Everyone
Baby Connect (activity log),PARENTING,4.7,8343.0,50000.0,8.3,Paid,4.99,Everyone
Baby Food - Homemade Recipes,PARENTING,4.1,44.0,10000.0,3.6,Free,0.0,Everyone
Baby Game Animal Jam Free,GAME,2.8,9.0,500.0,26.0,Free,0.0,Everyone
Baby Monitor,PARENTING,4.4,5343.0,1000000.0,5.2,Free,0.0,Everyone
Baby Monitor AV,COMMUNICATION,3.3,1434.0,100000.0,9.5,Free,0.0,Everyone
Baby Name Together,PARENTING,4.0,464.0,100000.0,24.0,Free,0.0,Everyone
Baby Names,PARENTING,4.5,86.0,10000.0,2.8,Free,0.0,Everyone
Baby Panda Care,FAMILY,4.2,108795.0,10000000.0,49.0,Free,0.0,Everyone
Baby Panda Learns Shapes,PARENTING,4.0,3789.0,1000000.0,42.0,Free,0.0,Everyone
Baby Panda Musical Genius,PARENTING,4.0,3346.0,1000000.0,37.0,Free,0.0,Everyone
Baby Panda’s Juice Shop,FAMILY,4.5,19230.0,5000000.0,45.0,Free,0.0,Everyone
Baby Sleep: White noise lullabies for newborns,PARENTING,4.6,62386.0,1000000.0,3.4,Free,0.0,Everyone
Baby Tiger Care - My Cute Virtual Pet Friend,FAMILY,4.5,432.0,100000.0,63.0,Free,0.0,Everyone 10+
Baby puzzles,FAMILY,4.3,11950.0,5000000.0,19.0,Free,0.0,Everyone
BackCountry Navigator TOPO GPS PRO,MAPS_AND_NAVIGATION,4.5,6230.0,100000.0,,Paid,11.99,Everyone
Backgammon NJ for Android,GAME,4.4,1644.0,10000.0,15.0,Paid,7.99,Everyone
Background Changer & Eraser,PHOTOGRAPHY,4.0,2076.0,500000.0,11.0,Free,0.0,Teen
Background Eraser,PHOTOGRAPHY,4.5,267378.0,10000000.0,1.9,Free,0.0,Everyone
Backgrounds (HD Wallpapers),PERSONALIZATION,4.7,202474.0,10000000.0,3.0,Free,0.0,Teen
Backgrounds HD (Wallpapers),PERSONALIZATION,4.6,2390185.0,100000000.0,,Free,0.0,Teen
BaconReader for Reddit,NEWS_AND_MAGAZINES,4.5,103074.0,1000000.0,,Free,0.0,Mature 17+
Bacteria Vaginosis,HEALTH_AND_FITNESS,4.0,4015.0,1000000.0,7.7,Free,0.0,Mature 17+
Bacterial Vaginosis Symptoms,MEDICAL,4.1,698.0,100000.0,2.4,Free,0.0,Everyone 10+
Bacterial vaginosis Treatment - Sexual disease,HEALTH_AND_FITNESS,5.0,2.0,500.0,5.9,Free,0.0,Everyone
Bad Piggies,FAMILY,4.3,1168959.0,50000000.0,66.0,Free,0.0,Everyone
Bad Piggies HD,FAMILY,4.4,764967.0,10000000.0,69.0,Free,0.0,Everyone
Badische Zeitung,NEWS_AND_MAGAZINES,3.9,262.0,10000.0,22.0,Free,0.0,Everyone
Badoo - Free Chat & Dating App,SOCIAL,4.3,3781770.0,100000000.0,,Free,0.0,Mature 17+
BakaReader EX,BOOKS_AND_REFERENCE,4.3,8894.0,100000.0,2.3,Free,0.0,Everyone
Baldur's Gate II,FAMILY,4.3,5442.0,50000.0,16.0,Paid,9.99,Teen
Baldur's Gate: Enhanced Edition,FAMILY,4.5,20101.0,100000.0,7.8,Paid,9.99,Teen
Banana Kong,GAME,4.4,3452530.0,100000000.0,68.0,Free,0.0,Everyone
Banco Sabadell App. Your mobile bank,FINANCE,3.9,25205.0,1000000.0,,Free,0.0,Everyone
Band O'Clock,LIFESTYLE,3.8,1140.0,100000.0,0.728515625,Free,0.0,Everyone
Banfield Pet Health Tracker,MEDICAL,4.2,1747.0,100000.0,5.9,Free,0.0,Everyone
Bangla Calendar 1425: (EN-BN-AR) Holiday,LIFESTYLE,4.5,31.0,1000.0,2.3,Free,0.0,Everyone
Banjo,SOCIAL,4.2,58341.0,1000000.0,9.3,Free,0.0,Everyone
Bank FD Interest Calculator,FINANCE,4.5,166.0,10000.0,3.5,Free,0.0,Everyone
Bank Of Cyprus,FINANCE,4.1,1514.0,100000.0,12.0,Free,0.0,Everyone
Bank of America Mobile Banking,FINANCE,4.4,341090.0,10000000.0,53.0,Free,0.0,Everyone
Bank of Brazil,FINANCE,4.5,1336246.0,10000000.0,39.0,Free,0.0,Everyone
BankMobile Vibe App,FINANCE,4.3,14627.0,1000000.0,23.0,Free,0.0,Everyone
BankNordik,FINANCE,3.9,28.0,5000.0,15.0,Free,0.0,Everyone
Banking Calculator,FINANCE,4.5,3704.0,100000.0,4.6,Free,0.0,Everyone
Banorte Movil,FINANCE,4.1,111632.0,1000000.0,65.0,Free,0.0,Everyone
Bar-B-Q Recipes,FOOD_AND_DRINK,4.8,18.0,5000.0,3.5,Free,0.0,Everyone
Bar-B-Q Rib House,FOOD_AND_DRINK,5.0,2.0,50.0,33.0,Free,0.0,Everyone
Barbers.BH,LIFESTYLE,5.0,2.0,10.0,6.0,Free,0.0,Everyone
Barbie Life™,FAMILY,3.9,133117.0,5000000.0,63.0,Free,0.0,Everyone
Barbie Magical Fashion,FAMILY,4.0,328619.0,10000000.0,15.0,Free,0.0,Everyone
Barbie™ Fashion Closet,FAMILY,4.1,68286.0,10000000.0,85.0,Free,0.0,Everyone
"Barca News - FC Barcelona, World Foot & Transfers",SPORTS,4.8,160.0,10000.0,6.4,Free,0.0,Everyone
Barca News - app for Barcelona FC Fans,SPORTS,4.5,207.0,10000.0,4.5,Free,0.0,Everyone
Barcelona Calendar,SPORTS,4.4,670.0,10000.0,3.1,Free,0.0,Everyone
Barcelona Live - Goal Score & News for Barca Fans,SPORTS,4.4,38.0,10000.0,2.6,Free,0.0,Everyone
Barcelona Live 2018—Goals & News for Barca FC Fans,SPORTS,4.6,342.0,10000.0,38.0,Free,0.0,Everyone
Barcelona News - Sportfusion,SPORTS,4.4,382.0,10000.0,20.0,Free,0.0,Everyone
Barcelona Wallpaper HD,PERSONALIZATION,4.5,93.0,10000.0,5.7,Free,0.0,Everyone
Barclays US for Android,FINANCE,4.1,6998.0,1000000.0,24.0,Free,0.0,Everyone
Barcode Scanner,LIBRARIES_AND_DEMO,4.2,3945.0,500000.0,9.4,Free,0.0,Everyone
Barisal University App-BU Face,FAMILY,5.0,100.0,1000.0,10.0,Free,0.0,Everyone
Barista Coffee Dictionary A-Z,LIFESTYLE,4.3,127.0,10000.0,5.5,Free,0.0,Everyone
Baritastic - Bariatric Tracker,MEDICAL,4.7,4318.0,100000.0,12.0,Free,0.0,Everyone
Barry EC,TOOLS,4.1,14.0,1000.0,3.8,Free,0.0,Everyone
Baseball Boy!,GAME,3.4,148177.0,10000000.0,78.0,Free,0.0,Everyone
Basics of Orthopaedics,MEDICAL,5.0,1.0,10.0,5.6,Free,0.0,Everyone
Basket Manager 2016 Free,SPORTS,4.3,1879.0,100000.0,4.4,Free,0.0,Everyone
Basket Manager 2016 Pro,SPORTS,4.5,117.0,1000.0,4.4,Paid,0.99,Everyone
Basket Manager 2017 Free,SPORTS,4.5,2710.0,100000.0,4.8,Free,0.0,Everyone
Basket Manager 2017 Pro,SPORTS,4.7,163.0,1000.0,4.6,Paid,0.99,Everyone
Basket Manager 2018 Free,SPORTS,3.4,1520.0,50000.0,6.3,Free,0.0,Everyone
Basket Manager 2018 Pro,SPORTS,3.7,84.0,1000.0,6.3,Paid,2.99,Everyone
Basketball Dynasty Manager 16,SPORTS,4.4,426.0,5000.0,21.0,Paid,1.99,Everyone
Basketball FRVR - Shoot the Hoop and Slam Dunk!,FAMILY,4.5,4076.0,100000.0,,Free,0.0,Everyone
Basketball Stars,SPORTS,4.4,867920.0,10000000.0,45.0,Free,0.0,Everyone
Baskin-Robbins,FOOD_AND_DRINK,3.8,1103.0,100000.0,6.6,Free,0.0,Everyone
BatControl Pro,TOOLS,4.9,83.0,500.0,3.1,Paid,3.99,Everyone
Bathroom Decorating Ideas,HOUSE_AND_HOME,4.1,2427.0,500000.0,5.3,Free,0.0,Everyone
Batman: Gotham’s Most Wanted!,FAMILY,4.0,16190.0,1000000.0,88.0,Free,0.0,Everyone
Batmobile™ R/C Controller,FAMILY,3.7,452.0,100000.0,30.0,Free,0.0,Everyone
Battery Calibration,TOOLS,4.4,134412.0,5000000.0,11.0,Free,0.0,Everyone
Battery Doctor-Battery Life Saver & Battery Cooler,TOOLS,4.5,8190074.0,100000000.0,17.0,Free,0.0,Everyone
Battery HD Pro,TOOLS,4.7,17861.0,100000.0,,Paid,3.99,Everyone
Battery Notifier BT Free,TOOLS,4.5,21979.0,1000000.0,0.958984375,Free,0.0,Everyone
Battery Notifier Pro BT,TOOLS,4.7,1363.0,10000.0,1.6,Paid,2.59,Everyone
Battle Gems (AdventureQuest),FAMILY,4.4,48427.0,500000.0,,Free,0.0,Everyone 10+
Battle Result Predictor for CR,TOOLS,4.2,7063.0,1000000.0,17.0,Free,0.0,Everyone
Battle of Zombies: Clans War,FAMILY,4.1,488039.0,10000000.0,58.0,Free,0.0,Teen
Battlefield™ Companion,GAME,4.0,263907.0,10000000.0,62.0,Free,0.0,Everyone 10+
Battleheart Legacy,FAMILY,4.6,7420.0,50000.0,7.4,Paid,4.99,Teen
Battlelands Royale,GAME,4.4,105620.0,1000000.0,61.0,Free,0.0,Everyone 10+
BayPort CU Mobile Banking,FINANCE,4.7,2374.0,10000.0,16.0,Free,0.0,Everyone
Bazar.af,SHOPPING,4.7,13.0,500.0,1.3,Free,0.0,Everyone
Be A Legend: Soccer,SPORTS,3.8,85763.0,1000000.0,21.0,Free,0.0,Everyone
Be Fabulous PHOTO BOOTH,PHOTOGRAPHY,4.1,560.0,10000.0,1.7,Free,0.0,Everyone
Be Like Bill - Maker,FAMILY,4.3,18.0,1000.0,1.7,Free,0.0,Everyone
Be Like Bro - Compilation,FAMILY,4.4,146.0,10000.0,3.9,Free,0.0,Teen
Be My Eyes - Helping the blind,LIFESTYLE,4.9,8418.0,500000.0,21.0,Free,0.0,Everyone
Be My Love Animated Keyboard,PERSONALIZATION,4.6,838.0,50000.0,11.0,Free,0.0,Teen
Be My Princess,FAMILY,4.2,3103.0,100000.0,8.8,Free,0.0,Teen
Be My Princess 2,FAMILY,4.3,2806.0,100000.0,27.0,Free,0.0,Teen
Be My Princess: PARTY,FAMILY,4.4,9443.0,100000.0,21.0,Free,0.0,Teen
Be Stronger,HEALTH_AND_FITNESS,4.8,787.0,1000.0,53.0,Paid,1.99,Everyone
Be U Salons Hair-Beauty Deals In Delhi & Bangalore,LIFESTYLE,4.0,889.0,100000.0,16.0,Free,0.0,Everyone
Be like Bill Generator,FAMILY,4.2,67.0,5000.0,6.5,Free,0.0,Teen
Be like Me - Hay Nhu Toi,PERSONALIZATION,4.3,44.0,1000.0,3.5,Free,0.0,Teen
Be the Manager 2016 (football),SPORTS,4.2,4330.0,100000.0,6.1,Free,0.0,Everyone
Be the Manager 2018 - Football Strategy,SPORTS,4.3,7557.0,100000.0,7.4,Free,0.0,Everyone
Be you GO Launcher Theme,PERSONALIZATION,4.3,1580.0,100000.0,3.6,Free,0.0,Everyone
BeFunky Photo Editor Pro,PHOTOGRAPHY,4.5,4724.0,50000.0,,Paid,1.99,Everyone
BeSoccer - Soccer Live Score,SPORTS,4.5,152780.0,10000000.0,,Free,0.0,Everyone
BeWild Free Dating & Chat App,DATING,3.4,1999.0,100000.0,8.0,Free,0.0,Mature 17+
Beach Buggy Blitz,GAME,4.2,640974.0,50000000.0,47.0,Free,0.0,Everyone
Beach Head Shooting Assault,GAME,3.8,555.0,100000.0,44.0,Free,0.0,Teen
Beach Shoot Em Up: Head Hunter,GAME,4.4,1218.0,500000.0,15.0,Free,0.0,Everyone 10+
Beach Volleyball 3D,SPORTS,4.2,43191.0,5000000.0,14.0,Free,0.0,Everyone
"Beacon Baptist Jupiter, FL",LIFESTYLE,5.0,14.0,100.0,2.6,Free,0.0,Everyone
Beard Live Camera Photo Editor,BEAUTY,4.7,900.0,5000.0,30.0,Free,0.0,Everyone
Beast of Lycan Isle CE,FAMILY,4.1,2683.0,50000.0,20.0,Free,0.0,Everyone 10+
Beautiful Design Birthday Cake,LIFESTYLE,4.3,665.0,500000.0,3.0,Free,0.0,Everyone
Beautiful Widgets Free,PERSONALIZATION,3.9,25037.0,1000000.0,14.0,Free,0.0,Everyone
Beautiful Widgets Pro,PERSONALIZATION,4.2,97890.0,1000000.0,14.0,Paid,2.49,Everyone
Beauty Camera - Selfie Camera,BEAUTY,4.0,113715.0,10000000.0,,Free,0.0,Everyone
Beauty Idol: Fashion Queen,GAME,4.3,128367.0,1000000.0,54.0,Free,0.0,Everyone
Beauty Makeup Snappy Collage Photo Editor - Lidow,PHOTOGRAPHY,4.5,420973.0,10000000.0,,Free,0.0,Everyone
Beauty Makeup – Photo Makeover,PHOTOGRAPHY,4.3,21730.0,1000000.0,19.0,Free,0.0,Everyone
Beauty Rental Shop,FAMILY,4.6,11480.0,100000.0,93.0,Free,0.0,Everyone
Beauty Selfie Camera,BEAUTY,4.2,2225.0,500000.0,52.0,Free,0.0,Everyone
Beauty Tips - Beauty Tips in Sinhala,BEAUTY,4.4,75.0,50000.0,4.2,Free,0.0,Everyone
Beauty and the Beast,FAMILY,4.4,70883.0,1000000.0,31.0,Free,0.0,Everyone
BeautyPlus - Easy Photo Editor & Selfie Camera,PHOTOGRAPHY,4.4,3158151.0,100000000.0,53.0,Free,0.0,Everyone
Beck & Bo: Toddler First Words,FAMILY,4.3,41.0,1000.0,7.9,Paid,2.99,Everyone
Become a Job - Find a job or advertise,BUSINESS,4.1,6903.0,1000000.0,14.0,Free,0.0,Everyone
Bed Time Fan - White Noise Sleep Sounds,LIFESTYLE,4.5,10097.0,500000.0,7.5,Free,0.0,Everyone
Bedouin Rivals,FAMILY,4.2,79826.0,1000000.0,,Free,0.0,Everyone 10+
Bedroom Decorating Ideas,HOUSE_AND_HOME,4.0,2382.0,500000.0,5.9,Free,0.0,Everyone
Bee Mobile EG,FINANCE,4.2,883.0,100000.0,6.5,Free,0.0,Everyone
Bee'ah Employee App,COMMUNICATION,4.0,4.0,100.0,5.4,Free,0.0,Teen
Been Together (Ad) - D-day,LIFESTYLE,4.4,95736.0,10000000.0,,Free,0.0,Everyone
Bejeweled Blitz,FAMILY,4.2,222664.0,10000000.0,98.0,Free,0.0,Everyone
Bejeweled Classic,FAMILY,4.4,203101.0,5000000.0,,Free,0.0,Everyone
Bejeweled Stars: Free Match 3,FAMILY,4.5,85484.0,1000000.0,,Free,0.0,Everyone
Bell and Wyson Camera BW Pix +,LIFESTYLE,2.0,8.0,1000.0,12.0,Free,0.0,Everyone
Ben 10: Alien Experience,FAMILY,4.2,82005.0,10000000.0,45.0,Free,0.0,Everyone 10+
Benefit Extras Mobile App,HEALTH_AND_FITNESS,2.3,3.0,1000.0,2.4,Free,0.0,Everyone
Bengali Newspaper - The first L.,NEWS_AND_MAGAZINES,4.0,11908.0,1000000.0,5.5,Free,0.0,Everyone
Berlin Subway – BVG U-Bahn & S-Bahn map and routes,MAPS_AND_NAVIGATION,4.4,509.0,100000.0,17.0,Free,0.0,Everyone
Berner Zeitung,NEWS_AND_MAGAZINES,3.4,736.0,50000.0,8.5,Free,0.0,Teen
Best Applock - Locker & No Ads,PRODUCTIVITY,4.7,10672.0,100000.0,6.9,Free,0.0,Everyone
Best Auto Call Recorder Free,COMMUNICATION,3.7,7.0,500.0,4.3,Free,0.0,Everyone
Best Browser BD social networking,COMMUNICATION,4.8,6.0,10.0,21.0,Free,0.0,Everyone
Best Buy,SHOPPING,4.4,186116.0,5000000.0,34.0,Free,0.0,Everyone
Best CG Backgrounds,FAMILY,3.6,8.0,500.0,3.7,Free,0.0,Everyone
Best CG views,FAMILY,4.2,4.0,100.0,2.5,Free,0.0,Teen
Best Car Wallpapers,AUTO_AND_VEHICLES,4.5,994.0,100000.0,2.9,Free,0.0,Everyone
Best DP And Video Status 2018 For Whatsapp,FAMILY,4.2,91.0,10000.0,3.8,Free,0.0,Everyone
Best DP and Status,SOCIAL,4.2,93.0,10000.0,5.6,Free,0.0,Teen
Best DP and Status (Daily Updates Photos),FAMILY,4.1,3003.0,1000000.0,3.2,Free,0.0,Everyone
Best Fiends - Free Puzzle Game,GAME,4.6,1480189.0,10000000.0,,Free,0.0,Everyone
Best Friends Dress Up & Makeup,FAMILY,3.7,7664.0,500000.0,44.0,Free,0.0,Everyone
Best Hairstyles step by step,BEAUTY,4.5,45452.0,5000000.0,9.2,Free,0.0,Everyone
Best New Ringtones 2018 Free 🔥 For Android™,LIBRARIES_AND_DEMO,4.6,3014.0,100000.0,21.0,Free,0.0,Everyone
Best Ovulation Tracker Fertility Calendar App Glow,HEALTH_AND_FITNESS,4.6,56145.0,1000000.0,23.0,Free,0.0,Everyone
Best Park in the Universe,GAME,4.3,3904.0,10000.0,5.5,Paid,2.99,Everyone 10+
"Best Wallpapers Backgrounds(100,000+ 4K HD)",COMICS,4.7,3596.0,10000.0,7.8,Free,0.0,Teen
Best Wallpapers QHD,PERSONALIZATION,4.4,294701.0,10000000.0,5.1,Free,0.0,Teen
Best Western To Go,TRAVEL_AND_LOCAL,3.0,2719.0,100000.0,17.0,Free,0.0,Teen
Best Western e-Concierge Hotel,TRAVEL_AND_LOCAL,4.0,41.0,10000.0,23.0,Free,0.0,Everyone
"BestCam Selfie-selfie, beauty camera, photo editor",BEAUTY,3.9,1739.0,500000.0,21.0,Free,0.0,Everyone
Bestie - Camera360 Selfie,PHOTOGRAPHY,4.5,512996.0,10000000.0,23.0,Free,0.0,Everyone
Bet Master Pro Soccer Predictions,SPORTS,4.4,328.0,10000.0,11.0,Free,0.0,Everyone
BetterMe: Weight Loss Workouts,HEALTH_AND_FITNESS,4.2,14709.0,5000000.0,15.0,Free,0.0,Everyone
Betterment,FINANCE,4.4,3780.0,100000.0,11.0,Free,0.0,Everyone
Betting Tips / Sports Tips by CG Tipster,SPORTS,4.1,315.0,10000.0,7.7,Free,0.0,Everyone
Betul Ke Bohong Eh?,GAME,4.2,601.0,100000.0,6.4,Free,0.0,Everyone
BeyondMenu Food Delivery,FOOD_AND_DRINK,4.7,51543.0,1000000.0,,Free,0.0,Everyone
BeyondPod Podcast Manager,NEWS_AND_MAGAZINES,3.9,32121.0,1000000.0,,Free,0.0,Everyone
Bg TV Online,FAMILY,2.3,50.0,10000.0,2.8,Free,0.0,Everyone
Bg+ Call Blocker,TOOLS,4.3,80.0,10000.0,1.7,Free,0.0,Everyone
Bh Public School,FAMILY,5.0,2.0,10.0,8.7,Free,0.0,Everyone
Bhuiyan Land Records Chhattisgarh (CG),NEWS_AND_MAGAZINES,4.5,12.0,5000.0,2.9,Free,0.0,Everyone
Bhunaksha CG,TOOLS,4.1,67.0,10000.0,4.1,Free,0.0,Everyone
Bi en Línea,FINANCE,4.0,5055.0,100000.0,17.0,Free,0.0,Everyone
Bi-Tank,GAME,4.6,12.0,50.0,18.0,Free,0.0,Everyone
Bible,BOOKS_AND_REFERENCE,4.7,2440695.0,100000000.0,,Free,0.0,Teen
Bible KJV,BOOKS_AND_REFERENCE,4.5,42729.0,5000000.0,,Free,0.0,Everyone
Bible du Semeur-BDS (French),BOOKS_AND_REFERENCE,4.5,313.0,50000.0,6.9,Free,0.0,Everyone
Bible with EGW Comments,BOOKS_AND_REFERENCE,4.7,3776.0,100000.0,12.0,Free,0.0,Everyone
Big Days - Events Countdown,LIFESTYLE,4.6,39724.0,1000000.0,,Free,0.0,Everyone
Big Fish Casino – Play Slots & Vegas Games,GAME,4.4,382100.0,10000000.0,,Free,0.0,Teen
Big Hunter,GAME,4.3,245455.0,10000000.0,84.0,Free,0.0,Everyone 10+
Big Q Car Service,MAPS_AND_NAVIGATION,4.4,75.0,5000.0,26.0,Free,0.0,Everyone
"BigOven Recipes, Meal Planner, Grocery List & More",FOOD_AND_DRINK,4.3,31986.0,1000000.0,76.0,Free,0.0,Teen
"BiggerCity: Chat for gay bears, chubs & chasers",DATING,4.1,923.0,100000.0,44.0,Free,0.0,Mature 17+
Bihar Land Records - RoR and EB Quick Pay,TOOLS,4.0,8.0,1000.0,2.2,Free,0.0,Everyone
Bike 3D Configurator,SPORTS,4.3,34062.0,1000000.0,85.0,Free,0.0,Everyone
Bike Computer - GPS Cycling Tracker,HEALTH_AND_FITNESS,4.4,12029.0,1000000.0,4.3,Free,0.0,Everyone
Bike Mayhem Free,GAME,4.3,331692.0,10000000.0,,Free,0.0,Everyone
Bike Race - Bike Blast Rush,GAME,4.4,83891.0,10000000.0,48.0,Free,0.0,Everyone
Bike Race Free - Top Motorcycle Racing Games,GAME,4.5,2586261.0,100000000.0,,Free,0.0,Everyone
Bike Racing 3D,GAME,4.2,951435.0,50000000.0,14.0,Free,0.0,Everyone
Bike Rivals,GAME,4.2,212067.0,10000000.0,48.0,Free,0.0,Everyone
Bike Unchained,SPORTS,4.3,83545.0,5000000.0,23.0,Free,0.0,Everyone
Bilingual Dictionary Audio App,BOOKS_AND_REFERENCE,2.7,68.0,5000.0,87.0,Free,0.0,Everyone
Binaural Beats Meditation,LIBRARIES_AND_DEMO,4.3,411.0,50000.0,95.0,Free,0.0,Everyone
Binaural Beats Therapy,HEALTH_AND_FITNESS,4.3,13724.0,1000000.0,,Free,0.0,Everyone
Bing Ads,BUSINESS,4.1,1828.0,100000.0,13.0,Free,0.0,Everyone
Bingo Party - Free Bingo Games,GAME,4.7,155694.0,1000000.0,92.0,Free,0.0,Teen
Bingo by IGG: Top Bingo+Slots!,GAME,4.7,183343.0,5000000.0,20.0,Free,0.0,Teen
BioLife Plasma Services,MEDICAL,3.5,250.0,100000.0,23.0,Free,0.0,Everyone
Bird - Enjoy The Ride,TRAVEL_AND_LOCAL,4.3,2649.0,500000.0,25.0,Free,0.0,Everyone
Bird Sounds & Bird Ringtones for Free 2018,LIBRARIES_AND_DEMO,4.6,130.0,10000.0,12.0,Free,0.0,Everyone
Birdays - Birthday reminder,EVENTS,4.5,2153.0,50000.0,5.9,Free,0.0,Everyone
Birds Sounds Ringtones & Wallpapers,PERSONALIZATION,4.6,5073.0,1000000.0,23.0,Free,0.0,Everyone 10+
Birmingham City FC,SPORTS,4.5,191.0,10000.0,28.0,Free,0.0,Everyone
Birthdays & Other Events,EVENTS,4.3,456.0,50000.0,2.8,Free,0.0,Everyone
BitTorrent®- Torrent Downloads,VIDEO_PLAYERS,4.5,641219.0,10000000.0,,Free,0.0,Everyone
Bita and the Animals - Pelos Ares,FAMILY,4.4,1160.0,100000.0,37.0,Free,0.0,Everyone
Bitcoin & Cryptocurrency - Bx,FINANCE,4.8,11.0,1000.0,3.7,Free,0.0,Everyone
Bitcoin BX Thailand,FINANCE,3.7,120.0,10000.0,31.0,Free,0.0,Everyone
Bitcoin BX Thailand PRO,FINANCE,1.7,21.0,100.0,21.0,Paid,4.99,Everyone
Bitcoin Bx (Thailand),FINANCE,4.5,101.0,10000.0,6.9,Free,0.0,Everyone
Bitcoin Ticker Widget,FINANCE,4.6,25744.0,500000.0,,Free,0.0,Everyone
Bitdefender Antivirus Free,TOOLS,4.5,78629.0,1000000.0,6.3,Free,0.0,Everyone
Bitmoji – Your Personal Emoji,FAMILY,4.6,2312084.0,100000000.0,,Free,0.0,Teen
Bits Watch Face,PRODUCTIVITY,4.0,6205.0,100000.0,,Free,0.0,Everyone
Bixby Button Remapper - bxActions,TOOLS,4.3,13064.0,1000000.0,4.6,Free,0.0,Everyone
Bixby Button Remapper - bxActions Pro / Coffee,TOOLS,3.9,319.0,10000.0,0.0244140625,Paid,2.99,Everyone
Bk Usha behn,LIFESTYLE,5.0,10.0,1000.0,3.0,Free,0.0,Everyone
BkEmu - BK-0010/11M emulator,FAMILY,4.6,222.0,10000.0,1.4,Free,0.0,Everyone
Black & White Camera - Lovely BW,PHOTOGRAPHY,4.2,329.0,100000.0,4.8,Free,0.0,Everyone
Black Commando | Special Ops | FPS Shooting,GAME,4.1,1167.0,100000.0,72.0,Free,0.0,Teen
Black People Meet Singles Date,DATING,3.9,10212.0,1000000.0,5.0,Free,0.0,Mature 17+
Black Social,SOCIAL,4.6,22.0,1000.0,8.7,Free,0.0,Teen
Black Survival,FAMILY,4.4,48451.0,1000000.0,52.0,Free,0.0,Teen
Black Theme Go Launcher EX,PERSONALIZATION,4.1,285.0,50000.0,3.9,Free,0.0,Teen
"Black Wallpaper, AMOLED, Dark Background: Darkify",LIFESTYLE,4.6,51357.0,5000000.0,80.0,Free,0.0,Everyone
Black White Interracial Dating - Interracial Match,DATING,4.1,537.0,100000.0,28.0,Free,0.0,Mature 17+
BlackCam Pro - B&W Camera,PHOTOGRAPHY,4.5,1376.0,100000.0,5.5,Paid,1.49,Everyone
BlackJack -21 Casino Card Game,GAME,4.7,2066.0,100000.0,25.0,Free,0.0,Teen
BlackJack 21 Pro,GAME,4.5,26744.0,500000.0,51.0,Free,0.0,Teen
Blackjack,GAME,4.3,52199.0,1000000.0,,Free,0.0,Teen
Blackjack Verite Drills,GAME,4.6,17.0,100.0,4.7,Paid,14.0,Teen
Blackjack aj Poker,GAME,3.8,8.0,1000.0,4.2,Free,0.0,Teen
Blackpink as if it's your last,LIBRARIES_AND_DEMO,4.7,831.0,100000.0,24.0,Free,0.0,Everyone
Blagues et Histoires Drôles,FAMILY,3.9,859.0,100000.0,5.3,Free,0.0,Teen
Blamburger - Clarence,FAMILY,4.1,30444.0,1000000.0,27.0,Free,0.0,Everyone 10+
Bleacher Report Live,SPORTS,4.0,232.0,50000.0,32.0,Free,0.0,Everyone
"Bleacher Report: sports news, scores, & highlights",SPORTS,4.4,122283.0,5000000.0,,Free,0.0,Everyone 10+
"Blendr - Chat, Flirt & Meet",DATING,4.0,28671.0,1000000.0,,Free,0.0,Mature 17+
Blibli.com Online Shopping,SHOPPING,4.2,171584.0,10000000.0,12.0,Free,0.0,Everyone
Blidz - Hunt Free Deals On Trending Items!,SHOPPING,4.4,1659.0,50000.0,33.0,Free,0.0,Everyone
Blinkist - Nonfiction Books,EDUCATION,4.1,16103.0,1000000.0,13.0,Free,0.0,Everyone
BlitzWolf Shutter - BW Shutter,PHOTOGRAPHY,2.9,333.0,50000.0,1.8,Free,0.0,Everyone
Blitzer.de,MAPS_AND_NAVIGATION,4.5,65590.0,5000000.0,18.0,Free,0.0,Everyone
Block Battles: Heroes at War - Multiplayer PVP,GAME,4.3,6698.0,500000.0,46.0,Free,0.0,Everyone 10+
Block Buddy,MEDICAL,4.0,15.0,1000.0,5.0,Paid,14.99,Everyone
Block City Wars + skins export,FAMILY,4.5,762706.0,10000000.0,28.0,Free,0.0,Teen
Block Craft 3D: Building Simulator Games For Free,GAME,4.5,946926.0,50000000.0,57.0,Free,0.0,Everyone
Block Gun 3D: Call of Destiny,GAME,3.7,31883.0,1000000.0,20.0,Free,0.0,Teen
Block Gun 3D: Ghost Ops,GAME,3.9,142693.0,5000000.0,21.0,Free,0.0,Teen
Block Gun 3D: Haunted Hollow,GAME,3.8,16282.0,1000000.0,35.0,Free,0.0,Teen
Block Puzzle,GAME,4.6,59907.0,5000000.0,7.8,Free,0.0,Everyone
Block Puzzle - Wood Legend,FAMILY,4.4,318867.0,10000000.0,10.0,Free,0.0,Everyone
Block Puzzle : Night in Egypt,FAMILY,4.4,276.0,50000.0,16.0,Free,0.0,Everyone
Block Puzzle Classic Legend !,GAME,4.2,17044.0,5000000.0,4.9,Free,0.0,Everyone
Block Strike,GAME,4.5,947515.0,10000000.0,60.0,Free,0.0,Teen
Block Survival Craft:The Story,FAMILY,4.1,7046.0,500000.0,87.0,Free,0.0,Everyone 10+
Block! Hexa Puzzle™,FAMILY,4.5,472247.0,50000000.0,,Free,0.0,Everyone
Blogaway for Android (Blogger),SOCIAL,3.7,4253.0,100000.0,4.1,Free,0.0,Teen
Blogger,SOCIAL,3.7,138026.0,5000000.0,2.7,Free,0.0,Mature 17+
Bloglovin',SOCIAL,3.9,8936.0,500000.0,,Free,0.0,Everyone
Blood Domination - BL Game,GAME,4.5,415.0,10000.0,52.0,Free,0.0,Mature 17+
Blood Donor,MEDICAL,4.2,4476.0,500000.0,20.0,Free,0.0,Everyone
Blood Glucose Tracker,HEALTH_AND_FITNESS,4.6,9612.0,100000.0,3.5,Free,0.0,Everyone
Blood Injection : ER Emergency Doctor ER injection,FAMILY,3.5,246.0,50000.0,35.0,Free,0.0,Teen
Blood Pressure,MEDICAL,4.2,33033.0,5000000.0,7.4,Free,0.0,Everyone
Blood Pressure - Heartcare,MEDICAL,4.2,70.0,10000.0,1.9,Free,0.0,Everyone
Blood Pressure - Stay Healthy,MEDICAL,4.6,7.0,1000.0,2.7,Free,0.0,Everyone
Blood Pressure Companion,MEDICAL,4.2,178.0,1000.0,4.8,Paid,0.99,Everyone
Blood Pressure Diary,FAMILY,4.6,47.0,5000.0,3.3,Free,0.0,Everyone
Blood Pressure Info,FAMILY,3.9,174423.0,10000000.0,7.9,Free,0.0,Everyone
Blood Pressure Log - MyDiary,MEDICAL,4.7,8348.0,500000.0,2.6,Free,0.0,Everyone
Blood Pressure Log - bpresso.com,MEDICAL,4.2,5661.0,500000.0,,Free,0.0,Everyone
Blood Pressure Monitor,MEDICAL,4.3,17.0,10000.0,6.0,Free,0.0,Everyone
Blood Pressure Tracker,MEDICAL,4.0,11.0,1000.0,1.8,Free,0.0,Everyone
Blood Pressure(BP) Diary,MEDICAL,3.7,3596.0,1000000.0,8.4,Free,0.0,Everyone
Blood Pressure(BP) Report Lite,MEDICAL,4.0,91.0,10000.0,0.3271484375,Free,0.0,Everyone
Blood pressure,HEALTH_AND_FITNESS,3.4,2256.0,500000.0,1.6,Free,0.0,Everyone
Bloomberg Professional,FINANCE,4.1,3334.0,500000.0,,Free,0.0,Everyone
Bloomberg: Market & Financial News,NEWS_AND_MAGAZINES,4.2,61692.0,10000000.0,27.0,Free,0.0,Everyone
Bloons TD 5,FAMILY,4.6,190086.0,1000000.0,94.0,Paid,2.99,Everyone
Blossom Blast Saga,GAME,4.5,1125438.0,10000000.0,63.0,Free,0.0,Everyone
BluTV,VIDEO_PLAYERS,3.9,28835.0,1000000.0,,Free,0.0,Teen
Blue CareOnDemand,MEDICAL,4.4,163.0,10000.0,40.0,Free,0.0,Everyone
BlueJeans for Android,BUSINESS,3.9,1058.0,500000.0,23.0,Free,0.0,Everyone
Bluebird by American Express,FINANCE,4.2,15703.0,1000000.0,,Free,0.0,Everyone
Bluetooth Auto Connect,COMMUNICATION,3.9,20829.0,5000000.0,1.9,Free,0.0,Everyone
Bluetooth Control BT->uC FREE,TOOLS,3.8,67.0,10000.0,2.7,Free,0.0,Everyone
Bluetooth Pair,TOOLS,3.5,1960.0,1000000.0,2.7,Free,0.0,Everyone
Blur,PHOTOGRAPHY,4.0,9013.0,1000000.0,2.4,Free,0.0,Everyone
Blur Image - DSLR focus effect,PHOTOGRAPHY,3.9,38055.0,5000000.0,4.1,Free,0.0,Everyone
Blur Image Background,PHOTOGRAPHY,3.9,129272.0,10000000.0,11.0,Free,0.0,Everyone
Blur Image Background Editor (Blur Photo Editor),PHOTOGRAPHY,4.4,62421.0,5000000.0,9.6,Free,0.0,Everyone
Blurfoto : Auto blur photo background & DSLR focus,PHOTOGRAPHY,4.3,2215.0,500000.0,12.0,Free,0.0,Everyone
Bo Aung Din,EVENTS,4.1,110.0,5000.0,2.6,Free,0.0,Teen
Bo's Bedtime Story,FAMILY,4.2,13.0,1000.0,23.0,Paid,2.49,Everyone
Bo's Dinnertime Story,FAMILY,4.3,6.0,1000.0,33.0,Paid,2.49,Everyone
Bo's School Day,FAMILY,4.7,10.0,1000.0,30.0,Paid,2.99,Everyone
Board Game Stats: Play tracking for tabletop games,LIFESTYLE,4.6,275.0,5000.0,3.9,Paid,2.99,Everyone
Body Scanner xray Real Camera Prank Entertaintment,FAMILY,2.6,17.0,5000.0,4.6,Free,0.0,Everyone
Body scanner (prank),FAMILY,3.3,16063.0,1000000.0,3.8,Free,0.0,Teen
Bokeh (Background defocus),PHOTOGRAPHY,4.0,50109.0,10000000.0,,Free,0.0,Everyone
Bolt - EV Charging Service,AUTO_AND_VEHICLES,3.0,9.0,100.0,8.4,Free,0.0,Everyone
Bomb and Nade Timer for CS:GO,PRODUCTIVITY,2.6,85.0,5000.0,6.0,Free,0.0,Everyone
BombSquad Remote,GAME,4.1,13304.0,1000000.0,1.3,Free,0.0,Everyone
Bomber Friends,GAME,4.5,776730.0,10000000.0,49.0,Free,0.0,Everyone 10+
Bono’s Pit Bar-B-Q,FAMILY,2.3,3.0,1000.0,36.0,Free,0.0,Everyone 10+
Bonza Poly Art - Tenkyu Animal Jam for Kids,FAMILY,4.1,22.0,1000.0,31.0,Free,0.0,Everyone
Book of AK-47,LIFESTYLE,3.8,6.0,500.0,3.4,Free,0.0,Everyone
Book store,BOOKS_AND_REFERENCE,4.4,22486.0,1000000.0,5.4,Free,0.0,Teen
BookBaby - Baby Development,PARENTING,4.6,1002.0,50000.0,5.0,Free,0.0,Everyone
Booking Revolution,SPORTS,4.2,140883.0,5000000.0,59.0,Free,0.0,Teen
Booking.com Travel Deals,TRAVEL_AND_LOCAL,4.7,1830388.0,100000000.0,,Free,0.0,Everyone
Boom Beach,FAMILY,4.5,5591653.0,50000000.0,95.0,Free,0.0,Everyone 10+
Boomerang,FAMILY,4.2,13519.0,1000000.0,51.0,Free,0.0,Everyone
Boomerang Make and Race,FAMILY,4.4,281448.0,10000000.0,70.0,Free,0.0,Everyone
Boomerang from Instagram,PHOTOGRAPHY,4.4,928720.0,50000000.0,,Free,0.0,Everyone
Bootable Methods(USB-CD-DVD),BOOKS_AND_REFERENCE,3.4,37.0,10000.0,3.4,Free,0.0,Everyone
"Borneo Bible, BM Bible",BOOKS_AND_REFERENCE,4.9,659.0,10000.0,5.0,Free,0.0,Everyone
Boston University Alumni,FAMILY,1.8,5.0,1000.0,5.2,Free,0.0,Everyone
Bounce Classic,GAME,4.5,38297.0,10000000.0,6.4,Free,0.0,Everyone
Bowers & Wilkins DB Subwoofers,TOOLS,3.9,21.0,10000.0,11.0,Free,0.0,Everyone
Bowmasters,GAME,4.7,1536349.0,50000000.0,,Free,0.0,Teen
Box,BUSINESS,4.2,159872.0,10000000.0,,Free,0.0,Everyone
Boxed Wholesale,SHOPPING,3.8,6380.0,1000000.0,,Free,0.0,Everyone
Boyaa Poker (En) – Social Texas Hold’em,GAME,4.3,71468.0,1000000.0,51.0,Free,0.0,Teen
Boys Photo Editor - Six Pack & Men's Suit,ART_AND_DESIGN,4.1,654.0,100000.0,12.0,Free,0.0,Everyone
Br Browser,SOCIAL,4.9,29.0,500.0,2.5,Free,0.0,Everyone
Br Shafi,FAMILY,4.9,1288.0,10000.0,26.0,Free,0.0,Everyone
Br. Parking - Busy road Parking 3D 2018,FAMILY,4.5,41.0,5000.0,30.0,Free,0.0,Everyone
Brain Waves - Binaural Beats,HEALTH_AND_FITNESS,4.4,5038.0,500000.0,10.0,Free,0.0,Everyone
Brainf*ck Interpreter,FAMILY,4.0,24.0,1000.0,1.9,Free,0.0,Mature 17+
Branch,FINANCE,4.6,69973.0,1000000.0,3.8,Free,0.0,Everyone
Brandon Lakes AH,MEDICAL,2.6,5.0,100.0,27.0,Free,0.0,Everyone
Brave Browser: Fast AdBlocker,COMMUNICATION,4.3,40241.0,5000000.0,,Free,0.0,Everyone
Break the Egg,FAMILY,2.6,366.0,50000.0,6.0,Free,0.0,Everyone
"Breaking News, Local news, Attacks and Alerts Free",NEWS_AND_MAGAZINES,4.7,2543.0,500000.0,6.3,Free,0.0,Everyone
Breathing Zone,MEDICAL,4.6,319.0,5000.0,,Paid,3.99,Everyone
Breweries (CZ/SK),LIFESTYLE,4.4,1740.0,50000.0,4.4,Free,0.0,Teen
Brexit EU,FAMILY,4.4,7.0,500.0,7.5,Free,0.0,Everyone
Brica BPRO5 AE,PHOTOGRAPHY,3.9,4726.0,500000.0,3.9,Free,0.0,Everyone
Brick Breaker BR,GAME,5.0,7.0,5.0,19.0,Free,0.0,Everyone
Bricks n Balls,GAME,4.4,30253.0,1000000.0,,Free,0.0,Everyone
Bridge Constructor Playground FREE,FAMILY,3.9,137377.0,5000000.0,30.0,Free,0.0,Everyone
Bridge Constructor Stunts FREE,FAMILY,4.1,36151.0,1000000.0,46.0,Free,0.0,Everyone
Bridge-C - Get More Storage,TOOLS,2.0,24.0,1000.0,35.0,Free,0.0,Everyone
Brightest Flashlight - LED Light,TOOLS,4.5,876866.0,50000000.0,9.1,Free,0.0,Everyone
Brightest Flashlight Free ®,TOOLS,4.7,1335799.0,50000000.0,3.8,Free,0.0,Everyone
Brightest LED Flashlight,TOOLS,4.5,60571.0,5000000.0,,Free,0.0,Everyone
Brilliant,EDUCATION,4.5,41185.0,1000000.0,,Free,0.0,Everyone
Brilliant Distinctions®,MEDICAL,2.8,78.0,50000.0,72.0,Free,0.0,Everyone
"Brilliant Quotes: Life, Love, Family & Motivation",BOOKS_AND_REFERENCE,4.5,67186.0,1000000.0,6.3,Free,0.0,Everyone 10+
BringGo AU & NZ,MAPS_AND_NAVIGATION,2.8,440.0,10000.0,23.0,Paid,0.99,Everyone
Brit + Co,LIFESTYLE,3.9,987.0,10000.0,4.5,Free,0.0,Everyone
British Airways,TRAVEL_AND_LOCAL,4.2,25740.0,1000000.0,51.0,Free,0.0,Everyone
British Columbia License,FAMILY,3.3,14.0,1000.0,11.0,Free,0.0,Everyone
British Columbia Tourist Places (Guide),TRAVEL_AND_LOCAL,4.0,1.0,100.0,3.0,Free,0.0,Everyone
Broken Screen Prank,FAMILY,3.3,23682.0,1000000.0,9.8,Free,0.0,Teen
Browser 4G,COMMUNICATION,4.3,192948.0,10000000.0,6.6,Free,0.0,Everyone
Browsery by Barnes & Noble,BOOKS_AND_REFERENCE,4.7,146.0,5000.0,34.0,Free,0.0,Everyone
Bsc Agri Notes,FAMILY,4.5,301.0,10000.0,5.6,Free,0.0,Everyone
Bt Notifier -Smartwatch notice,TOOLS,2.8,632.0,500000.0,8.2,Free,0.0,Everyone
Bu the Baby Bunny - Cute pet care game,FAMILY,4.4,37122.0,1000000.0,89.0,Free,0.0,Everyone
Bualuang mBanking,FINANCE,4.0,48445.0,5000000.0,10.0,Free,0.0,Everyone
Bubble,TOOLS,4.5,31621.0,5000000.0,0.203125,Free,0.0,Everyone
Bubble Bird Rescue,FAMILY,4.2,70753.0,5000000.0,14.0,Free,0.0,Everyone
Bubble Bo-Bo,FAMILY,4.5,65.0,10000.0,24.0,Free,0.0,Everyone
Bubble Shooter,GAME,4.5,148990.0,10000000.0,46.0,Free,0.0,Everyone
Bubble Shooter 2,GAME,4.3,23043.0,5000000.0,,Free,0.0,Everyone
Bubble Shooter DX,FAMILY,4.2,636.0,100000.0,4.0,Free,0.0,Everyone
Bubble Shooter Genies,GAME,4.5,26985.0,5000000.0,41.0,Free,0.0,Everyone
Bubble Shooter Space,GAME,4.2,4355.0,1000000.0,,Free,0.0,Everyone
Bubble Witch 2 Saga,FAMILY,4.3,2838064.0,100000000.0,,Free,0.0,Everyone
Bubble Witch 3 Saga,GAME,4.7,1732263.0,50000000.0,78.0,Free,0.0,Everyone
Bubbu – My Virtual Pet,FAMILY,4.7,394842.0,10000000.0,75.0,Free,0.0,Everyone
Buff Thun - Daily Free Webtoon / Comics / Web Fiction / Mini Game,COMICS,4.5,9952.0,500000.0,38.0,Free,0.0,Everyone 10+
Build a Bridge!,FAMILY,4.6,263454.0,10000000.0,74.0,Free,0.0,Everyone
Build.com - Shop Home Improvement & Expert Advice,HOUSE_AND_HOME,4.5,118.0,50000.0,72.0,Free,0.0,Everyone
Builder (by Engineer.ai),PRODUCTIVITY,3.6,8.0,100.0,3.2,Free,0.0,Everyone
Builder Craft: House Building & Exploration,FAMILY,4.2,20807.0,1000000.0,52.0,Free,0.0,Everyone 10+
Bukalapak - Buy and Sell Online,SHOPPING,4.4,662287.0,10000000.0,21.0,Free,0.0,Everyone
Bulgarian French Dictionary Fr,BOOKS_AND_REFERENCE,4.6,603.0,10000.0,7.4,Free,0.0,Everyone
Bullet - FN Theme,PERSONALIZATION,3.8,143.0,5000.0,0.234375,Free,0.0,Everyone
Bullet Force,GAME,4.5,634159.0,10000000.0,58.0,Free,0.0,Teen
Bullshit! (Free),GAME,2.4,45.0,10000.0,4.1,Free,0.0,Teen
Bullshite!,GAME,2.8,48.0,10000.0,13.0,Free,0.0,Teen
Bunny Skater,GAME,4.2,139432.0,10000000.0,4.7,Free,0.0,Everyone
Burger King Foot Lettuce,FAMILY,4.4,150.0,10000.0,5.9,Free,0.0,Everyone
Burger King Italia,LIFESTYLE,4.0,4160.0,500000.0,30.0,Free,0.0,Everyone
Burn Your Fat With Me! FG,HEALTH_AND_FITNESS,4.5,38487.0,1000000.0,60.0,Free,0.0,Teen
Burner - Free Phone Number,COMMUNICATION,4.3,14873.0,1000000.0,,Free,0.0,Everyone
Burnley FC,SPORTS,4.9,195.0,5000.0,29.0,Free,0.0,Everyone
Burrito Bash – We Bare Bears,FAMILY,4.3,10776.0,1000000.0,21.0,Free,0.0,Everyone
Bus Driver 3D: Hill Station,FAMILY,4.3,31705.0,5000000.0,49.0,Free,0.0,Everyone
Bus Rush: Subway Edition,GAME,4.1,753043.0,100000000.0,57.0,Free,0.0,Teen
Buscapé - Offers and discounts,SHOPPING,4.4,108592.0,10000000.0,8.3,Free,0.0,Everyone
Business Calendar 2,PRODUCTIVITY,4.6,102594.0,5000000.0,15.0,Free,0.0,Everyone
Business Calendar Pro,PRODUCTIVITY,4.6,27135.0,100000.0,,Paid,4.99,Everyone
Business Dictionary,BUSINESS,4.2,5988.0,500000.0,,Free,0.0,Everyone
Business Intelligence & Data,FAMILY,4.9,7.0,1000.0,3.5,Free,0.0,Everyone
Business Mitra (BM),BUSINESS,4.9,13.0,100.0,5.3,Free,0.0,Everyone
BusyBox Pro,TOOLS,4.7,8114.0,100000.0,,Paid,2.49,Everyone
Butterfly Live Wallpaper,PERSONALIZATION,4.1,35771.0,5000000.0,3.5,Free,0.0,Everyone
Butterfly Pixel Art - coloring by number,FAMILY,4.6,769.0,100000.0,13.0,Free,0.0,Everyone
Buttocks and Abdomen,HEALTH_AND_FITNESS,4.4,465.0,500000.0,6.4,Free,0.0,Everyone
Buzz Launcher-Smart&Free Theme,PERSONALIZATION,4.4,251616.0,10000000.0,13.0,Free,0.0,Everyone
"BuzzFeed: News, Tasty, Quizzes",NEWS_AND_MAGAZINES,4.3,131028.0,5000000.0,13.0,Free,0.0,Teen
Bw Events,EVENTS,4.4,16.0,100.0,1.7,Free,0.0,Everyone
Bx Thailand Alert (Bitcoin),FINANCE,4.7,3.0,100.0,8.2,Free,0.0,Everyone
BxPort - Bitcoin Bx (Thailand),FINANCE,5.0,4.0,50.0,4.1,Free,0.0,Everyone
ByssWeather for Wear OS,WEATHER,4.2,19666.0,1000000.0,,Free,0.0,Everyone
Büfe BU,LIFESTYLE,4.1,14.0,100.0,13.0,Free,0.0,Everyone
C B Patel Health Club,HEALTH_AND_FITNESS,5.0,5.0,100.0,14.0,Free,0.0,Everyone
C BOOK-C PROGRAMS,FAMILY,4.8,138.0,10000.0,2.1,Free,0.0,Everyone
C Examples,FAMILY,4.2,1002.0,10000.0,4.4,Free,0.0,Everyone
C Functions,FAMILY,4.8,55.0,1000.0,1.5,Free,0.0,Everyone
C I Patel School,FAMILY,4.1,101.0,1000.0,5.1,Free,0.0,Everyone
"C Launcher: Themes, Wallpapers, DIY, Smart, Clean",PERSONALIZATION,4.5,901110.0,10000000.0,,Free,0.0,Everyone 10+
C Locker Pro,PERSONALIZATION,4.2,1531.0,10000.0,7.7,Paid,2.99,Everyone
C Offline Tutorial,BOOKS_AND_REFERENCE,4.7,88.0,1000.0,4.2,Free,0.0,Everyone
C Pattern Programs Free,FAMILY,4.5,4115.0,100000.0,5.8,Free,0.0,Everyone
C Programming,EDUCATION,4.3,22251.0,1000000.0,1.8,Free,0.0,Everyone
"C Programming - Learn Code, Theory & Discuss",FAMILY,4.5,2751.0,100000.0,7.0,Free,0.0,Everyone
C Programming Zone,FAMILY,4.6,1218.0,50000.0,4.0,Free,0.0,Everyone
C Programs Handbook,BOOKS_AND_REFERENCE,4.0,459.0,50000.0,3.1,Free,0.0,Everyone
C Programs and Reference,BOOKS_AND_REFERENCE,4.2,873.0,50000.0,2.5,Free,0.0,Everyone
C Prowess,FAMILY,4.8,306.0,5000.0,3.3,Free,0.0,Everyone
C W Browser,COMMUNICATION,4.4,14.0,100.0,17.0,Free,0.0,Everyone
C by GE,LIFESTYLE,1.7,686.0,10000.0,6.6,Free,0.0,Everyone
C++ Programming,EDUCATION,4.3,11904.0,1000000.0,1.8,Free,0.0,Everyone
C++ Tutorials,EDUCATION,4.1,358.0,50000.0,1.9,Free,0.0,Everyone
C-SPAN Radio,FAMILY,3.6,608.0,100000.0,5.4,Free,0.0,Everyone
C.S. Lewis Daily Quotes,LIFESTYLE,4.1,75.0,10000.0,11.0,Free,0.0,Everyone
C4droid - C/C++ compiler & IDE,FAMILY,4.7,2890.0,50000.0,,Paid,2.99,Everyone
CA Auth ID,TOOLS,3.8,39.0,10000.0,0.3662109375,Free,0.0,Teen
CA CS Network,FAMILY,4.7,160.0,5000.0,19.0,Free,0.0,Everyone
CA Case Management,BUSINESS,2.4,16.0,500.0,5.2,Free,0.0,Everyone
CA Clarity Mobile Time Manager,BUSINESS,3.1,104.0,10000.0,5.3,Free,0.0,Everyone
CA DMV,TOOLS,4.2,5463.0,1000000.0,6.0,Free,0.0,Everyone
CA Laws 2018 (California Laws and Codes),BOOKS_AND_REFERENCE,3.9,56.0,5000.0,38.0,Free,0.0,Everyone
CA Lottery Official App,FAMILY,4.2,7000.0,1000000.0,26.0,Free,0.0,Teen
CA Mobile OTP,TOOLS,3.3,688.0,100000.0,5.5,Free,0.0,Everyone
CA Service Management,BUSINESS,3.4,91.0,10000.0,8.3,Free,0.0,Everyone
CA Speakers,LIFESTYLE,5.0,12.0,100.0,1.2,Paid,0.99,Teen
CA Speakers Free,LIFESTYLE,4.8,74.0,5000.0,2.9,Free,0.0,Teen
CA UIM Mobile,BUSINESS,3.2,54.0,1000.0,7.7,Free,0.0,Everyone
CA World '17,PRODUCTIVITY,3.7,7.0,1000.0,18.0,Free,0.0,Teen
CABLE SIZE CALCULATOR BS 7671,TOOLS,3.9,333.0,100000.0,1.1,Free,0.0,Everyone
CALCU™ Stylish Calculator Free,TOOLS,4.7,152692.0,5000000.0,11.0,Free,0.0,Everyone
CALIOPE EU: Air Quality,HEALTH_AND_FITNESS,3.9,21.0,1000.0,2.2,Free,0.0,Everyone
CAPTCHA Pack for Sleep as Android,LIFESTYLE,4.0,448.0,50000.0,3.1,Free,0.0,Everyone
CARDI B WALLPAPERS,PERSONALIZATION,4.1,8.0,1000.0,4.5,Free,0.0,Everyone
CARDIAC CT TECHNIQUE,MEDICAL,5.0,6.0,1000.0,17.0,Free,0.0,Everyone
CARS.bg,AUTO_AND_VEHICLES,4.5,276.0,100000.0,1.7,Free,0.0,Everyone
CASE K-12 Math English Science,FAMILY,4.6,60.0,10000.0,2.1,Free,0.0,Everyone
CASHIER,FINANCE,3.3,335738.0,10000000.0,,Free,0.0,Everyone
CATS: Crash Arena Turbo Stars,GAME,4.7,1559650.0,50000000.0,,Free,0.0,Everyone
CB Background - Free HD Wallpaper Images,PERSONALIZATION,4.1,4538.0,1000000.0,3.3,Free,0.0,Everyone
CB Bank Mobile Banking,FINANCE,4.5,1308.0,100000.0,3.7,Free,0.0,Everyone
CB Edits PNG & CB Backgrounds,PHOTOGRAPHY,4.2,17.0,5000.0,3.4,Free,0.0,Everyone
CB Fit,HEALTH_AND_FITNESS,5.0,1.0,10.0,7.8,Free,0.0,Everyone
CB Frequencies,TOOLS,4.0,5.0,100.0,1.4,Paid,0.99,Everyone
CB Frequencies FREE!,TOOLS,3.1,364.0,100000.0,2.3,Free,0.0,Everyone
CB Hair Png - New Hair Png For CB Editing,PHOTOGRAPHY,4.6,26.0,500.0,7.2,Free,0.0,Everyone
CB Heroes,SOCIAL,5.0,5.0,5.0,1.8,Free,0.0,Everyone
CB Mobile Access,FINANCE,1.5,57.0,1000.0,25.0,Free,0.0,Everyone
CB Mobile Biz,FINANCE,1.0,3.0,500.0,8.4,Free,0.0,Everyone
CB News,FAMILY,5.0,7.0,50.0,20.0,Free,0.0,Everyone
CB On Mobile,COMMUNICATION,4.1,901.0,100000.0,0.3154296875,Free,0.0,Teen
CB Outdoors,FAMILY,3.8,5.0,1000.0,12.0,Free,0.0,Everyone
CB Pay,FINANCE,4.5,198.0,10000.0,11.0,Free,0.0,Everyone
CB Radio Chat - for friends!,COMMUNICATION,4.0,17998.0,1000000.0,7.9,Free,0.0,Teen
CB Register,FAMILY,5.0,1.0,10.0,5.6,Free,0.0,Everyone
CB Trader,FINANCE,4.7,11.0,1000.0,2.2,Free,0.0,Everyone
CB Underground,LIFESTYLE,3.3,3.0,500.0,7.4,Free,0.0,Everyone
CB VIDEO VISION,PHOTOGRAPHY,5.0,13.0,100.0,2.6,Free,0.0,Everyone
CB-Mobile Banking,FINANCE,4.5,96.0,10000.0,12.0,Free,0.0,Everyone
CBRadioTab,TOOLS,3.9,127.0,50000.0,1.5,Free,0.0,Everyone
CBS - Full Episodes & Live TV,ENTERTAINMENT,3.8,92058.0,10000000.0,12.0,Free,0.0,Teen
CBS News,NEWS_AND_MAGAZINES,4.3,23641.0,1000000.0,23.0,Free,0.0,Everyone 10+
"CBS Sports App - Scores, News, Stats & Watch Live",SPORTS,4.3,91035.0,5000000.0,,Free,0.0,Everyone
CBS Sports Fantasy,SPORTS,4.0,43611.0,1000000.0,27.0,Free,0.0,Everyone
CCHT PREP,MEDICAL,3.6,25.0,1000.0,0.259765625,Paid,10.99,Everyone
CCP DZ : Fill out a check | Number in letters DZD,FINANCE,4.7,642.0,10000.0,3.2,Free,0.0,Everyone
CCleaner,TOOLS,4.4,885187.0,50000000.0,22.0,Free,0.0,Everyone
CD CHOICE TUBE,FAMILY,5.0,10.0,500.0,5.8,Free,0.0,Everyone
CD COMET,MAPS_AND_NAVIGATION,4.3,12.0,100.0,2.6,Free,0.0,Everyone
CD Library,PRODUCTIVITY,3.9,44.0,10000.0,3.3,Free,0.0,Everyone
CD Ready,BUSINESS,4.6,52.0,1000.0,,Free,0.0,Everyone
CD-Zing,BUSINESS,3.8,70.0,1000.0,,Free,0.0,Everyone
CDL Practice Test 2018 Edition,AUTO_AND_VEHICLES,4.9,7774.0,100000.0,17.0,Free,0.0,Everyone
CE Broker,FAMILY,3.7,190.0,10000.0,12.0,Free,0.0,Everyone
CE Map - Interactive Conan Exiles Map,MAPS_AND_NAVIGATION,4.5,62.0,1000.0,1.6,Paid,0.99,Everyone
CE Smart,TOOLS,5.0,3.0,100.0,29.0,Free,0.0,Everyone
CE on the go,TOOLS,4.4,79.0,10000.0,3.7,Free,0.0,Everyone
CEHQ - CE Credits for Nurses,FAMILY,4.5,12.0,1000.0,4.0,Free,0.0,Everyone
CF,FINANCE,5.0,2.0,100.0,2.0,Free,0.0,Everyone
CF Appreciation,LIFESTYLE,2.0,11.0,1000.0,6.2,Free,0.0,Everyone
CF Calculator,LIFESTYLE,3.3,25.0,1000.0,4.7,Free,0.0,Everyone
CF Chat: Connecting Friends,COMMUNICATION,3.4,5.0,100.0,2.4,Free,0.0,Teen
CF Climb,LIFESTYLE,1.5,2.0,100.0,3.0,Free,0.0,Everyone
CF GeneE,MEDICAL,4.3,16.0,1000.0,40.0,Free,0.0,Everyone
CF Invest,FINANCE,4.4,11.0,500.0,4.6,Free,0.0,Everyone
CF Life,FAMILY,5.0,4.0,100.0,8.3,Free,0.0,Everyone
CF SHOP!,LIFESTYLE,2.8,88.0,10000.0,43.0,Free,0.0,Everyone
CF Townsville,HEALTH_AND_FITNESS,5.0,4.0,100.0,14.0,Free,0.0,Everyone
CF cal,TOOLS,4.3,123.0,10000.0,2.9,Free,0.0,Everyone
CF-Bench,TOOLS,4.4,2132.0,100000.0,0.1005859375,Free,0.0,Everyone
CF-Bench Pro,TOOLS,4.6,159.0,1000.0,0.0283203125,Paid,1.49,Everyone
CF.lumen,TOOLS,4.4,4901.0,100000.0,1.9,Free,0.0,Everyone
CG - Calendars Add-On,PRODUCTIVITY,3.6,49.0,5000.0,2.3,Free,0.0,Everyone 10+
CG - Chemistry free,FAMILY,5.0,7.0,1000.0,2.3,Free,0.0,Everyone
CG BILASPUR CARNIVAL,EVENTS,3.8,59.0,5000.0,1.8,Free,0.0,Everyone
CG Backgrounds,FAMILY,4.0,8.0,500.0,3.6,Free,0.0,Everyone
CG Creative Sets: 2D/3D Artist,NEWS_AND_MAGAZINES,4.3,117.0,10000.0,5.0,Free,0.0,Everyone
CG Daily News,NEWS_AND_MAGAZINES,4.3,65.0,10000.0,3.5,Free,0.0,Everyone
CG Districts,SOCIAL,3.8,14.0,1000.0,,Free,0.0,Everyone
CG FM,FAMILY,5.0,2.0,500.0,6.6,Free,0.0,Everyone
CG Fit Scale,HEALTH_AND_FITNESS,2.6,13.0,1000.0,3.3,Free,0.0,Everyone
CG Freelancer,NEWS_AND_MAGAZINES,4.7,10.0,1000.0,2.3,Free,0.0,Everyone
CG JOKES - Copy & Share,FAMILY,4.4,31.0,1000.0,4.3,Free,0.0,Everyone
CG Job Alerts,FAMILY,4.2,116.0,10000.0,4.1,Free,0.0,Everyone
CG Jobs,FAMILY,5.0,8.0,10.0,14.0,Free,0.0,Everyone
CG Patwari Exam,FAMILY,3.8,28.0,1000.0,4.1,Free,0.0,Teen
CG Prints,PHOTOGRAPHY,5.0,1.0,100.0,2.3,Free,0.0,Everyone
CG Samanya Gyan,FAMILY,4.2,145.0,10000.0,4.1,Free,0.0,Teen
CG Sanyukt Bharti Pariksha 2018,FAMILY,4.3,14.0,1000.0,4.3,Free,0.0,Teen
CG Shikshak,FAMILY,4.4,211.0,10000.0,6.8,Free,0.0,Everyone
CG Shikshak Mitan,TOOLS,4.1,295.0,50000.0,3.8,Free,0.0,Everyone
CG Wallpapers,FAMILY,4.5,11.0,500.0,3.5,Free,0.0,Mature 17+
CG Yojna & Jansampark,FAMILY,4.0,54.0,5000.0,4.1,Free,0.0,Teen
CH Kadels,BUSINESS,4.4,36.0,1000.0,10.0,Free,0.0,Everyone
CH info,NEWS_AND_MAGAZINES,3.9,45.0,5000.0,15.0,Free,0.0,Everyone
CHRONO TRIGGER (Upgrade Ver.),FAMILY,3.8,11250.0,100000.0,6.3,Paid,9.99,Everyone 10+
CI 174 Gray Icon Pack,PERSONALIZATION,5.0,1.0,10.0,46.0,Paid,0.99,Everyone
CI Capital - Dynamic,FINANCE,4.8,4.0,50.0,5.1,Free,0.0,Everyone
CI Dictionary,FAMILY,4.6,31.0,1000.0,3.2,Free,0.0,Everyone
CI MOBI,FAMILY,4.3,108.0,5000.0,42.0,Free,0.0,Everyone
CI On The Go,NEWS_AND_MAGAZINES,3.0,2.0,100.0,14.0,Free,0.0,Everyone
CI Remote for Go,PRODUCTIVITY,4.6,20.0,100.0,,Free,0.0,Everyone
CI Screwed - Icon Pack,PERSONALIZATION,4.7,19.0,1000.0,6.4,Free,0.0,Everyone
CIA - Caller ID & Call Blocker,COMMUNICATION,4.0,60308.0,5000000.0,,Free,0.0,Everyone
CINEMA.BH,FAMILY,3.9,11.0,1000.0,16.0,Free,0.0,Everyone
CIRCLE K,SHOPPING,4.4,9140.0,500000.0,14.0,Free,0.0,Everyone
CJ - BR MEMES,COMICS,4.3,109.0,10000.0,3.5,Free,0.0,Everyone
CJ Browser - Fast & Private,COMMUNICATION,4.2,5.0,100.0,15.0,Free,0.0,Everyone
CJ Camcorder,VIDEO_PLAYERS,4.7,3.0,500.0,2.8,Free,0.0,Everyone
CJ DVD Rentals,COMMUNICATION,1.0,5.0,100.0,13.0,Free,0.0,Everyone
CJ Fallon eBook Reader,FAMILY,1.9,76.0,5000.0,14.0,Free,0.0,Everyone
CJ Fitness,HEALTH_AND_FITNESS,2.4,221.0,10000.0,43.0,Free,0.0,Everyone
CJ Gospel Hour,SOCIAL,5.0,7.0,100.0,18.0,Free,0.0,Everyone
CJ Poker Odds Calculator,GAME,4.1,207.0,50000.0,0.11328125,Free,0.0,Everyone
CJ SO COOL,FAMILY,4.5,145.0,10000.0,14.0,Free,0.0,Everyone
CJ VLC HD Remote (+ Stream),VIDEO_PLAYERS,4.2,4074.0,500000.0,1.3,Free,0.0,Everyone
CJ WOW SHOP,SHOPPING,4.2,2099.0,100000.0,4.0,Free,0.0,Everyone
CJ Wilson's ZoomZoomnation,PRODUCTIVITY,4.0,4.0,500.0,8.2,Free,0.0,Everyone
CJ the REALTOR,BUSINESS,5.0,1.0,10.0,4.2,Free,0.0,Everyone
CJ'S TIRE AND AUTO INC.,PRODUCTIVITY,5.0,5.0,100.0,11.0,Free,0.0,Everyone
CJ's Coffee Cafe,TRAVEL_AND_LOCAL,5.0,6.0,500.0,2.4,Free,0.0,Everyone
CJ's Tire & Automotive,AUTO_AND_VEHICLES,4.0,5.0,1000.0,34.0,Free,0.0,Everyone
CJ: Strike Back,GAME,4.3,29330.0,1000000.0,6.9,Free,0.0,Everyone
CJmall,SHOPPING,3.7,18253.0,10000000.0,10.0,Free,0.0,Everyone
CK Employee Portal,BUSINESS,5.0,7.0,1000.0,15.0,Free,0.0,Everyone
CK Eorzea Timepiece,PERSONALIZATION,3.2,8.0,100.0,5.3,Free,0.0,Everyone
CK FFXIV Companion,FAMILY,4.3,1364.0,100000.0,5.2,Free,0.0,Everyone
CK Multimedia - Gaming Accessories,SHOPPING,4.7,10.0,500.0,2.0,Free,0.0,Everyone
CK Pharmacies,HEALTH_AND_FITNESS,2.7,3.0,100.0,9.4,Free,0.0,Everyone 10+
CK 初一 十五,LIFESTYLE,4.0,294.0,10000.0,0.1494140625,Free,0.0,Everyone
CK-12 Physics Simulations,FAMILY,4.1,30.0,5000.0,24.0,Free,0.0,Everyone
CK-12: Practice Math & Science,FAMILY,4.2,562.0,50000.0,20.0,Free,0.0,Everyone
CKZ ORIGINS,GAME,4.5,219821.0,1000000.0,10.0,Free,0.0,Mature 17+
CL Clock,BUSINESS,2.7,7.0,1000.0,1.3,Free,0.0,Everyone
CL Keyboard - Myanmar Keyboard (No Ads),TOOLS,5.0,24.0,5000.0,3.2,Free,0.0,Everyone
CL Mobile - Classifieds for Craigslist,SHOPPING,4.4,27275.0,1000000.0,8.3,Free,0.0,Teen
CL Mobile Pro - Classifieds for Craigslist,SHOPPING,4.1,1288.0,100000.0,18.0,Free,0.0,Mature 17+
CL Notifier,TOOLS,5.0,36.0,100.0,3.2,Free,0.0,Teen
CL Pebble Apps,LIFESTYLE,3.6,67.0,5000.0,0.4873046875,Free,0.0,Everyone
CL Pro App for Craigslist,SHOPPING,4.0,119.0,10000.0,1.3,Free,0.0,Everyone
CL Pro Client for Craigslist,SHOPPING,3.6,48.0,5000.0,2.2,Free,0.0,Everyone
CL REPL,TOOLS,5.0,47.0,1000.0,17.0,Free,0.0,Everyone
"CL Reader for Craigslist(For sale, jobs, rental..)",TOOLS,4.1,61.0,1000.0,6.3,Free,0.0,Everyone
CL Strength,HEALTH_AND_FITNESS,5.0,3.0,50.0,40.0,Free,0.0,Everyone
CL e-bank,FINANCE,4.0,210.0,10000.0,3.7,Free,0.0,Everyone
CL-App,MEDICAL,4.7,6.0,100.0,5.2,Free,0.0,Everyone
CL-Phlebotomist,MEDICAL,4.7,19.0,100.0,7.3,Free,0.0,Everyone
CM AppLock,TOOLS,4.1,843.0,100000.0,3.6,Free,0.0,Everyone
CM AppLock Fingerprint 2018,TOOLS,4.4,1264.0,100000.0,8.2,Free,0.0,Everyone
CM Apps,TOOLS,3.8,3341.0,100000.0,1.9,Free,0.0,Everyone
"CM Browser - Ad Blocker , Fast Download , Privacy",COMMUNICATION,4.6,2265084.0,50000000.0,6.1,Free,0.0,Everyone
CM FILE MANAGER,TOOLS,4.4,953790.0,50000000.0,,Free,0.0,Everyone
CM FILE MANAGER HD,PRODUCTIVITY,4.3,144879.0,10000000.0,,Free,0.0,Everyone
CM FILE MANAGER Pro,BUSINESS,4.2,2359.0,10000.0,2.7,Paid,2.99,Everyone
"CM Flashlight (Compass, SOS)",TOOLS,4.4,166367.0,5000000.0,1.8,Free,0.0,Everyone
"CM Launcher 3D - Theme, Wallpapers, Efficient",PERSONALIZATION,4.6,6702776.0,100000000.0,17.0,Free,0.0,Teen
CM Launcher 3D Pro💎,PERSONALIZATION,4.7,23802.0,100000.0,0.1689453125,Paid,4.99,Everyone
CM Launcher Default Theme,PERSONALIZATION,4.5,3989.0,100000.0,1.1,Free,0.0,Everyone
CM Locker - Security Lockscreen,TOOLS,4.6,3090727.0,100000000.0,,Free,0.0,Everyone
CM S Pen Add-on(ROOT),TOOLS,3.6,373.0,10000.0,0.119140625,Free,0.0,Everyone
CM Secure Browser (Authorized),TOOLS,4.2,1147.0,100000.0,2.7,Free,0.0,Everyone
CM Security Lite - Antivirus,TOOLS,4.6,262076.0,10000000.0,1.2,Free,0.0,Everyone
"CM Security Open VPN - Free, fast unlimited proxy",TOOLS,4.6,85496.0,1000000.0,5.8,Free,0.0,Everyone
CM Transfer - Share any files with friends nearby,COMMUNICATION,4.6,71740.0,5000000.0,5.8,Free,0.0,Everyone
CMB Free Dating App,DATING,4.0,48845.0,1000000.0,40.0,Free,0.0,Mature 17+
CN Resident,FAMILY,5.0,1.0,100.0,64.0,Free,0.0,Everyone
CN Sayin' - Cartoon Network,FAMILY,4.5,85.0,10000.0,25.0,Free,0.0,Everyone
CN Summer Challenge,FAMILY,3.7,985.0,100000.0,49.0,Free,0.0,Everyone
CN Superstar Soccer: Goal!!!,FAMILY,4.1,3863.0,100000.0,41.0,Paid,2.99,Everyone
CNBC: Breaking Business News & Live Market Data,FINANCE,4.2,24666.0,1000000.0,,Free,0.0,Everyone
CNN Breaking US & World News,NEWS_AND_MAGAZINES,4.0,293080.0,10000000.0,25.0,Free,0.0,Everyone 10+
CNY Slots : Gong Xi Fa Cai 发财机,GAME,3.6,33.0,5000.0,71.0,Free,0.0,Teen
COMSATS BOOK STORE FOR BS(CS),FAMILY,5.0,15.0,50.0,94.0,Free,0.0,Everyone
CONTRACT KILLER: ZOMBIES,GAME,4.4,144545.0,5000000.0,13.0,Free,0.0,Teen
CONTRACT KILLER: ZOMBIES (NR),GAME,4.4,206602.0,5000000.0,13.0,Free,0.0,Mature 17+
COOKING MAMA Let's Cook!,FAMILY,4.3,528917.0,10000000.0,59.0,Free,0.0,Everyone
CP Brown English-Telugu Dictionary,FAMILY,4.4,8.0,500.0,6.8,Free,0.0,Everyone
CP Calculator,FAMILY,4.1,187.0,10000.0,2.9,Free,0.0,Everyone
CP Calculator - Poke Go Calc,FAMILY,4.1,7.0,500.0,22.0,Free,0.0,Everyone
CP Channel,FAMILY,4.6,7.0,500.0,12.0,Free,0.0,Everyone 10+
CP Clicker,LIFESTYLE,4.2,251.0,10000.0,5.0,Free,0.0,Everyone
CP Creepypasta,FAMILY,3.8,128.0,10000.0,2.9,Free,0.0,Teen
CP Dialer,SOCIAL,4.3,64.0,50000.0,3.3,Free,0.0,Teen
CP Federal Mobile,FINANCE,3.6,180.0,10000.0,35.0,Free,0.0,Everyone
CP HAPPS - Pittsburgh Events,LIFESTYLE,3.8,85.0,5000.0,5.6,Free,0.0,Teen
CP Installer App,BUSINESS,5.0,4.0,100.0,24.0,Free,0.0,Everyone
CP Plus Showcase,BUSINESS,4.3,236.0,50000.0,7.0,Free,0.0,Everyone
CP RACING 2 FREE,FAMILY,4.0,4607.0,100000.0,19.0,Free,0.0,Everyone
CP Ready,BUSINESS,4.5,56.0,1000.0,,Free,0.0,Everyone
CP Surprise,LIFESTYLE,3.8,2548.0,100000.0,4.9,Free,0.0,Everyone
CP ToolBox,BUSINESS,4.6,70.0,1000.0,14.0,Free,0.0,Everyone
CP Trivia,GAME,5.0,5.0,100.0,12.0,Free,0.0,Everyone
CP evolution calculator Pokemo,FAMILY,4.1,78.0,10000.0,0.7685546875,Free,0.0,Everyone
CPU-Z,TOOLS,4.5,295430.0,10000000.0,1.4,Free,0.0,Everyone
CPlus for Craigslist - Officially Licensed,LIFESTYLE,4.5,8096.0,1000000.0,16.0,Free,0.0,Mature 17+
CQ,NEWS_AND_MAGAZINES,3.7,7.0,1000.0,3.4,Free,0.0,Everyone 10+
CQ ESPM,BUSINESS,5.0,2.0,5.0,3.4,Free,0.0,Everyone
CQ Hotels,TRAVEL_AND_LOCAL,4.3,15.0,10000.0,14.0,Free,0.0,Everyone
CQ Mobile,FINANCE,2.7,36.0,1000.0,18.0,Free,0.0,Everyone
CQ: Lost In Transmission,GAME,4.2,4.0,10.0,61.0,Free,0.0,Everyone
CR & CoC Private Server - Clash Barbarians PRO,FAMILY,4.6,167974.0,500000.0,5.0,Free,0.0,Everyone
CR Best Decks,FAMILY,3.5,34.0,1000.0,30.0,Free,0.0,Everyone
CR Blue Icon Pack,PERSONALIZATION,4.5,323.0,10000.0,38.0,Free,0.0,Everyone
CR Calculator,TOOLS,4.3,297.0,50000.0,2.8,Free,0.0,Everyone
CR Family,FAMILY,2.3,10.0,1000.0,5.2,Free,0.0,Everyone
"CR Fans: Mazos, Clanes y Grupos",FAMILY,4.3,219.0,5000.0,4.3,Free,0.0,Everyone
CR Magazine,BUSINESS,1.0,1.0,100.0,7.8,Free,0.0,Everyone
CR Tracker for Chests,TOOLS,5.0,6.0,50.0,4.5,Free,0.0,Everyone
CR-Red,PERSONALIZATION,4.5,561.0,10000.0,41.0,Free,0.0,Everyone
CR-V Service Manual,AUTO_AND_VEHICLES,4.2,12.0,500.0,88.0,Free,0.0,Everyone
CS & IT Interview Questions,FAMILY,5.0,43.0,1000.0,3.3,Free,0.0,Everyone
CS Browser Beta,COMMUNICATION,4.3,125.0,5000.0,53.0,Free,0.0,Everyone
CS Browser | #1 & BEST BROWSER,COMMUNICATION,3.8,52.0,1000.0,2.1,Free,0.0,Everyone
CS Customizer,COMMUNICATION,3.7,25.0,1000.0,3.7,Free,0.0,Everyone
CS Guns Shoot,FAMILY,3.7,433.0,50000.0,,Free,0.0,Teen
CS Interview FAQs,FAMILY,4.3,99.0,10000.0,1.1,Free,0.0,Everyone
CS Interview Questions (TechQ),FAMILY,4.8,33.0,5000.0,6.7,Free,0.0,Everyone
CS-Touch,FAMILY,3.9,337.0,10000.0,22.0,Free,0.0,Everyone
CS16Client,GAME,4.3,8668.0,500000.0,9.1,Free,0.0,Teen
CSCS BG (в български),FAMILY,2.4,7.0,100.0,2.1,Paid,3.99,Everyone
CT - DTC Lookup,TOOLS,4.1,41.0,10000.0,0.962890625,Free,0.0,Everyone
CT Abdomen,FAMILY,4.3,7.0,1000.0,62.0,Free,0.0,Everyone
CT Abdomen Pelvis,MEDICAL,4.0,36.0,10000.0,36.0,Free,0.0,Everyone
CT Brain Interpretation,FAMILY,5.0,3.0,500.0,29.0,Free,0.0,Everyone
CT Cervical Spine,MEDICAL,5.0,5.0,1000.0,17.0,Free,0.0,Everyone
CT Checkout,FINANCE,5.0,1.0,50.0,8.4,Free,0.0,Everyone
CT Lottery,FAMILY,3.8,271.0,50000.0,8.3,Free,0.0,Teen
CT MyChiroTown Mobile,MEDICAL,3.9,40.0,5000.0,4.0,Free,0.0,Everyone
CT Neck,MEDICAL,4.4,7.0,1000.0,8.9,Free,0.0,Everyone
CT POSITIONING,MEDICAL,4.5,18.0,5000.0,9.3,Free,0.0,Everyone
CT Prepares,NEWS_AND_MAGAZINES,2.6,13.0,1000.0,4.3,Free,0.0,Everyone
CT Scan Cross Sectional Anatomy,MEDICAL,4.3,10.0,100.0,46.0,Free,0.0,Everyone
CT Scan Generations,FAMILY,4.7,6.0,1000.0,5.1,Free,0.0,Everyone
CT Scan Viewer 3D,MEDICAL,4.2,6.0,1000.0,29.0,Free,0.0,Everyone
CT Sessions,MEDICAL,4.3,62.0,5000.0,20.0,Free,0.0,Everyone
CT-ART 4.0 (Chess Tactics 1200-2400 ELO),GAME,4.8,8191.0,100000.0,,Free,0.0,Everyone
CT-Guide & Positioning,FAMILY,3.7,6.0,1000.0,7.8,Free,0.0,Everyone
CT-REMOTE,GAME,3.3,19.0,100.0,1.6,Paid,4.49,Everyone
CT-Stream Player,FAMILY,3.9,84.0,10000.0,11.0,Free,0.0,Everyone
CTRL-F - Search the real world,PRODUCTIVITY,4.4,607.0,50000.0,37.0,Free,0.0,Everyone
CU SoCal Mobile Banking,FINANCE,4.0,253.0,10000.0,25.0,Free,0.0,Everyone
CU of Colorado Mobile Banking,FINANCE,4.0,347.0,10000.0,25.0,Free,0.0,Everyone
"CU: UPI Payments, Chat & Call",FINANCE,4.3,693.0,100000.0,32.0,Free,0.0,Teen
CV Builder,BUSINESS,3.8,203.0,10000.0,5.9,Free,0.0,Everyone
CV Builder for Smart Resumes,BUSINESS,3.4,22.0,1000.0,4.1,Free,0.0,Everyone
CV Creator,FAMILY,4.4,31.0,10000.0,8.3,Free,0.0,Everyone
CV EXAMPLES,BUSINESS,4.1,423.0,100000.0,20.0,Free,0.0,Everyone
CV Engineer - Free Resume Maker & CV Templates,BUSINESS,4.6,213.0,10000.0,3.8,Free,0.0,Everyone
CV Examples 2018,FAMILY,4.5,625.0,100000.0,26.0,Free,0.0,Everyone
CV Formats 2018,FAMILY,4.3,374.0,100000.0,26.0,Free,0.0,Everyone
CV Maker,PERSONALIZATION,3.2,114.0,10000.0,3.0,Free,0.0,Everyone
CV Maker Pro,BUSINESS,3.7,113.0,10000.0,8.6,Free,0.0,Everyone
CV Maker for Job Applications:Photo Resume Builder,TOOLS,4.0,114.0,10000.0,25.0,Free,0.0,Everyone
CV S ( CV Editor - Resume ),BUSINESS,4.5,3972.0,100000.0,5.6,Free,0.0,Teen
CV Samples 2018,BUSINESS,4.3,34.0,10000.0,26.0,Free,0.0,Everyone
CV Templates 2018,FAMILY,4.0,13.0,5000.0,26.0,Free,0.0,Everyone
CV maker for Job Applications and Resume Maker,TOOLS,4.2,75.0,10000.0,25.0,Free,0.0,Everyone
CV-Library Job Search,BUSINESS,4.4,6997.0,100000.0,4.6,Free,0.0,Everyone
CV-RECORD Pro,COMMUNICATION,2.3,42.0,1000.0,6.0,Paid,0.99,Everyone
CVRIA,BUSINESS,4.7,68.0,10000.0,3.5,Free,0.0,Everyone
CVS Caremark,MEDICAL,3.5,3707.0,500000.0,10.0,Free,0.0,Everyone
CW Beacon for Ham Radio,COMMUNICATION,4.8,10.0,100.0,0.50390625,Paid,1.49,Everyone
CW Deposit,BUSINESS,3.0,4.0,1000.0,0.486328125,Free,0.0,Everyone
CW Nuclear,BOOKS_AND_REFERENCE,3.3,15.0,1000.0,12.0,Free,0.0,Everyone
CW Seed,FAMILY,4.5,16391.0,500000.0,13.0,Free,0.0,Teen
CW Studio ®,COMMUNICATION,3.8,9.0,100.0,0.76171875,Paid,0.99,Everyone
CW TV,NEWS_AND_MAGAZINES,1.7,367.0,50000.0,6.1,Free,0.0,Everyone
CWT To Go,TRAVEL_AND_LOCAL,4.4,20313.0,100000.0,57.0,Free,0.0,Everyone
CX North America,BUSINESS,3.9,10.0,500.0,55.0,Free,0.0,Everyone
CX Ram Booster,TOOLS,3.9,12.0,500.0,2.5,Free,0.0,Everyone
CX watcher,FAMILY,4.5,4.0,500.0,30.0,Free,0.0,Everyone
CX-10DS,FAMILY,3.4,12.0,1000.0,11.0,Free,0.0,Everyone
CX-10WiFi,FAMILY,4.0,1419.0,100000.0,12.0,Free,0.0,Everyone
CX-17WIFI,FAMILY,4.3,49.0,10000.0,6.6,Free,0.0,Everyone
CX-37,FAMILY,3.9,13.0,1000.0,12.0,Free,0.0,Everyone
CX-40,FAMILY,3.0,2.0,100.0,33.0,Free,0.0,Everyone
CX-60,FAMILY,3.1,19.0,1000.0,94.0,Free,0.0,Everyone
CX-OF,FAMILY,4.2,18.0,1000.0,37.0,Free,0.0,Everyone
CX-WiFi720P,FAMILY,3.1,47.0,10000.0,5.5,Free,0.0,Everyone
CX_WiFiUFO,SPORTS,3.7,818.0,100000.0,5.3,Free,0.0,Everyone
CXmodel-ufo,FAMILY,3.8,19.0,1000.0,12.0,Free,0.0,Everyone
CY Digital Net,SHOPPING,4.7,3.0,500.0,5.8,Free,0.0,Everyone
CY Security Antivirus Cleaner,PRODUCTIVITY,4.5,75140.0,1000000.0,,Free,0.0,Everyone
CY.SEND Online Top Up,FINANCE,3.2,191.0,10000.0,10.0,Free,0.0,Everyone
CYANOGEN GO Launcher EX Theme,PERSONALIZATION,4.3,60298.0,5000000.0,13.0,Free,0.0,Everyone
"CYANOGEN. Rent, buy an apartment, a room, a cottage 3+",HOUSE_AND_HOME,4.3,37711.0,1000000.0,40.0,Free,0.0,Everyone
CZ File Manager,TOOLS,2.2,876.0,1000000.0,8.7,Free,0.0,Everyone
CZ Kompas,TOOLS,5.0,2.0,10.0,3.5,Free,0.0,Everyone
CZ-Cyberon Voice Commander,TOOLS,3.8,131.0,1000.0,3.3,Paid,5.99,Everyone
CZ-Help,BOOKS_AND_REFERENCE,5.0,2.0,5.0,1.4,Free,0.0,Everyone
CZ-USA,LIFESTYLE,4.5,11.0,1000.0,3.4,Free,0.0,Everyone
Cache Cleaner-DU Speed Booster (booster & cleaner),TOOLS,4.5,12759815.0,100000000.0,15.0,Free,0.0,Everyone
Caf - My Account,LIFESTYLE,3.9,18961.0,5000000.0,1.8,Free,0.0,Everyone
Cafe.ba,NEWS_AND_MAGAZINES,4.0,677.0,10000.0,4.4,Free,0.0,Everyone
Cake Shop - Kids Cooking,FAMILY,4.3,30668.0,5000000.0,33.0,Free,0.0,Everyone
Cal - Google Calendar + Widget,PRODUCTIVITY,4.2,86172.0,1000000.0,13.0,Free,0.0,Everyone
Calcium Pro,MEDICAL,3.4,77.0,5000.0,9.9,Paid,2.99,Everyone
Calculator,TOOLS,4.3,40770.0,100000000.0,,Free,0.0,Everyone
Calculator ++,TOOLS,4.6,33509.0,1000000.0,3.6,Free,0.0,Everyone
"Calculator - free calculator ,multi calculator app",TOOLS,4.4,1236.0,100000.0,5.8,Free,0.0,Everyone
"Calculator - free calculator, multi calculator app",TOOLS,4.6,25592.0,10000000.0,7.5,Free,0.0,Everyone
Calculator - unit converter,PRODUCTIVITY,4.7,287250.0,50000000.0,,Free,0.0,Everyone
Calculator CM,TOOLS,4.4,8.0,500.0,1.8,Free,0.0,Everyone
Calculator L,PRODUCTIVITY,4.5,2965.0,100000.0,2.4,Free,0.0,Everyone
Calculator Plus Free,TOOLS,4.6,679912.0,10000000.0,,Free,0.0,Everyone
Calculator with Percent (Free),TOOLS,4.8,48211.0,1000000.0,7.4,Free,0.0,Everyone
Calcy IV,TOOLS,4.8,36557.0,1000000.0,14.0,Free,0.0,Everyone
Calendar Widget Month + Agenda,PRODUCTIVITY,4.2,60840.0,5000000.0,1.9,Free,0.0,Everyone
Calendar+ Schedule Planner App,PRODUCTIVITY,4.0,8985.0,1000000.0,5.7,Free,0.0,Everyone
"Calendars (En, Bn, Ar)",PRODUCTIVITY,4.6,27.0,1000.0,2.5,Free,0.0,Everyone
California Cameras - Traffic,TRAVEL_AND_LOCAL,4.0,305.0,10000.0,5.4,Free,0.0,Everyone
California Cop Assist CA Cop,PRODUCTIVITY,3.0,5.0,100.0,7.0,Paid,4.99,Everyone
Call Blocker,BUSINESS,4.6,188841.0,5000000.0,3.2,Free,0.0,Everyone
Call Blocker & Blacklist,COMMUNICATION,4.0,6.0,1000.0,4.2,Free,0.0,Everyone
"Call Blocker - Blacklist, SMS Blocker",COMMUNICATION,4.2,30350.0,1000000.0,3.7,Free,0.0,Everyone
Call Control - Call Blocker,COMMUNICATION,4.4,93825.0,5000000.0,11.0,Free,0.0,Everyone
Call Free – Free Call,COMMUNICATION,4.3,30209.0,5000000.0,15.0,Free,0.0,Everyone
Call Recorder,LIBRARIES_AND_DEMO,4.7,48.0,1000.0,6.9,Free,0.0,Everyone
Call of Duty:Black Ops Zombies,GAME,4.2,13004.0,100000.0,46.0,Paid,6.99,Teen
Call of Duty®: Heroes,GAME,4.4,1604146.0,10000000.0,57.0,Free,0.0,Teen
Call of Mini™ Dino Hunter,GAME,4.2,326042.0,10000000.0,10.0,Free,0.0,Teen
Call of Mini™ Zombies 2,GAME,4.4,248417.0,5000000.0,17.0,Free,0.0,Teen
"CallApp: Caller ID, Blocker & Phone Call Recorder",COMMUNICATION,4.4,483782.0,10000000.0,20.0,Free,0.0,Everyone
Caller ID & Call Block - DU Caller,COMMUNICATION,4.6,93930.0,5000000.0,14.0,Free,0.0,Everyone
Caller ID +,COMMUNICATION,4.0,9498.0,1000000.0,0.115234375,Free,0.0,Everyone
Calls & Text by Mo+,COMMUNICATION,4.2,83239.0,5000000.0,14.0,Free,0.0,Everyone
Calls Blacklist - Call Blocker,COMMUNICATION,4.5,457283.0,10000000.0,,Free,0.0,Everyone
"Calm - Meditate, Sleep, Relax",HEALTH_AND_FITNESS,4.6,111455.0,5000000.0,,Free,0.0,Everyone
Calorie Counter & Diet Tracker,HEALTH_AND_FITNESS,4.5,32606.0,1000000.0,,Free,0.0,Everyone
Calorie Counter - EasyFit free,HEALTH_AND_FITNESS,4.7,50294.0,1000000.0,11.0,Free,0.0,Everyone
Calorie Counter - Macros,HEALTH_AND_FITNESS,4.0,3061.0,100000.0,5.5,Free,0.0,Everyone
Calorie Counter - MyFitnessPal,HEALTH_AND_FITNESS,4.6,1873523.0,50000000.0,,Free,0.0,Everyone
Calorie Counter - MyNetDiary,HEALTH_AND_FITNESS,4.5,27439.0,1000000.0,19.0,Free,0.0,Everyone
Calorie Counter by FatSecret,HEALTH_AND_FITNESS,4.4,229214.0,10000000.0,,Free,0.0,Everyone
Calvary.ch App,LIFESTYLE,4.4,10.0,500.0,7.7,Free,0.0,Teen
Calvin Klein – US Store,SHOPPING,4.7,221.0,50000.0,9.5,Free,0.0,Teen
CamScanner (License),PRODUCTIVITY,4.4,26358.0,500000.0,0.048828125,Paid,1.99,Everyone
CamScanner - Phone PDF Creator,PRODUCTIVITY,4.6,1502622.0,100000000.0,,Free,0.0,Everyone
Cambridge English FC,FAMILY,4.4,761.0,50000.0,11.0,Free,0.0,Everyone
Camera FV-5,PHOTOGRAPHY,3.8,16320.0,100000.0,,Paid,3.95,Everyone
Camera FV-5 Lite,PHOTOGRAPHY,4.0,130081.0,10000000.0,5.6,Free,0.0,Everyone
Camera MX - Free Photo & Video Camera,PHOTOGRAPHY,4.3,244371.0,10000000.0,,Free,0.0,Everyone
Camera Pro,PHOTOGRAPHY,4.1,7479.0,1000000.0,13.0,Free,0.0,Everyone
Camera V7 24 Megapixel,PHOTOGRAPHY,4.0,2480.0,100000.0,2.5,Free,0.0,Everyone
Camera ZOOM FX - FREE,PHOTOGRAPHY,4.0,88860.0,5000000.0,6.1,Free,0.0,Everyone
Camera for Android,PHOTOGRAPHY,4.2,240475.0,10000000.0,9.5,Free,0.0,Everyone
Camera360 Lite - Selfie Camera,PHOTOGRAPHY,4.4,221878.0,10000000.0,,Free,0.0,Everyone
Camera360: Selfie Photo Editor with Funny Sticker,PHOTOGRAPHY,4.3,4865132.0,100000000.0,51.0,Free,0.0,Everyone
Camera51 - a smarter camera,PHOTOGRAPHY,4.0,29707.0,1000000.0,18.0,Free,0.0,Everyone
Cameringo Lite. Filters Camera,PHOTOGRAPHY,4.2,140917.0,10000000.0,5.7,Free,0.0,Everyone
Cameringo+ Filters Camera,PHOTOGRAPHY,4.6,28107.0,500000.0,5.7,Paid,2.99,Everyone
CampGladiator,HEALTH_AND_FITNESS,3.5,293.0,50000.0,19.0,Free,0.0,Everyone
Campervan.Guide Pro,TRAVEL_AND_LOCAL,4.2,238.0,10000.0,67.0,Paid,5.99,Everyone
Camping RV Caravan Parking 3D,GAME,3.3,5290.0,500000.0,48.0,Free,0.0,Everyone
Camping and Co - Camping in Europe,TRAVEL_AND_LOCAL,3.7,19.0,1000.0,6.5,Free,0.0,Everyone
Can I pack that? - DG App,TRAVEL_AND_LOCAL,3.9,58.0,10000.0,22.0,Free,0.0,Everyone
Can Knockdown,FAMILY,4.1,155649.0,10000000.0,38.0,Free,0.0,Everyone
Can Knockdown 3,GAME,4.1,349503.0,10000000.0,19.0,Free,0.0,Everyone
Can Your Pet? : Returns - Teen,FAMILY,4.3,45370.0,1000000.0,14.0,Free,0.0,Teen
Candy Bomb,GAME,4.4,42145.0,10000000.0,20.0,Free,0.0,Everyone
"Candy Camera - selfie, beauty camera, photo editor",PHOTOGRAPHY,4.4,3368705.0,100000000.0,,Free,0.0,Everyone
Candy Crush Jelly Saga,GAME,4.3,1300619.0,50000000.0,78.0,Free,0.0,Everyone
Candy Crush Saga,GAME,4.4,22430188.0,500000000.0,74.0,Free,0.0,Everyone
Candy Crush Soda Saga,GAME,4.4,6199095.0,100000000.0,67.0,Free,0.0,Everyone
Candy Day,FAMILY,4.5,11716.0,1000000.0,48.0,Free,0.0,Everyone
Candy Pop Story,FAMILY,4.7,12948.0,1000000.0,23.0,Free,0.0,Everyone
Candy Smash,FAMILY,4.5,11436.0,1000000.0,15.0,Free,0.0,Everyone
"Candy selfie - photo editor, live filter camera",PHOTOGRAPHY,4.4,53421.0,10000000.0,26.0,Free,0.0,Everyone
Candy simply-Fi,LIFESTYLE,2.1,2390.0,100000.0,35.0,Free,0.0,Everyone
Canon CameraWindow,PHOTOGRAPHY,3.5,12204.0,1000000.0,6.8,Free,0.0,Everyone
"Canva: Poster, banner, card maker & graphic design",ART_AND_DESIGN,4.7,174531.0,10000000.0,24.0,Free,0.0,Everyone
Canvas FL,FAMILY,4.9,36.0,1000.0,9.4,Free,0.0,Teen
Canvas Student,EDUCATION,4.5,42828.0,1000000.0,,Free,0.0,Everyone
Capital One® Mobile,FINANCE,4.6,510401.0,10000000.0,79.0,Free,0.0,Everyone
Capitec Remote Banking,FINANCE,4.3,20672.0,1000000.0,,Free,0.0,Everyone
Car Crash III Beam DH Real Damage Simulator 2018,GAME,3.6,151.0,10000.0,100.0,Free,0.0,Everyone
Car Driving Simulator Citroen,FAMILY,3.8,174.0,10000.0,44.0,Free,0.0,Everyone
Car Driving Simulator Drift,GAME,4.4,19816.0,1000000.0,57.0,Free,0.0,Everyone
Car G-Force Meter,TOOLS,4.2,184.0,10000.0,1.3,Free,0.0,Everyone
Car Parking Crane N Drifting,FAMILY,4.2,106.0,50000.0,71.0,Free,0.0,Everyone
Car Parking Game 3D - Real City Driving Challenge,FAMILY,4.4,187892.0,5000000.0,40.0,Free,0.0,Everyone
Car Parking Nissan GT-R R35 Simulator,FAMILY,3.2,513.0,100000.0,34.0,Free,0.0,Everyone
Car Race by Fun Games For Free,GAME,4.3,54221.0,1000000.0,47.0,Free,0.0,Everyone
Car Racing game for Kids - Beepzz Dogs 🐕,FAMILY,4.4,131.0,100000.0,48.0,Free,0.0,Everyone
Car Search For Craigslist CL Free,AUTO_AND_VEHICLES,2.6,5.0,1000.0,9.0,Free,0.0,Everyone
CarMax – Cars for Sale: Search Used Car Inventory,AUTO_AND_VEHICLES,4.4,21777.0,1000000.0,,Free,0.0,Everyone
Card Creator for CR,TOOLS,4.4,117850.0,10000000.0,17.0,Free,0.0,Everyone
Card Wars - Adventure Time,FAMILY,4.3,129603.0,1000000.0,23.0,Paid,2.99,Everyone 10+
Card Wars Kingdom,FAMILY,4.3,920571.0,10000000.0,28.0,Free,0.0,Everyone 10+
Cardboard,LIBRARIES_AND_DEMO,4.2,130287.0,10000000.0,50.0,Free,0.0,Everyone
Cardi B HD Wallpapers Lock Screen,PERSONALIZATION,4.5,2.0,500.0,10.0,Free,0.0,Mature 17+
Cardi B Live Stream Video Chat - Prank,DATING,4.4,28.0,500.0,3.4,Free,0.0,Everyone
Cardi B Piano Game,GAME,3.1,50.0,10000.0,7.4,Free,0.0,Everyone
Cardi B Wallpaper,ART_AND_DESIGN,4.8,253.0,50000.0,3.7,Free,0.0,Everyone
"Cardiac diagnosis (heart rate, arrhythmia)",MEDICAL,4.2,4559.0,100000.0,6.4,Free,0.0,Everyone
Cardinal Glennon ER Reference,MEDICAL,4.2,19.0,1000.0,20.0,Free,0.0,Everyone 10+
Cardinal Quest 2,FAMILY,4.4,19207.0,100000.0,36.0,Free,0.0,Everyone
Cardio Journal — Blood Pressure Log,MEDICAL,4.5,3320.0,100000.0,8.3,Free,0.0,Everyone
Cards Casino:Video Poker & BJ,GAME,4.7,325.0,10000.0,23.0,Free,0.0,Teen
CareZone,MEDICAL,4.4,27524.0,1000000.0,,Free,0.0,Everyone
Carnivores: Dinosaur Hunter,GAME,4.2,62636.0,1000000.0,17.0,Free,0.0,Teen
"Carousell: Snap-Sell, Chat-Buy",SHOPPING,4.3,125783.0,10000000.0,,Free,0.0,Teen
Carrier Air Conditioner,TOOLS,2.5,362.0,100000.0,7.8,Free,0.0,Everyone
Carrier Landings Pro,FAMILY,4.6,5969.0,10000.0,31.0,Paid,12.99,Everyone
Carros Rebaixados BR,GAME,4.3,20691.0,1000000.0,89.0,Free,0.0,Everyone
Cars Coloring Pages,EDUCATION,4.4,1090.0,1000000.0,49.0,Free,0.0,Everyone
Cars: Lightning League,FAMILY,4.5,58795.0,10000000.0,77.0,Free,0.0,Everyone
Cartoon Network App,VIDEO_PLAYERS,4.0,119202.0,10000000.0,,Free,0.0,Everyone 10+
Cartoon Network Match Land,FAMILY,4.7,21979.0,1000000.0,38.0,Free,0.0,Everyone
Cartoon Wars 3,FAMILY,4.1,137674.0,5000000.0,72.0,Free,0.0,Teen
Cartoon Wars: Blade,GAME,4.4,165656.0,5000000.0,38.0,Free,0.0,Teen
Casa CF,HEALTH_AND_FITNESS,4.7,12.0,500.0,6.3,Free,0.0,Everyone
Casa de Bolsa Bx+ Móvil,FINANCE,3.4,5.0,500.0,8.8,Free,0.0,Everyone
Case Simulator Hero for CS:GO,FAMILY,4.3,14604.0,500000.0,68.0,Free,0.0,Teen
Cash App,FINANCE,4.0,34428.0,10000000.0,15.0,Free,0.0,Everyone
"Cash, Inc. Money Clicker Game & Business Adventure",GAME,4.8,549720.0,10000000.0,85.0,Free,0.0,Everyone
Casino AZ/Talking Stick Resort,TRAVEL_AND_LOCAL,4.3,201.0,10000.0,45.0,Free,0.0,Everyone
Casino X - Free Online Slots,GAME,4.5,30515.0,1000000.0,,Free,0.0,Teen
Casper Ssinema,VIDEO_PLAYERS,3.3,1261.0,10000.0,2.5,Free,0.0,Everyone
Castle Clash: Epic Empire ES,FAMILY,4.6,584070.0,5000000.0,24.0,Free,0.0,Everyone 10+
Castle Clash: Heroes of the Empire US,FAMILY,4.6,4578890.0,50000000.0,24.0,Free,0.0,Everyone 10+
Castle Clash: RPG War and Strategy FR,FAMILY,4.7,376223.0,1000000.0,24.0,Free,0.0,Everyone
Castle Defense 2,FAMILY,4.2,35172.0,1000000.0,34.0,Free,0.0,Teen
Castle Defense : Invasion,FAMILY,4.2,1484.0,100000.0,41.0,Free,0.0,Everyone
Castlight Mobile,MEDICAL,3.7,529.0,100000.0,26.0,Free,0.0,Everyone
Casual Dating & Adult Singles - Joyride,DATING,4.5,61637.0,5000000.0,11.0,Free,0.0,Mature 17+
Casual Sic Bo (骰寶),FAMILY,4.0,3.0,500.0,2.2,Free,0.0,Teen
Cat Sim Online: Play with Cats,FAMILY,4.6,137198.0,5000000.0,81.0,Free,0.0,Everyone 10+
Catalyst AZ,FAMILY,4.8,12.0,500.0,8.4,Free,0.0,Teen
Cathay Pacific,TRAVEL_AND_LOCAL,3.3,4069.0,1000000.0,50.0,Free,0.0,Everyone
Catholic La Bu Zo Kam,BOOKS_AND_REFERENCE,5.0,23.0,500.0,,Free,0.0,Everyone
Caviar - Food Delivery,FOOD_AND_DRINK,4.2,3755.0,100000.0,8.5,Free,0.0,Everyone
Cb browser,COMMUNICATION,5.0,5.0,50.0,3.7,Free,0.0,Everyone
Centimeter Ruler,TOOLS,3.3,16.0,10000.0,1.3,Free,0.0,Everyone
Central Bank and Trust Co.,FINANCE,4.7,65.0,5000.0,12.0,Free,0.0,Everyone
Cerebral Palsy,MEDICAL,4.4,38.0,1000.0,8.5,Free,0.0,Everyone
Cerulean Heart,FAMILY,4.6,2683.0,10000.0,25.0,Free,0.0,Mature 17+
Cestovné poriadky CP,MAPS_AND_NAVIGATION,4.6,2681.0,100000.0,6.3,Free,0.0,Everyone
Chakra Cleansing,LIBRARIES_AND_DEMO,4.6,539.0,50000.0,99.0,Free,0.0,Everyone
Championat,SPORTS,4.3,36490.0,1000000.0,,Free,0.0,Everyone
Champions and Challengers - Adventure Time,FAMILY,4.6,51973.0,1000000.0,27.0,Free,0.0,Everyone
Change photo background,PHOTOGRAPHY,3.8,28660.0,5000000.0,6.4,Free,0.0,Everyone
ChangeDA - Cours du DZD sur le marché parallèle,FINANCE,4.4,188.0,10000.0,3.3,Free,0.0,Everyone
Channel 19,COMMUNICATION,3.7,916.0,100000.0,12.0,Free,0.0,Mature 17+
Channel U,FAMILY,4.6,34.0,1000.0,14.0,Free,0.0,Everyone
Chapters: Interactive Stories,GAME,4.5,73539.0,1000000.0,96.0,Free,0.0,Mature 17+
ChargeHub - Find EV & Tesla Charging Stations,MAPS_AND_NAVIGATION,4.6,796.0,50000.0,25.0,Free,0.0,Everyone
"Charlotte County, FL",PRODUCTIVITY,4.7,10.0,1000.0,7.1,Free,0.0,Everyone
Chart - Myanmar Keyboard,LIFESTYLE,4.4,39364.0,5000000.0,28.0,Free,0.0,Everyone
Chase Mobile,FINANCE,4.6,1374549.0,10000000.0,32.0,Free,0.0,Everyone
Chat Anónimo Gratis Español CG,DATING,3.5,69.0,5000.0,4.0,Free,0.0,Everyone
Chat For Strangers - Video Chat,SOCIAL,3.4,622.0,100000.0,,Free,0.0,Mature 17+
Chat Kids - Chat Room For Kids,DATING,4.7,6.0,100.0,4.9,Free,0.0,Mature 17+
"Chat Rooms, Avatars, Date - Galaxy",DATING,4.3,135420.0,10000000.0,,Free,0.0,Mature 17+
Chat With Artificial Intelligence,FAMILY,3.2,32.0,1000.0,2.8,Free,0.0,Everyone
ChatBolo - AI Chatbot Online,FAMILY,3.3,1407.0,100000.0,1.4,Free,0.0,Everyone
ChatBot AI Talking Girl,FAMILY,3.8,3597.0,100000.0,25.0,Free,0.0,Everyone 10+
ChatVideo Meet new people,DATING,4.2,63986.0,5000000.0,20.0,Free,0.0,Mature 17+
"Chatting - Free chat, random chat, boyfriend, girlfriend",DATING,4.2,2506.0,500000.0,6.1,Free,0.0,Mature 17+
Cheap Flights & Hotels momondo,TRAVEL_AND_LOCAL,4.2,42546.0,5000000.0,24.0,Free,0.0,Everyone
Cheap hotel deals and discounts — Hotellook,TRAVEL_AND_LOCAL,4.5,7153.0,1000000.0,,Free,0.0,Everyone
"CheapTickets – Hotels, Flights & Travel Deals",TRAVEL_AND_LOCAL,4.4,6925.0,1000000.0,,Free,0.0,Everyone
Cheapflights – Flight Search,TRAVEL_AND_LOCAL,4.4,47780.0,5000000.0,19.0,Free,0.0,Everyone
Cheat Codes for GTA V,FAMILY,4.3,589.0,100000.0,3.6,Free,0.0,Mature 17+
Cheating Tom 3 - Genius School,GAME,4.3,90415.0,10000000.0,84.0,Free,0.0,Everyone
Cheats for GTA V,FAMILY,4.2,450.0,100000.0,5.9,Free,0.0,Everyone
Check Lottery Tickets - Florida,FAMILY,2.0,27.0,5000.0,31.0,Free,0.0,Teen
Check Vehicle Tax,AUTO_AND_VEHICLES,3.9,295.0,10000.0,2.7,Free,0.0,Everyone
Check Your Visitors on FB ?,SOCIAL,3.6,40.0,5000.0,1.5,Free,0.0,Everyone
CheckPoints 🏆 Rewards App,SHOPPING,4.1,23187.0,1000000.0,25.0,Free,0.0,Everyone
Checkers,GAME,4.5,375996.0,10000000.0,3.3,Free,0.0,Everyone
Checkers ✔️,FAMILY,4.1,3617.0,1000000.0,19.0,Free,0.0,Everyone
Checkout 51: Grocery coupons,SHOPPING,4.1,52896.0,10000000.0,,Free,0.0,Everyone
Chef - Recipes & Cooking,FOOD_AND_DRINK,4.1,32405.0,5000000.0,12.0,Free,0.0,Everyone
ChefTap Recipes & Grocery List,FOOD_AND_DRINK,4.5,9066.0,500000.0,15.0,Free,0.0,Everyone
Chegg Study - Homework Help,EDUCATION,4.3,14700.0,1000000.0,21.0,Free,0.0,Everyone
Chelsea FC Official Keyboard,PRODUCTIVITY,4.5,91397.0,1000000.0,14.0,Free,0.0,Everyone
Chemin (fr),BOOKS_AND_REFERENCE,4.8,44.0,1000.0,0.6044921875,Free,0.0,Everyone
Chenoweth AH,MEDICAL,5.0,1.0,100.0,27.0,Free,0.0,Everyone
Chess Free,GAME,4.5,1375988.0,50000000.0,15.0,Free,0.0,Everyone
Chess PRO Free,FAMILY,3.8,1123.0,100000.0,5.7,Free,0.0,Everyone
Chess School for Beginners,FAMILY,4.3,879.0,100000.0,,Free,0.0,Everyone
Chess and Mate,FAMILY,4.5,359.0,5000.0,17.0,Paid,4.99,Everyone
Chess for Kids - Play & Learn,FAMILY,4.1,3234.0,100000.0,47.0,Free,0.0,Everyone
Chess of Blades (BL/Yaoi Game) (No VA),FAMILY,4.8,4.0,10.0,23.0,Paid,14.99,Teen
Chess of Blades (Demo),FAMILY,4.2,45.0,1000.0,23.0,Free,0.0,Teen
Chest Calculator for CR,FAMILY,3.9,14754.0,1000000.0,21.0,Free,0.0,Everyone 10+
Chest Simulator for Clash Royale,FAMILY,4.4,4756.0,100000.0,33.0,Free,0.0,Everyone
Chest Tracker for Clash Royale,TOOLS,4.3,77717.0,5000000.0,14.0,Free,0.0,Everyone
Chicago Tribune,NEWS_AND_MAGAZINES,3.6,1380.0,100000.0,,Free,0.0,Everyone
Chick-fil-A,FOOD_AND_DRINK,4.3,28009.0,5000000.0,17.0,Free,0.0,Everyone
Chicken Invaders 3,GAME,4.2,52390.0,5000000.0,20.0,Free,0.0,Everyone
Chictopia,LIFESTYLE,4.1,360.0,10000.0,4.6,Free,0.0,Everyone
Child Growth Tracking,PARENTING,4.4,498.0,50000.0,,Free,0.0,Everyone
Children Educational Game Full,FAMILY,4.7,30.0,1000.0,,Paid,7.49,Everyone
Children's Stories 2018 - The Lion Come Lion,PARENTING,4.4,39.0,10000.0,18.0,Free,0.0,Everyone
Children's cartoons (Mithu-Mina-Raju),COMICS,4.6,279.0,100000.0,3.3,Free,0.0,Everyone
Chilindo,SHOPPING,3.8,18364.0,1000000.0,29.0,Free,0.0,Everyone
Chime - Mobile Banking,FINANCE,4.3,5928.0,500000.0,22.0,Free,0.0,Everyone
China Town Auto Theft 2,GAME,4.1,364.0,50000.0,67.0,Free,0.0,Everyone 10+
Chinese Chess ( Xiangqi Free ),GAME,4.6,963.0,50000.0,4.1,Free,0.0,Everyone
Chinese Chess / Co Tuong,GAME,4.2,6947.0,500000.0,20.0,Free,0.0,Everyone
"Chinese Chess 3D Online (Xiangqi, 象棋, co tuong)",GAME,3.5,23.0,1000.0,37.0,Paid,0.99,Everyone
"Chispa, the Dating App for Latino, Latina Singles",DATING,4.2,4195.0,100000.0,24.0,Free,0.0,Mature 17+
Choice Hotels,TRAVEL_AND_LOCAL,4.4,17915.0,1000000.0,,Free,0.0,Everyone
Choices: Stories You Play,GAME,4.6,807338.0,10000000.0,93.0,Free,0.0,Teen
ChopAssistant,TOOLS,4.2,455.0,50000.0,2.8,Free,0.0,Everyone
Christella VoiceUp,MEDICAL,4.1,38.0,5000.0,70.0,Free,0.0,Everyone
Christian Dating For Free App,DATING,3.9,8723.0,500000.0,13.0,Free,0.0,Mature 17+
Christian Questions Podcast,FAMILY,4.6,222.0,10000.0,15.0,Free,0.0,Everyone
Chrome Beta,PRODUCTIVITY,4.4,228794.0,10000000.0,,Free,0.0,Everyone
Chrome Canary (Unstable),PRODUCTIVITY,4.3,21866.0,1000000.0,,Free,0.0,Everyone
Chrome Dev,COMMUNICATION,4.4,63576.0,5000000.0,,Free,0.0,Everyone
Chronolink DX,FAMILY,5.0,7.0,10.0,73.0,Paid,0.99,Everyone
Chuck E.'s Skate Universe,FAMILY,3.9,94910.0,10000000.0,44.0,Free,0.0,Everyone
Cinemark Theatres,ENTERTAINMENT,4.1,21867.0,1000000.0,39.0,Free,0.0,Teen
Cinematic Cinematic,ENTERTAINMENT,4.4,37000.0,1000000.0,15.0,Free,0.0,Mature 17+
Circle Colors Pack-FN Theme,PERSONALIZATION,4.2,6.0,50.0,0.0869140625,Paid,0.99,Everyone
Circle ratio,MAPS_AND_NAVIGATION,3.7,10562.0,1000000.0,60.0,Free,0.0,Everyone
CircleCI Viewer,PRODUCTIVITY,4.6,16.0,1000.0,3.2,Free,0.0,Everyone
Cisco Webex Meetings,BUSINESS,4.4,108741.0,10000000.0,28.0,Free,0.0,Everyone
Cisco Webex Teams,BUSINESS,4.2,1661.0,100000.0,46.0,Free,0.0,Everyone
Citation du Jour - Motivation,FAMILY,4.1,321.0,100000.0,0.892578125,Free,0.0,Everyone
Citi Mobile®,FINANCE,4.0,78306.0,5000000.0,46.0,Free,0.0,Everyone
Citibanamex Movil,FINANCE,3.6,52306.0,5000000.0,42.0,Free,0.0,Everyone
Citizens Bank - CB Mobile,FINANCE,4.8,6.0,1000.0,11.0,Free,0.0,Everyone
Citizens Bank Mobile Banking,FINANCE,4.1,15192.0,1000000.0,38.0,Free,0.0,Everyone
City Builder 2016: County Mall,FAMILY,4.2,41693.0,1000000.0,74.0,Free,0.0,Everyone
City Driving Jeep Mania: Parking Passion 2018,FAMILY,4.4,36.0,10000.0,24.0,Free,0.0,Everyone
City Taxi Driver sim 2016: Cab simulator Game-s,FAMILY,4.1,16111.0,1000000.0,57.0,Free,0.0,Everyone
City light CM Locker Theme,PERSONALIZATION,4.4,6271.0,500000.0,5.7,Free,0.0,Everyone
CityBus Lviv,AUTO_AND_VEHICLES,4.6,534.0,10000.0,5.7,Free,0.0,Everyone
CityMaps2Go Plan Trips Travel Guide Offline Maps,TRAVEL_AND_LOCAL,4.3,64713.0,1000000.0,58.0,Free,0.0,Everyone
Citymapper - Transit Navigation,MAPS_AND_NAVIGATION,4.5,65448.0,5000000.0,,Free,0.0,Everyone
ClanHQ,COMMUNICATION,2.7,560.0,10000.0,37.0,Free,0.0,Everyone
ClanManagerTT2,FAMILY,4.7,55.0,1000.0,3.3,Free,0.0,Everyone
ClanPlay: Community and Tools for Gamers,COMMUNICATION,4.8,34443.0,1000000.0,27.0,Free,0.0,Teen
Clarksburg AH,MEDICAL,1.0,1.0,50.0,28.0,Free,0.0,Everyone
Clash Royale,GAME,4.6,23136735.0,100000000.0,97.0,Free,0.0,Everyone 10+
Clash Soundboard For CR & COC,FAMILY,4.3,13.0,500.0,26.0,Free,0.0,Everyone
Clash of Axe: Flippy Lumberjack Action X,GAME,4.3,6.0,1000.0,61.0,Free,0.0,Everyone
Clash of Clans,GAME,4.6,44893888.0,100000000.0,98.0,Free,0.0,Everyone 10+
Clash of Kings : The King Of Fighters version,FAMILY,4.2,2233681.0,50000000.0,97.0,Free,0.0,Teen
ClassDojo,EDUCATION,4.4,148550.0,10000000.0,59.0,Free,0.0,Everyone
Classic Calculator,TOOLS,4.0,85659.0,5000000.0,27.0,Free,0.0,Everyone
Classic FC 64 IN 1,FAMILY,4.2,1749.0,100000.0,6.2,Free,0.0,Everyone
Classic Words Solo,GAME,4.4,135739.0,5000000.0,,Free,0.0,Everyone
Classical music for baby,PARENTING,4.8,1940.0,100000.0,38.0,Free,0.0,Everyone
Clean Master Lite - For Low-End Phone,TOOLS,4.6,2246379.0,50000000.0,5.1,Free,0.0,Everyone
Clean Master- Space Cleaner & Antivirus,TOOLS,4.7,42916526.0,500000000.0,,Free,0.0,Everyone
Clean My Android,PRODUCTIVITY,4.7,101163.0,5000000.0,6.2,Free,0.0,Everyone
"Clean My House – Chore To Do List, Task Scheduler",PRODUCTIVITY,4.1,661.0,100000.0,3.4,Free,0.0,Everyone
Clear,TOOLS,3.1,24151.0,10000000.0,15.0,Free,0.0,Everyone
ClearCareGo Caregiver,MEDICAL,4.2,1746.0,50000.0,16.0,Free,0.0,Everyone
ClickMeeting Webinars,BUSINESS,3.8,5211.0,1000000.0,26.0,Free,0.0,Everyone
Climatempo Lite - 15 day weather forecast,WEATHER,4.0,634.0,100000.0,,Free,0.0,Everyone
Clinic Doctor EHr,MEDICAL,5.0,2.0,5.0,7.1,Free,0.0,Everyone
Clock L,PERSONALIZATION,3.9,2852.0,100000.0,5.4,Free,0.0,Everyone
Cloud DX Connected Health,HEALTH_AND_FITNESS,5.0,6.0,100.0,11.0,Free,0.0,Everyone
Cloud Print,PRODUCTIVITY,4.1,282460.0,500000000.0,,Free,0.0,Everyone
Cloud of Books,BOOKS_AND_REFERENCE,3.3,1862.0,1000000.0,19.0,Free,0.0,Everyone
Clover Dating App,DATING,4.1,11633.0,500000.0,23.0,Free,0.0,Mature 17+
Club,MEDICAL,4.4,3786.0,50000.0,28.0,Free,0.0,Everyone
"Club Factory Everything, Unbeaten Price",SHOPPING,4.2,244141.0,10000000.0,7.3,Free,0.0,Everyone
Club Penguin Island,FAMILY,2.8,107441.0,1000000.0,32.0,Free,0.0,Everyone
Clue,GAME,4.6,19922.0,100000.0,35.0,Paid,1.99,Everyone 10+
Clumsy Santa ER Surgery,FAMILY,4.1,214.0,100000.0,46.0,Free,0.0,Teen
Co Checker,TOOLS,1.9,12.0,1000.0,2.0,Free,0.0,Everyone
Co-Optima Mobile,FINANCE,4.4,218.0,10000.0,,Free,0.0,Everyone
Co-op CRS,LIFESTYLE,3.6,581.0,100000.0,26.0,Free,0.0,Everyone
Co-op Connections,SHOPPING,1.6,8.0,1000.0,18.0,Free,0.0,Everyone
Co-op Credit Union on the Go,FINANCE,4.4,5.0,1000.0,30.0,Free,0.0,Everyone
Co-op Taxi,MAPS_AND_NAVIGATION,3.4,168.0,10000.0,53.0,Free,0.0,Everyone
Coast To Coast AM Insider,NEWS_AND_MAGAZINES,3.9,4581.0,100000.0,21.0,Free,0.0,Everyone
Cochrane Library,MEDICAL,3.7,3.0,100.0,10.0,Free,0.0,Everyone
Code,VIDEO_PLAYERS,4.4,239242.0,10000000.0,,Free,0.0,Everyone
Code on the egg,TOOLS,3.9,146.0,10000.0,0.765625,Free,0.0,Everyone
Codes for GTA San Andreas,FAMILY,3.8,12414.0,1000000.0,13.0,Free,0.0,Everyone
"CoinMarketApp - CryptoCurrency Portfolio, News,ICO",FINANCE,4.7,20535.0,500000.0,,Free,0.0,Everyone
Collage&Add Stickers papelook,PHOTOGRAPHY,4.0,32896.0,5000000.0,31.0,Free,0.0,Everyone
Color By Number - Sandbox Pixel Coloring Book,FAMILY,4.7,24557.0,1000000.0,24.0,Free,0.0,Everyone
Color By Numbers - Art Game for Kids and Adults,FAMILY,3.1,305.0,100000.0,8.3,Free,0.0,Everyone
Color CL,LIFESTYLE,5.0,2.0,100.0,1.3,Free,0.0,Everyone
"Color Call - Caller Screen, LED Flash",PERSONALIZATION,4.7,29485.0,1000000.0,9.9,Free,0.0,Everyone
Color Changer Pro [root],PERSONALIZATION,4.5,69.0,1000.0,0.9287109375,Paid,0.99,Everyone
Color Flashlight,TOOLS,4.2,472904.0,50000000.0,,Free,0.0,Everyone
Color Quartets,FAMILY,4.0,42.0,1000.0,12.0,Free,0.0,Everyone
Color Road,GAME,4.1,84911.0,10000000.0,71.0,Free,0.0,Everyone
Color Touch Effects,PHOTOGRAPHY,3.8,167652.0,10000000.0,12.0,Free,0.0,Everyone
Color by Disney,FAMILY,2.7,5706.0,500000.0,47.0,Free,0.0,Everyone
Color by Number - Draw Sandbox Pixel Art,FAMILY,4.6,10247.0,1000000.0,15.0,Free,0.0,Everyone
Color by Number – New Coloring Book,GAME,4.7,142308.0,5000000.0,24.0,Free,0.0,Everyone 10+
Color by Number: Pixel Art,FAMILY,4.6,12034.0,1000000.0,34.0,Free,0.0,Everyone
ColorFul - Adult Coloring Book,ENTERTAINMENT,4.6,50725.0,5000000.0,19.0,Free,0.0,Everyone
ColorNote Notepad Notes,PRODUCTIVITY,4.6,2401017.0,100000000.0,,Free,0.0,Everyone
ColorSnap® Visualizer,HOUSE_AND_HOME,3.4,3280.0,1000000.0,77.0,Free,0.0,Everyone
Colorfit - Drawing & Coloring,ART_AND_DESIGN,4.7,20260.0,500000.0,25.0,Free,0.0,Everyone
Colorful Glitter Neon Butterfly Keyboard Theme,PERSONALIZATION,4.3,2056.0,500000.0,9.8,Free,0.0,Everyone
Colorfy: Coloring Book for Adults - Free,ENTERTAINMENT,4.5,787177.0,10000000.0,,Free,0.0,Everyone
Coloring & Learn,FAMILY,4.4,12753.0,5000000.0,51.0,Free,0.0,Everyone
Coloring Book at Five Nights,FAMILY,4.0,532.0,100000.0,6.5,Free,0.0,Everyone
Coloring Book for Me & Mandala,FAMILY,4.6,401211.0,10000000.0,,Free,0.0,Everyone
Coloring book moana,FAMILY,3.9,974.0,500000.0,14.0,Free,0.0,Everyone
Colors of white in Urdu,BEAUTY,4.5,36.0,10000.0,6.7,Free,0.0,Everyone
Combat BF: Black Ops 3,GAME,4.2,7699.0,500000.0,83.0,Free,0.0,Mature 17+
Combat Strike CS 🔫 Counter Terrorist Attack FPS💣,GAME,4.1,1019.0,100000.0,39.0,Free,0.0,Teen
Comboios de Portugal,MAPS_AND_NAVIGATION,3.4,1147.0,100000.0,19.0,Free,0.0,Everyone
Comedy Central,ENTERTAINMENT,3.9,22378.0,1000000.0,19.0,Free,0.0,Teen
Comic Es - Shojo manga / love comics free of charge ♪ ♪,COMICS,3.9,2181.0,100000.0,10.0,Free,0.0,Teen
Comics,COMICS,4.1,45651.0,5000000.0,,Free,0.0,Teen
Comics Reader,COMICS,3.9,4496.0,100000.0,0.5947265625,Free,0.0,Everyone
Commando Adventure Assassin,GAME,4.0,51067.0,5000000.0,48.0,Free,0.0,Teen
Commission Manager,PRODUCTIVITY,3.2,12.0,1000.0,2.2,Free,0.0,Everyone
Common Core,EDUCATION,4.0,835.0,100000.0,15.0,Free,0.0,Everyone
Commonwealth CU Go Mobile,FINANCE,4.3,231.0,10000.0,18.0,Free,0.0,Everyone
Community by C Space,LIFESTYLE,4.7,707.0,5000.0,26.0,Free,0.0,Everyone
CompTIA A+ Pocket Prep,FAMILY,4.3,1311.0,10000.0,14.0,Free,0.0,Everyone
CompTIA Exam Training,FAMILY,4.8,3053.0,50000.0,17.0,Free,0.0,Everyone
Companion for Fortnite & Fortnite Battle Royale,FAMILY,4.6,2736.0,100000.0,,Free,0.0,Everyone
Company Kitchen,LIFESTYLE,2.8,81.0,10000.0,7.7,Free,0.0,Everyone
Compass,MAPS_AND_NAVIGATION,4.3,286454.0,10000000.0,3.7,Free,0.0,Everyone
Complete Anatomy for Android,MEDICAL,4.1,90.0,1000.0,21.0,Free,0.0,Everyone
Complete Spanish Movies,ENTERTAINMENT,4.0,11656.0,1000000.0,4.5,Free,0.0,Everyone
Comptia A+ 220-901 & 220-902,FAMILY,4.4,174.0,10000.0,5.7,Free,0.0,Everyone
Comunidad De Fe Minitries,LIFESTYLE,5.0,19.0,500.0,11.0,Free,0.0,Everyone
Connect'Em,FAMILY,4.5,49381.0,1000000.0,6.8,Free,0.0,Everyone
Connect'Em Halloween,FAMILY,4.5,6673.0,500000.0,4.4,Free,0.0,Everyone
Connect.ae - Local Search UAE,TRAVEL_AND_LOCAL,3.9,194.0,10000.0,,Free,0.0,Everyone
ConnectLine,MEDICAL,3.1,253.0,50000.0,4.2,Free,0.0,Everyone
Contacts,COMMUNICATION,4.3,66602.0,50000000.0,,Free,0.0,Everyone
Contacts+,COMMUNICATION,4.2,190613.0,10000000.0,11.0,Free,0.0,Everyone
Content Transfer,PRODUCTIVITY,4.7,19302.0,5000000.0,7.2,Free,0.0,Everyone
Contents Provider(C.P.)Explorer,TOOLS,4.0,1.0,100.0,1.2,Free,0.0,Everyone
Contractor City Construction - Heavy Logistics,FAMILY,4.2,31.0,5000.0,35.0,Free,0.0,Everyone
Control Center iOS 11 - Phone X Control Panel,TOOLS,4.1,1925.0,100000.0,8.3,Free,0.0,Everyone
Control Center iOS 11 - Phone X notifications,TOOLS,4.3,514.0,50000.0,8.4,Free,0.0,Everyone
Convert Coordinates DM to DMS,MAPS_AND_NAVIGATION,4.3,15.0,5000.0,0.16015625,Free,0.0,Everyone
Convert degree Celsius to Fahrenheit or °F to °C,TOOLS,4.4,51.0,5000.0,2.1,Free,0.0,Everyone
ConvertPad - Unit Converter,TOOLS,4.4,90831.0,10000000.0,4.3,Free,0.0,Everyone
Cook 'n Learn Smart Kitchen,FAMILY,3.5,205.0,50000.0,62.0,Free,0.0,Everyone
Cook Baked Lasagna,FAMILY,4.2,56259.0,10000000.0,23.0,Free,0.0,Everyone
Cook'n Recipe App,LIFESTYLE,3.4,552.0,10000.0,22.0,Free,0.0,Everyone
Cookbook Recipes,FOOD_AND_DRINK,4.1,46539.0,5000000.0,,Free,0.0,Teen
Cooking Channel,ENTERTAINMENT,4.1,1033.0,100000.0,16.0,Free,0.0,Teen
Cooking Fever,GAME,4.5,3198176.0,100000000.0,82.0,Free,0.0,Everyone
Cooking Madness - A Chef's Restaurant Games,GAME,4.7,358817.0,10000000.0,49.0,Free,0.0,Everyone
Cooking in the Kitchen,FAMILY,4.1,217736.0,10000000.0,87.0,Free,0.0,Everyone
Cookpad,FOOD_AND_DRINK,4.5,131569.0,10000000.0,8.2,Free,0.0,Everyone
Cookpad - FREE recipe search makes fun cooking · musical making!,FOOD_AND_DRINK,4.1,64784.0,10000000.0,13.0,Free,0.0,Everyone
Cool Popular Ringtones 2018 🔥,LIBRARIES_AND_DEMO,4.5,60170.0,1000000.0,28.0,Free,0.0,Everyone
Cool Reader,BOOKS_AND_REFERENCE,4.5,246315.0,10000000.0,,Free,0.0,Everyone
Cops N Robbers,GAME,4.0,37789.0,1000000.0,58.0,Free,0.0,Teen
Cops N Robbers - FPS Mini Game,GAME,4.2,156862.0,5000000.0,64.0,Free,0.0,Everyone 10+
Cops N Robbers 2,GAME,4.1,63680.0,1000000.0,46.0,Free,0.0,Everyone 10+
Cordova BG Geolocation,MAPS_AND_NAVIGATION,3.0,4.0,1000.0,,Free,0.0,Everyone
Couch to 10K Running Trainer,HEALTH_AND_FITNESS,4.6,10445.0,500000.0,48.0,Free,0.0,Everyone
Couch to 5K by RunDouble,HEALTH_AND_FITNESS,4.7,15674.0,1000000.0,6.1,Free,0.0,Everyone
Couchsurfing Travel App,TRAVEL_AND_LOCAL,4.4,61776.0,1000000.0,,Free,0.0,Teen
Cougar Dating Life : Date Older Women Sugar Mummy,DATING,3.9,1645.0,500000.0,31.0,Free,0.0,Mature 17+
Council Voting Calculator,COMMUNICATION,3.9,33.0,5000.0,3.4,Free,0.0,Everyone
Counter Attack - Multiplayer FPS,GAME,4.3,112565.0,1000000.0,32.0,Free,0.0,Teen
Counter Deck Calculator for CR,TOOLS,4.1,3446.0,500000.0,19.0,Free,0.0,Everyone
Counter Online FPS Game,GAME,4.2,41089.0,5000000.0,42.0,Free,0.0,Teen
Counter Terrorist Attack,GAME,3.9,145931.0,10000000.0,43.0,Free,0.0,Teen
Counter Terrorist Gun Strike CS: Special Forces,GAME,4.2,211.0,10000.0,44.0,Free,0.0,Teen
Coupang,SHOPPING,4.6,308234.0,10000000.0,38.0,Free,0.0,Everyone
Couple - Relationship App,SOCIAL,4.0,33249.0,1000000.0,8.4,Free,0.0,Everyone
Coupon Mob - Discount Coupons,SHOPPING,3.0,2.0,100.0,1.3,Free,0.0,Everyone
Coupon Sherpa,SHOPPING,4.4,7793.0,500000.0,6.1,Free,0.0,Everyone
Coupons for Burger King,FOOD_AND_DRINK,4.5,41.0,500.0,4.0,Free,0.0,Teen
Coupons for Dairy Queen,FOOD_AND_DRINK,4.6,42.0,100.0,3.9,Free,0.0,Teen
Coupons.com – Grocery Coupons & Cash Back Savings,SHOPPING,4.2,24953.0,1000000.0,,Free,0.0,Everyone
Courier Journal,NEWS_AND_MAGAZINES,3.5,254.0,10000.0,38.0,Free,0.0,Everyone 10+
Coursera: Online courses,EDUCATION,4.4,90481.0,5000000.0,,Free,0.0,Everyone
Cover Camera for FB,PHOTOGRAPHY,3.8,742.0,100000.0,1.8,Free,0.0,Everyone
Cover Fire: offline shooting games for free,GAME,4.7,725897.0,10000000.0,31.0,Free,0.0,Teen
Cozi Family Organizer,PRODUCTIVITY,4.4,56713.0,1000000.0,25.0,Free,0.0,Everyone
Cp Calculator for Evolution:GO,FAMILY,4.8,124.0,500.0,2.5,Free,0.0,Everyone
CppDroid - C/C++ IDE,EDUCATION,4.1,29980.0,1000000.0,,Free,0.0,Everyone
Cr Aviation Academy,FAMILY,5.0,7.0,100.0,22.0,Free,0.0,Everyone
Crack Attack,FAMILY,4.3,31970.0,1000000.0,77.0,Free,0.0,Everyone
Crack the blue angry birds egg,FAMILY,3.2,85.0,10000.0,2.1,Free,0.0,Everyone
Crackle - Free TV & Movies,ENTERTAINMENT,3.7,388089.0,10000000.0,,Free,0.0,Teen
Crayola Color Blaster,GAME,3.8,17.0,1000.0,30.0,Free,0.0,Everyone
Crazy Bike attack Racing New: motorcycle racing,GAME,4.2,20364.0,5000000.0,45.0,Free,0.0,Everyone
Crazy Colors: Bubbles Matching,FAMILY,4.6,3063.0,100000.0,1.6,Free,0.0,Everyone
Crazy Doctor,FAMILY,4.0,267636.0,10000000.0,13.0,Free,0.0,Teen
Crazy ER Open Heart Surgery Simulator,FAMILY,4.0,2936.0,500000.0,45.0,Free,0.0,Everyone
Crazy Freekick,SPORTS,3.9,47688.0,5000000.0,17.0,Free,0.0,Everyone
Crazy Wheels,GAME,4.0,121082.0,10000000.0,7.0,Free,0.0,Teen
Create A Superhero HD,FAMILY,3.3,8642.0,500000.0,19.0,Free,0.0,Teen
Create apps fast with beautiful design and no code,BUSINESS,3.7,23729.0,1000000.0,24.0,Free,0.0,Everyone
Creative Destruction,GAME,4.4,201426.0,5000000.0,80.0,Free,0.0,Teen
Creative Ideas - DIY & Craft,LIFESTYLE,4.0,5208.0,100000.0,4.5,Free,0.0,Teen
Credit Karma,FINANCE,4.7,706618.0,10000000.0,,Free,0.0,Everyone
Credit Sesame,FINANCE,4.3,25166.0,1000000.0,11.0,Free,0.0,Everyone
CreditWise from Capital One,FINANCE,4.6,26587.0,1000000.0,8.4,Free,0.0,Everyone
Crew - Free Messaging and Scheduling,BUSINESS,4.6,4159.0,500000.0,48.0,Free,0.0,Everyone
CricQuick,SPORTS,5.0,17.0,50.0,1.5,Free,0.0,Everyone
Cricbuzz - Live Cricket Scores & News,SPORTS,4.5,838765.0,50000000.0,,Free,0.0,Everyone
Cricket Visual Voicemail,COMMUNICATION,3.9,13698.0,10000000.0,5.1,Free,0.0,Everyone
Crime Wars S. Andreas,GAME,4.3,5785.0,500000.0,93.0,Free,0.0,Teen
Crisis Action: 2018 NO.1 FPS,GAME,4.3,807226.0,10000000.0,34.0,Free,0.0,Teen
Cristiano Ronaldo Wallpaper,SPORTS,4.6,1733.0,500000.0,19.0,Free,0.0,Everyone
CritDice - Dice Roller,FAMILY,4.7,2910.0,50000.0,5.3,Free,0.0,Everyone
Critical Care Paramedic Review,MEDICAL,4.4,17.0,1000.0,1.8,Paid,9.99,Everyone 10+
Critical Ops,GAME,4.4,1397944.0,10000000.0,50.0,Free,0.0,Teen
Critical Strike CS: Counter Terrorist Online FPS,GAME,4.3,22773.0,1000000.0,,Free,0.0,Mature 17+
CrossFire: Legends,GAME,4.3,144040.0,5000000.0,29.0,Free,0.0,Teen
Crossy Road,GAME,4.5,4230886.0,100000000.0,60.0,Free,0.0,Everyone
Crunchyroll - Everything Anime,ENTERTAINMENT,3.7,310095.0,10000000.0,,Free,0.0,Teen
Crusaders Quest,FAMILY,4.4,475020.0,5000000.0,69.0,Free,0.0,Everyone 10+
Crypto Tracker by BitScreener,FINANCE,4.7,396.0,10000.0,12.0,Free,0.0,Everyone
Cube Z (Pixel Zombies),GAME,4.2,41444.0,1000000.0,56.0,Free,0.0,Teen
Culver's,LIFESTYLE,3.9,1638.0,100000.0,4.9,Free,0.0,Everyone
Cures A-Z,HEALTH_AND_FITNESS,4.0,265.0,100000.0,4.1,Free,0.0,Everyone
Curio Quest,FAMILY,4.3,59152.0,1000000.0,50.0,Free,0.0,Everyone 10+
Current debit card and app made for teens,FINANCE,4.3,685.0,50000.0,21.0,Free,0.0,Everyone
Curriculum Vitae,BUSINESS,3.7,3757.0,1000000.0,5.0,Free,0.0,Everyone
Curriculum Vitae - Resume CV,PRODUCTIVITY,2.6,80.0,10000.0,2.2,Free,0.0,Everyone
Curriculum vitae App CV Builder Free Resume Maker,BUSINESS,4.5,4571.0,500000.0,3.9,Free,0.0,Everyone
Cursive Writing Wizard - Handwriting,FAMILY,4.0,3745.0,1000000.0,31.0,Free,0.0,Everyone
Cut Out : Background Eraser and background changer,PHOTOGRAPHY,4.1,7118.0,1000000.0,9.2,Free,0.0,Everyone
Cut the Rope FULL FREE,GAME,4.4,2123793.0,100000000.0,49.0,Free,0.0,Everyone
Cut the Rope GOLD,FAMILY,4.6,61264.0,1000000.0,43.0,Paid,0.99,Everyone
Cute Dolphin Keyboard,PERSONALIZATION,4.5,237.0,10000.0,6.4,Free,0.0,Everyone
Cute Images for Whatsapp,FAMILY,4.4,634.0,100000.0,8.1,Free,0.0,Teen
Cute Pet Puppies,FAMILY,4.0,10447.0,1000000.0,36.0,Free,0.0,Everyone
Cute Questions BF,LIFESTYLE,4.0,3.0,1000.0,3.3,Free,0.0,Everyone
Cute wallpapers & kawaii backgrounds images,PERSONALIZATION,4.6,4724.0,1000000.0,5.4,Free,0.0,Everyone
Cutie Cubies,FAMILY,4.4,6356.0,500000.0,83.0,Free,0.0,Everyone
Cv maker / Job cv maker,FAMILY,4.4,14.0,1000.0,5.5,Free,0.0,Everyone
Cx File Explorer,TOOLS,4.7,175.0,10000.0,4.3,Free,0.0,Everyone
Cy Messenger,COMMUNICATION,4.5,4.0,100.0,8.1,Free,0.0,Everyone
Cy-Fair Christian Church,LIFESTYLE,5.0,2.0,100.0,9.3,Free,0.0,Everyone
Cy-Fair FCU Mobile Banking,FINANCE,4.7,439.0,5000.0,13.0,Free,0.0,Everyone
Cy-Fair VFD EMS Protocols,MEDICAL,5.0,2.0,100.0,20.0,Free,0.0,Everyone 10+
Cy-Ranch,NEWS_AND_MAGAZINES,4.5,27.0,500.0,7.1,Free,0.0,Everyone
Cy-Reader,FAMILY,4.8,17.0,100.0,15.0,Free,0.0,Everyone
Cycling - Bike Tracker,HEALTH_AND_FITNESS,4.5,9116.0,500000.0,4.0,Free,0.0,Everyone
Cymath - Math Problem Solver,FAMILY,4.5,10159.0,1000000.0,6.4,Free,0.0,Everyone
"Cymera Camera- Photo Editor, Filter,Collage,Layout",PHOTOGRAPHY,4.4,2418165.0,100000000.0,,Free,0.0,Everyone
Cyprus Bus Companion,MAPS_AND_NAVIGATION,3.9,112.0,10000.0,1.4,Free,0.0,Everyone
Cyprus CU Mobile Banking,FINANCE,3.4,295.0,10000.0,,Free,0.0,Everyone
Cyprus Police,SOCIAL,4.2,226.0,10000.0,15.0,Free,0.0,Everyone 10+
"Cystic Fibrosis Symptoms, Doctors & Treatments",HEALTH_AND_FITNESS,4.7,6.0,100.0,9.7,Free,0.0,Teen
Cytus,GAME,4.7,541732.0,5000000.0,20.0,Free,0.0,Everyone
Cytus II,GAME,4.7,16851.0,100000.0,81.0,Paid,1.99,Everyone 10+
Czech Public Transport IDOS,MAPS_AND_NAVIGATION,4.3,26014.0,1000000.0,7.7,Free,0.0,Everyone
D Day World War II Commando Survival Shooting,GAME,4.2,951.0,100000.0,64.0,Free,0.0,Teen
D-H Pharmacy,LIFESTYLE,5.0,6.0,1000.0,2.3,Free,0.0,Everyone
D.L. Evans Bank Mobile Banking,FINANCE,4.3,85.0,10000.0,30.0,Free,0.0,Everyone
DAILY: Free Classifieds App for Android,LIFESTYLE,4.1,5025.0,500000.0,,Free,0.0,Mature 17+
DB Browser,TOOLS,3.3,236.0,50000.0,0.2158203125,Free,0.0,Everyone
DB Busradar NRW,MAPS_AND_NAVIGATION,3.7,78.0,10000.0,3.0,Free,0.0,Everyone
DB Customer Connect,BUSINESS,4.2,100.0,10000.0,6.3,Free,0.0,Everyone
DB Event App,SOCIAL,2.4,37.0,5000.0,37.0,Free,0.0,Teen
DB HOME,LIFESTYLE,5.0,5.0,100.0,3.2,Free,0.0,Everyone
DB LINK RGB,TOOLS,2.7,7.0,500.0,5.2,Free,0.0,Everyone
DB Navigator,MAPS_AND_NAVIGATION,4.0,119685.0,10000000.0,20.0,Free,0.0,Everyone
DB Pickles,BUSINESS,5.0,5.0,100.0,14.0,Free,0.0,Everyone
DB Sound Meter: Measure Noise Level- Decibel Meter,TOOLS,4.3,824.0,10000.0,2.8,Free,0.0,Everyone
DB Stay Connected,BUSINESS,4.6,17.0,1000.0,9.4,Free,0.0,Everyone
DB Streckenagent,MAPS_AND_NAVIGATION,3.9,4569.0,500000.0,7.5,Free,0.0,Everyone
DB TOS - Pocket Helper,TOOLS,4.2,265.0,10000.0,,Free,0.0,Everyone
DB Tools,FAMILY,4.6,37.0,1000.0,3.3,Free,0.0,Everyone
DB Train Simulator,FAMILY,3.7,6514.0,500000.0,72.0,Free,0.0,Everyone
DB Transport,MAPS_AND_NAVIGATION,1.9,179.0,10000.0,10.0,Free,0.0,Everyone
DB Ultra Saiyan Battle,GAME,4.5,33.0,1000.0,44.0,Free,0.0,Everyone 10+
DB for Fallout Shelter,FAMILY,4.0,3323.0,100000.0,47.0,Free,0.0,Everyone
DB for Hustle Castle,FAMILY,4.8,21.0,1000.0,49.0,Free,0.0,Everyone
DC All Access,FAMILY,4.4,12639.0,500000.0,96.0,Free,0.0,Teen
DC Comics,COMICS,4.2,25673.0,1000000.0,,Free,0.0,Teen
DC Comics Amino,SOCIAL,4.9,117.0,1000.0,63.0,Free,0.0,Teen
DC HSEMA,BOOKS_AND_REFERENCE,3.8,38.0,5000.0,7.2,Free,0.0,Everyone
DC Legends: Battle for Justice,FAMILY,4.5,355613.0,10000000.0,59.0,Free,0.0,Teen
DC Metro,MAPS_AND_NAVIGATION,3.4,59.0,10000.0,1.3,Free,0.0,Everyone
DC Metro Transit,TRAVEL_AND_LOCAL,4.5,339.0,5000.0,10.0,Paid,2.99,Everyone
DC Metro Transit - Free,TRAVEL_AND_LOCAL,4.4,6895.0,500000.0,10.0,Free,0.0,Everyone
DC N COMPANY ENTERTAINMENT RADIO!,FAMILY,5.0,22.0,100.0,2.2,Free,0.0,Mature 17+
DC Public Library,BOOKS_AND_REFERENCE,4.2,20.0,1000.0,3.4,Free,0.0,Everyone
DC Rider,MAPS_AND_NAVIGATION,3.6,258.0,50000.0,6.9,Free,0.0,Everyone
DC Super Hero Girls™,FAMILY,4.3,43090.0,5000000.0,95.0,Free,0.0,Everyone
DC Trails-Hop On Hop Off Tours,TRAVEL_AND_LOCAL,3.1,16.0,5000.0,18.0,Free,0.0,Everyone
DC Universe Online Map,TOOLS,4.1,1186.0,50000.0,6.4,Free,0.0,Unrated
DC Universe Quiz,GAME,4.3,11.0,500.0,23.0,Free,0.0,Everyone
DC-014,PHOTOGRAPHY,5.0,3.0,500.0,16.0,Free,0.0,Everyone
DCUO|CR Calculator Lite,TOOLS,4.0,182.0,10000.0,1.7,Free,0.0,Everyone
DCUO|CR Calculator Pro,TOOLS,4.6,82.0,500.0,1.7,Paid,0.99,Everyone
DEAD TARGET: FPS Zombie Apocalypse Survival Games,GAME,4.5,1468638.0,50000000.0,,Free,0.0,Mature 17+
DEER HUNTER 2018,GAME,4.3,955656.0,10000000.0,82.0,Free,0.0,Teen
DEER HUNTER CHALLENGE,GAME,3.7,38767.0,5000000.0,4.1,Free,0.0,Everyone 10+
DEER HUNTER CLASSIC,GAME,4.4,3941129.0,50000000.0,77.0,Free,0.0,Teen
DEER HUNTER RELOADED,GAME,4.3,314774.0,5000000.0,43.0,Free,0.0,Teen
DELISH KITCHEN - FREE recipe movies make food fun and easy!,FOOD_AND_DRINK,4.6,32997.0,1000000.0,13.0,Free,0.0,Everyone
DENVER ACTION CAM 3,PHOTOGRAPHY,2.9,66.0,10000.0,8.9,Free,0.0,Everyone
DF Coaching,SPORTS,4.0,1.0,100.0,3.6,Free,0.0,Everyone
DF Glue Board,PARENTING,5.0,1.0,10.0,27.0,Free,0.0,Everyone
DF Night Selfies,PHOTOGRAPHY,4.3,194.0,10000.0,1.5,Free,0.0,Everyone
DF-Server Mobile,PRODUCTIVITY,4.9,17.0,100.0,76.0,Free,0.0,Everyone
DF@realtime,BUSINESS,4.3,24.0,1000.0,8.0,Free,0.0,Everyone
DG - Digital Coupons - Free Coupon and Discount,SHOPPING,3.6,38.0,10000.0,1.1,Free,0.0,Everyone
DG Cars,TRAVEL_AND_LOCAL,2.6,122.0,10000.0,11.0,Free,0.0,Everyone
DG Coupon,SHOPPING,3.7,668.0,100000.0,1.1,Free,0.0,Everyone
DG Fitness,HEALTH_AND_FITNESS,4.8,6.0,100.0,14.0,Free,0.0,Everyone
DG Mobile,GAME,4.3,59.0,1000.0,1.4,Free,0.0,Everyone
DG OFF - 100% Free Coupons & Deals,SHOPPING,5.0,1.0,10.0,1.1,Free,0.0,Everyone
DG Phone Call Task Switcher,PRODUCTIVITY,4.2,43.0,1000.0,0.033203125,Free,0.0,Everyone
DG Report Reminder,PRODUCTIVITY,4.3,195.0,10000.0,,Free,0.0,Everyone
DG Screen Recorder,VIDEO_PLAYERS,3.3,12.0,500.0,2.9,Free,0.0,Everyone
DG Smart life,TOOLS,2.1,14.0,1000.0,28.0,Free,0.0,Everyone
DG Surveyor,BUSINESS,3.6,5.0,50.0,6.8,Paid,8.99,Everyone
DG TV,NEWS_AND_MAGAZINES,5.0,3.0,100.0,5.7,Free,0.0,Everyone
DG UPnP Player Free,VIDEO_PLAYERS,3.2,39.0,10000.0,12.0,Free,0.0,Everyone
DG Users,PRODUCTIVITY,4.5,8.0,100.0,3.1,Free,0.0,Everyone
DG Video Editor,VIDEO_PLAYERS,4.0,486.0,10000.0,2.5,Free,0.0,Everyone
DG ग्राम / Digital Gram Panchayat,NEWS_AND_MAGAZINES,4.5,53.0,10000.0,5.9,Free,0.0,Teen
DG-App,TOOLS,5.0,1.0,500.0,4.5,Free,0.0,Everyone
DH News,NEWS_AND_MAGAZINES,2.5,81.0,10000.0,6.7,Free,0.0,Mature 17+
DH Pineapple Poker OFC,GAME,4.2,1878.0,100000.0,20.0,Free,0.0,Teen
DH Texas Poker - Texas Hold'em,GAME,4.4,562345.0,10000000.0,,Free,0.0,Teen
DH UFO,FAMILY,3.0,4.0,1000.0,8.0,Free,0.0,Everyone
DH-UFO,FAMILY,5.0,1.0,100.0,59.0,Free,0.0,Everyone
DHgate-Shop Wholesale Prices,SHOPPING,4.5,104068.0,5000000.0,37.0,Free,0.0,Teen
DINO HUNTER: DEADLY SHORES,GAME,4.4,1381820.0,10000000.0,54.0,Free,0.0,Teen
DIRECTV,FAMILY,4.1,235486.0,10000000.0,63.0,Free,0.0,Teen
DIRECTV Remote App,FAMILY,3.0,480.0,1000000.0,19.0,Free,0.0,Everyone
DIRECTV for Tablets,FAMILY,3.9,24123.0,1000000.0,69.0,Free,0.0,Teen
DIY CD Craft Ideas,LIFESTYLE,4.4,5.0,1000.0,4.6,Free,0.0,Everyone
DIY Crafts Cds,LIFESTYLE,4.0,209.0,50000.0,3.1,Free,0.0,Everyone
DIY Garden Ideas,LIFESTYLE,4.1,3309.0,500000.0,13.0,Free,0.0,Everyone
DIY On A Budget,HOUSE_AND_HOME,4.7,114.0,10000.0,8.3,Free,0.0,Teen
DJ Electro Mix Pad,FAMILY,3.9,53301.0,10000000.0,7.6,Free,0.0,Everyone
DJ Mix Effects Simulator,FAMILY,4.1,5997.0,1000000.0,20.0,Free,0.0,Everyone
DJ Music Pad,FAMILY,3.6,35121.0,5000000.0,5.1,Free,0.0,Everyone
DJMAX TECHNIKA Q - Music Game,GAME,4.3,21107.0,100000.0,95.0,Free,0.0,Everyone
DK 15 Minute Language Course,FAMILY,2.8,21.0,1000.0,57.0,Free,0.0,Everyone
DK Browser,COMMUNICATION,4.0,1.0,10.0,2.4,Free,0.0,Everyone
DK Eyewitness Audio Walks,TRAVEL_AND_LOCAL,2.3,9.0,1000.0,70.0,Free,0.0,Everyone
DK Live - Sports Play by Play,SPORTS,3.9,255.0,100000.0,19.0,Free,0.0,Everyone
DK Murali,SOCIAL,4.8,65.0,500.0,7.1,Free,0.0,Teen
DK Pittsburgh Sports,SPORTS,4.1,556.0,10000.0,3.3,Free,0.0,Everyone
DK Quiz,GAME,4.4,1628.0,50000.0,34.0,Free,0.0,Everyone
DK Readers,FAMILY,3.9,30.0,1000.0,16.0,Free,0.0,Everyone
DK Virtual Reality,FAMILY,3.7,42.0,1000.0,29.0,Free,0.0,Everyone
DL Calculator,SPORTS,4.5,177.0,10000.0,1.1,Free,0.0,Everyone
DL Hughley,FAMILY,4.6,12.0,1000.0,10.0,Free,0.0,Mature 17+
DL Image Manager,PRODUCTIVITY,5.0,2.0,10.0,1.7,Paid,0.99,Everyone
DM 24/7,TOOLS,3.6,7.0,1000.0,16.0,Free,0.0,Everyone
DM Buddy » Learn Digital Marketing,FAMILY,5.0,3.0,500.0,1.7,Free,0.0,Everyone
DM EVOLUTION,GAME,2.5,450.0,10000.0,97.0,Free,0.0,Everyone
DM HiDisk,TOOLS,2.8,54.0,5000.0,20.0,Free,0.0,Everyone
DM Me - Chat,SOCIAL,2.9,90.0,10000.0,30.0,Free,0.0,Mature 17+
DM Screen,BOOKS_AND_REFERENCE,4.4,283.0,10000.0,5.4,Free,0.0,Everyone 10+
DM Storage (for twitter),SOCIAL,3.2,6.0,100.0,0.447265625,Free,0.0,Everyone
DM Tracker,COMMUNICATION,3.5,11.0,1000.0,5.2,Free,0.0,Everyone
DM Tuning,SPORTS,3.3,64.0,5000.0,5.7,Free,0.0,Everyone
DM airdisk,TOOLS,2.8,11.0,1000.0,11.0,Free,0.0,Everyone
DM airdisk Pro,TOOLS,3.2,11.0,1000.0,36.0,Free,0.0,Everyone
DM for IG 😘 - Image & Video Saver for Instagram,SOCIAL,3.7,55.0,5000.0,3.7,Free,0.0,Teen
DM for WhatsApp,COMMUNICATION,4.4,25.0,5000.0,2.9,Free,0.0,Everyone
DM security - Dragon Mobile,TOOLS,3.9,27.0,1000.0,3.0,Free,0.0,Everyone
DMC ER Now,MEDICAL,4.3,6.0,1000.0,5.3,Free,0.0,Everyone
DMR BrandMeister Tool,COMMUNICATION,3.3,78.0,10000.0,2.5,Free,0.0,Everyone
DMV Permit Practice Test 2018 Edition,AUTO_AND_VEHICLES,4.9,6090.0,100000.0,27.0,Free,0.0,Everyone
DN,NEWS_AND_MAGAZINES,3.3,78.0,10000.0,17.0,Free,0.0,Everyone
DN - Diário de Notícias,NEWS_AND_MAGAZINES,3.7,794.0,100000.0,15.0,Free,0.0,Everyone
DN Blog,SOCIAL,5.0,20.0,10.0,4.2,Free,0.0,Teen
DN Calculators,FINANCE,5.0,12.0,100.0,0.7568359375,Free,0.0,Everyone
DN Employee,FAMILY,5.0,1.0,10.0,3.8,Free,0.0,Everyone
DN Reader,NEWS_AND_MAGAZINES,4.6,18.0,100.0,1.8,Free,0.0,Everyone
DN Sync,NEWS_AND_MAGAZINES,4.1,56.0,1000.0,0.02734375,Free,0.0,Everyone 10+
DN eAvis,NEWS_AND_MAGAZINES,2.9,61.0,10000.0,4.1,Free,0.0,Everyone
DN.VR,NEWS_AND_MAGAZINES,3.0,29.0,5000.0,37.0,Free,0.0,Everyone 10+
DNS Changer - BEST (Gprs/Edge/3G/H/H+/4G),TOOLS,4.3,123.0,5000.0,1.9,Free,0.0,Everyone
DO YOU KNOW THE WAY Soundboard,FAMILY,4.5,1007.0,100000.0,5.2,Free,0.0,Everyone
DP & Status,FAMILY,4.3,1922.0,500000.0,4.7,Free,0.0,Everyone
DP & Status for Whatsapp 2018,PERSONALIZATION,4.1,293.0,100000.0,3.4,Free,0.0,Everyone
DP Battle,FAMILY,4.5,132.0,5000.0,2.5,Free,0.0,Everyone
DP Creator for WhatsApp,PHOTOGRAPHY,3.8,4813.0,100000.0,5.1,Free,0.0,Everyone
DP Display Pictures Life Quotes Motivational GM,SOCIAL,4.4,39.0,5000.0,11.0,Free,0.0,Everyone
DP Editor,PHOTOGRAPHY,4.3,18.0,5000.0,15.0,Free,0.0,Teen
DP Maker,PHOTOGRAPHY,4.2,784.0,100000.0,18.0,Free,0.0,Everyone
DP Photo Editor,PHOTOGRAPHY,4.1,88.0,10000.0,7.7,Free,0.0,Everyone
DP Status 2017,PHOTOGRAPHY,4.2,302.0,50000.0,7.0,Free,0.0,Everyone
DP and Status,FAMILY,4.1,623.0,100000.0,3.0,Free,0.0,Everyone
DP and Status Images | All Latest Status 2018,LIFESTYLE,4.7,25.0,10000.0,3.8,Free,0.0,Teen
DP and Status for WhatsApp 2018,SOCIAL,4.5,787.0,100000.0,6.9,Free,0.0,Everyone
DQ Events,BUSINESS,2.3,41.0,10000.0,20.0,Free,0.0,Everyone
DQ Texas,FOOD_AND_DRINK,4.1,336.0,100000.0,13.0,Free,0.0,Everyone
DQSalmaan - A fan made App,FAMILY,4.9,707.0,10000.0,6.0,Free,0.0,Everyone
DQT GPS,BUSINESS,4.0,3.0,500.0,6.3,Free,0.0,Everyone
DR CONTROL,FAMILY,3.4,267.0,10000.0,1.5,Free,0.0,Everyone
DR Sebi's Alkaline List,FAMILY,4.0,68.0,5000.0,5.5,Free,0.0,Everyone
DR TV,VIDEO_PLAYERS,3.3,6716.0,500000.0,4.7,Free,0.0,Mature 17+
DR.MEEP,FAMILY,4.4,54.0,500.0,33.0,Paid,2.99,Everyone
DRAGON BALL LEGENDS,GAME,4.6,338742.0,5000000.0,48.0,Free,0.0,Teen
DRAGON BALL Z DOKKAN BATTLE,GAME,4.1,650114.0,10000000.0,80.0,Free,0.0,Teen
DRAGON QUEST,FAMILY,4.2,9659.0,100000.0,30.0,Paid,2.99,Everyone
DRAGON QUEST II,FAMILY,4.5,2576.0,10000.0,44.0,Paid,4.99,Everyone
DRAGON QUEST III,FAMILY,4.2,1661.0,10000.0,63.0,Paid,9.99,Everyone
DRAGON QUEST IV,FAMILY,4.7,1647.0,10000.0,16.0,Paid,14.99,Everyone
DRAGON QUEST V,FAMILY,4.7,1667.0,10000.0,17.0,Paid,14.99,Teen
DRAGON QUEST VI,FAMILY,4.4,3358.0,100000.0,17.0,Paid,14.99,Everyone
DRAGON QUEST VIII,FAMILY,4.5,7812.0,50000.0,27.0,Paid,19.99,Everyone 10+
DRC Sim - Wii U Gamepad,FAMILY,2.4,210.0,10000.0,4.0,Free,0.0,Everyone
DREAM-e: Dream Analysis A.I.,LIFESTYLE,3.8,89.0,10000.0,0.9169921875,Free,0.0,Everyone
DS,FAMILY,4.9,15.0,100.0,23.0,Free,0.0,Everyone
DS App Manager,TOOLS,4.6,14.0,1000.0,2.1,Free,0.0,Everyone
DS Barometer - Altimeter and Weather Information,WEATHER,3.9,2962.0,100000.0,4.2,Free,0.0,Everyone
DS Connector 2.0,TOOLS,2.6,5.0,500.0,0.62109375,Free,0.0,Everyone
DS Creator 2.0,TOOLS,1.0,2.0,500.0,4.4,Free,0.0,Everyone
DS Flashlight,TOOLS,4.0,127.0,10000.0,5.8,Free,0.0,Everyone
DS Helpdesk Plus,BUSINESS,3.6,21.0,100.0,,Paid,12.99,Everyone
DS Speedometer & Odometer,MAPS_AND_NAVIGATION,3.9,22382.0,1000000.0,6.6,Free,0.0,Everyone
DS Thermometer,WEATHER,3.7,631.0,100000.0,3.0,Free,0.0,Everyone
DS Tower Defence,GAME,3.2,768.0,100000.0,1.4,Free,0.0,Everyone
DS cam,PRODUCTIVITY,3.6,3227.0,500000.0,35.0,Free,0.0,Everyone
DS cloud,TOOLS,3.2,4908.0,500000.0,38.0,Free,0.0,Everyone
DS file,PRODUCTIVITY,4.1,10676.0,1000000.0,12.0,Free,0.0,Everyone
DS finder,TOOLS,4.0,2596.0,500000.0,32.0,Free,0.0,Everyone
DS get,TOOLS,3.4,71852.0,5000000.0,22.0,Free,0.0,Everyone
DS note,PRODUCTIVITY,3.9,2046.0,100000.0,60.0,Free,0.0,Everyone
DS photo,VIDEO_PLAYERS,3.8,7335.0,1000000.0,,Free,0.0,Everyone
DS router,TOOLS,3.8,253.0,50000.0,15.0,Free,0.0,Everyone
DS video,VIDEO_PLAYERS,3.8,12443.0,1000000.0,,Free,0.0,Everyone
DS-20000S,PRODUCTIVITY,1.8,12.0,1000.0,14.0,Free,0.0,Everyone
DS-L4 Viewer,PHOTOGRAPHY,3.5,13.0,1000.0,7.9,Free,0.0,Everyone
DS-Students,FAMILY,4.8,5.0,100.0,8.4,Free,0.0,Everyone
DSLR Blur Camera Auto Focus,TOOLS,3.3,75.0,10000.0,4.7,Free,0.0,Everyone
DSLR Camera Hd Ultra Professional,PHOTOGRAPHY,4.2,4410.0,1000000.0,4.5,Free,0.0,Everyone
DSLR Photography Training apps,PHOTOGRAPHY,4.0,675.0,100000.0,15.0,Free,0.0,Everyone
DSLR camera - Auto Focus and Blur Professional,PHOTOGRAPHY,3.4,30.0,10000.0,3.0,Free,0.0,Everyone
DStv Now,ENTERTAINMENT,3.9,34923.0,5000000.0,,Free,0.0,Teen
DT Baby Cam,TOOLS,1.7,10.0,500.0,23.0,Free,0.0,Everyone
DT CLOTHINGS,SHOPPING,5.0,1.0,10.0,7.9,Free,0.0,Everyone
DT Driving Test Theory,FAMILY,4.6,477.0,10000.0,1.6,Free,0.0,Everyone
DT Fieldlink,BUSINESS,3.0,2.0,500.0,49.0,Free,0.0,Everyone
DT Manager,PRODUCTIVITY,4.0,9.0,500.0,3.1,Free,0.0,Everyone
DT NO.I,HEALTH_AND_FITNESS,2.4,44.0,1000.0,49.0,Free,0.0,Everyone
DT Simple Interval Timer,SPORTS,4.1,10.0,1000.0,1.5,Free,0.0,Everyone
DT Smart,TOOLS,1.6,39.0,1000.0,8.9,Free,0.0,Everyone
DT future1 cam,TOOLS,1.0,1.0,50.0,24.0,Free,0.0,Everyone
DT-VR,FAMILY,3.8,25.0,1000.0,9.5,Free,0.0,Everyone
DTPay,SHOPPING,4.5,18.0,1000.0,0.970703125,Free,0.0,Everyone
DU Antivirus Security - Applock & Privacy Guard,TOOLS,4.6,436615.0,10000000.0,10.0,Free,0.0,Everyone
DU Battery Saver - Battery Charger & Battery Life,TOOLS,4.5,13479633.0,100000000.0,14.0,Free,0.0,Everyone
DU Browser Mini(Small&Fast),TOOLS,4.2,20941.0,1000000.0,2.0,Free,0.0,Everyone
DU Browser—Browse fast & fun,COMMUNICATION,4.3,1133539.0,10000000.0,4.7,Free,0.0,Everyone
DU CS Lectures - Learn to Code for Free,FAMILY,4.8,16.0,100.0,7.8,Free,0.0,Everyone
DU Cleaner – Memory cleaner & clean phone cache,TOOLS,4.5,465831.0,10000000.0,8.9,Free,0.0,Everyone
DU Collage Maker - Photo Collage & Grid & Layout,PHOTOGRAPHY,4.7,4595.0,100000.0,2.5,Free,0.0,Everyone
DU Emoji Keyboard（Simeji）,TOOLS,4.3,19234.0,500000.0,14.0,Free,0.0,Everyone
DU Flashlight - Brightest LED & Flashlight Free,TOOLS,4.3,73821.0,5000000.0,,Free,0.0,Everyone
"DU GIF Maker: GIF Maker, Video to GIF & GIF Editor",PHOTOGRAPHY,4.6,7605.0,500000.0,4.3,Free,0.0,Everyone
DU Launcher - Boost Your Phone,PERSONALIZATION,4.5,67707.0,1000000.0,4.8,Free,0.0,Everyone
DU Privacy-hide apps、sms、file,VIDEO_PLAYERS,4.4,21762.0,1000000.0,,Free,0.0,Everyone
"DU Recorder – Screen Recorder, Video Editor, Live",VIDEO_PLAYERS,4.8,2588730.0,50000000.0,9.7,Free,0.0,Everyone
DU Security,TOOLS,4.4,4847.0,100000.0,3.2,Free,0.0,Everyone
DV 2018 Winners Guide,BOOKS_AND_REFERENCE,4.8,11.0,1000.0,0.59375,Free,0.0,Everyone
DV 2019 - EDV Photo & Form,BOOKS_AND_REFERENCE,3.9,314.0,50000.0,2.6,Free,0.0,Everyone
DV 2019 Entry Guide,BOOKS_AND_REFERENCE,4.5,92.0,10000.0,5.1,Free,0.0,Everyone
DV ASSIST,FAMILY,5.0,1.0,100.0,18.0,Free,0.0,Everyone
DV Car Service,MAPS_AND_NAVIGATION,4.6,10.0,100.0,25.0,Free,0.0,Everyone
DV KING,PHOTOGRAPHY,3.0,2.0,100.0,9.3,Free,0.0,Everyone
DV KING 4K,PHOTOGRAPHY,2.3,3.0,100.0,8.5,Free,0.0,Everyone
DV Lottery Photo,VIDEO_PLAYERS,2.9,23.0,5000.0,4.0,Free,0.0,Everyone
DV Lottery Photo Tool,PHOTOGRAPHY,4.0,223.0,50000.0,1.7,Free,0.0,Everyone
DV Lottery Simulator,FAMILY,4.6,13.0,1000.0,1.3,Free,0.0,Everyone
DV Statistics,SOCIAL,4.2,6.0,100.0,2.7,Free,0.0,Everyone
DV Youth,LIFESTYLE,5.0,5.0,100.0,15.0,Free,0.0,Everyone
DV-2019 PHOTO TOOL,FAMILY,4.3,21.0,1000.0,2.5,Free,0.0,Everyone
DV-2019 Results,FAMILY,4.3,158.0,10000.0,2.6,Free,0.0,Everyone
DV-2019 UK/British,FAMILY,4.6,166.0,5000.0,4.2,Free,0.0,Everyone
DV-LOTTERY 2019 REGISTRATION,FAMILY,4.5,97.0,10000.0,2.6,Free,0.0,Everyone
DW - Breaking World News,NEWS_AND_MAGAZINES,4.4,17671.0,1000000.0,17.0,Free,0.0,Everyone 10+
DW Amharic by AudioNow Digital,NEWS_AND_MAGAZINES,4.5,322.0,10000.0,31.0,Free,0.0,Everyone
DW Arabic By dw-arab.com,NEWS_AND_MAGAZINES,4.3,386.0,50000.0,6.0,Free,0.0,Everyone
DW Audio,FAMILY,4.9,38.0,1000.0,5.0,Free,0.0,Everyone
DW Contacts & Phone & Dialer,COMMUNICATION,4.3,21186.0,1000000.0,10.0,Free,0.0,Everyone
DW Contacts Wear,TOOLS,4.2,37.0,5000.0,2.2,Free,0.0,Everyone
DW Contacts widget,TOOLS,4.3,56.0,1000.0,2.0,Paid,0.99,Everyone
DW Event,EVENTS,4.3,9.0,1000.0,39.0,Free,0.0,Everyone
"DW Learn German - A1, A2, B1 and placement test",FAMILY,4.3,902.0,100000.0,1.8,Free,0.0,Everyone
DW Maps,TRAVEL_AND_LOCAL,3.7,35.0,10000.0,13.0,Free,0.0,Everyone
DW Missed call cleaner patch,TOOLS,3.9,65.0,5000.0,0.052734375,Free,0.0,Everyone
DW Mobile,BUSINESS,2.7,33.0,10000.0,,Free,0.0,Everyone
DW Security,BUSINESS,5.0,6.0,100.0,15.0,Free,0.0,Everyone
DW Spectrum™ IP VMS,BUSINESS,3.4,102.0,10000.0,2.4,Free,0.0,Everyone
DW Spectrum™ IPVMS Mobile,BUSINESS,4.0,44.0,10000.0,30.0,Free,0.0,Everyone
DW Timer,TOOLS,5.0,9.0,100.0,1.5,Free,0.0,Everyone
DW VMAX,TOOLS,3.4,843.0,100000.0,8.5,Free,0.0,Everyone
DW Witness,BUSINESS,4.0,6.0,500.0,3.5,Free,0.0,Everyone
DW فارسی By dw-arab.com,NEWS_AND_MAGAZINES,4.7,11.0,1000.0,4.4,Free,0.0,Everyone
DWWW 774 Ultimate AM Radio,NEWS_AND_MAGAZINES,4.7,327.0,10000.0,31.0,Free,0.0,Everyone
DX,SHOPPING,3.1,6697.0,500000.0,11.0,Free,0.0,Everyone
DX Alert,TOOLS,4.1,27.0,1000.0,2.5,Free,0.0,Everyone
DX Alerts,LIFESTYLE,4.5,22.0,1000.0,23.0,Free,0.0,Everyone
DX Glow - Clock Widget,PERSONALIZATION,4.4,5.0,50.0,3.4,Paid,0.99,Everyone
DX Simulation Belt for Build henshin,FAMILY,4.5,182.0,10000.0,39.0,Free,0.0,Everyone
DX Simulation Belt for Decade henshin,FAMILY,4.5,64.0,5000.0,32.0,Free,0.0,Everyone
DX Simulation for Double Dx Henshin Belt 2018,FAMILY,4.6,33.0,5000.0,11.0,Free,0.0,Everyone
DX Simulation for Kabuto Henshin Belt 2018,FAMILY,4.6,14.0,5000.0,7.2,Free,0.0,Everyone
DX Simulation for OOO Dx Belt,FAMILY,4.6,67.0,10000.0,31.0,Free,0.0,Everyone
DX Simulation for X-aid Dx Belt,FAMILY,4.0,35.0,5000.0,48.0,Free,0.0,Everyone
DX Spots Free,TOOLS,4.5,46.0,1000.0,24.0,Free,0.0,Everyone
DY TECHNICAL GYAN,BUSINESS,4.0,2.0,10.0,3.3,Free,0.0,Everyone
DYPSOET,FAMILY,5.0,8.0,50.0,7.4,Free,0.0,Everyone
DZ Blagues,FAMILY,4.2,580.0,10000.0,2.1,Free,0.0,Everyone
DZ Fly Algérie Horaire Vols,TRAVEL_AND_LOCAL,3.6,114.0,10000.0,10.0,Free,0.0,Everyone
DZ PROMOS - Promotions & Sale Alerts in Algeria,SHOPPING,4.1,331.0,50000.0,10.0,Free,0.0,Everyone
DZ Popup Video Player,VIDEO_PLAYERS,4.5,83.0,5000.0,4.5,Free,0.0,Everyone
DZ sim,TOOLS,4.4,417.0,10000.0,15.0,Free,0.0,Everyone
Da Fit,SPORTS,3.5,1151.0,10000.0,8.3,Free,0.0,Everyone
DaBang - Rental Homes in Korea,HOUSE_AND_HOME,4.4,23013.0,5000000.0,26.0,Free,0.0,Everyone
Daddyhunt: Gay Dating,SOCIAL,3.9,6450.0,500000.0,14.0,Free,0.0,Mature 17+
Dagens Nyheter,NEWS_AND_MAGAZINES,2.5,2055.0,100000.0,17.0,Free,0.0,Everyone
Daily Ab Workout,HEALTH_AND_FITNESS,4.6,2901.0,50000.0,,Paid,1.99,Everyone
Daily Ab Workout - Core & Abs Fitness Exercises,HEALTH_AND_FITNESS,4.4,44939.0,10000000.0,,Free,0.0,Everyone
Daily DM,PERSONALIZATION,4.7,51.0,1000.0,0.2529296875,Free,0.0,Everyone
Daily Horoscope,LIFESTYLE,4.7,407589.0,10000000.0,,Free,0.0,Everyone
Daily K-Talk,FAMILY,4.3,264.0,10000.0,60.0,Free,0.0,Everyone
Daily Mail Online,NEWS_AND_MAGAZINES,4.1,56807.0,5000000.0,,Free,0.0,Everyone 10+
Daily Manga - Comic & Webtoon,COMICS,3.2,1462.0,100000.0,7.1,Free,0.0,Mature 17+
Daily Murli Saar Widget,SOCIAL,4.6,308.0,10000.0,0.443359375,Free,0.0,Everyone
Daily Workouts - Exercise Fitness Routine Trainer,HEALTH_AND_FITNESS,4.4,134195.0,10000000.0,,Free,0.0,Everyone
Daily Yoga - Yoga Fitness Plans,HEALTH_AND_FITNESS,4.4,70769.0,5000000.0,35.0,Free,0.0,Everyone
"Dailyhunt (Newshunt) - Latest News, Viral Videos",NEWS_AND_MAGAZINES,4.3,948198.0,50000000.0,,Free,0.0,Teen
Dairy Queen,FOOD_AND_DRINK,3.6,742.0,100000.0,43.0,Free,0.0,Everyone
Dan the Man: Action Platformer,GAME,4.8,528550.0,10000000.0,73.0,Free,0.0,Teen
Dance Magic Fashion Style Games,FAMILY,4.6,2533.0,100000.0,46.0,Free,0.0,Everyone
Dance On Mobile,FAMILY,4.1,23609.0,1000000.0,31.0,Free,0.0,Teen
Dance School Stories - Dance Dreams Come True,FAMILY,4.4,91171.0,1000000.0,36.0,Free,0.0,Everyone
Daniel Tiger for Parents,PARENTING,4.7,247.0,100000.0,28.0,Free,0.0,Everyone
Dark Infusion Substratum Theme for Android N & O,PERSONALIZATION,4.8,133.0,1000.0,59.0,Paid,2.49,Everyone
Darkness Rises,FAMILY,4.7,456474.0,5000000.0,86.0,Free,0.0,Teen
Dash Quest Heroes,GAME,4.3,8432.0,500000.0,59.0,Free,0.0,Everyone 10+
Dash Tag - Fun Endless Runner!,FAMILY,4.5,6750.0,100000.0,43.0,Free,0.0,Everyone
DashClock Widget,PERSONALIZATION,4.1,62301.0,1000000.0,1.9,Free,0.0,Everyone
Dashlane Free Password Manager,PRODUCTIVITY,4.6,73695.0,1000000.0,,Free,0.0,Everyone
"DataCamp - Learn R, Python & SQL",FAMILY,4.4,944.0,100000.0,12.0,Free,0.0,Everyone
"Dating App, Flirt & Chat : W-Match",SOCIAL,4.3,175722.0,10000000.0,,Free,0.0,Mature 17+
Dating Network,DATING,4.0,187.0,10000.0,19.0,Free,0.0,Mature 17+
Dating for 50 plus Mature Singles – FINALLY,DATING,4.6,13049.0,500000.0,13.0,Free,0.0,Mature 17+
Dating.dk,SOCIAL,3.7,2111.0,100000.0,11.0,Free,0.0,Mature 17+
Daum Mail - Next Mail,COMMUNICATION,4.3,41420.0,5000000.0,19.0,Free,0.0,Everyone
Davis's Drug Guide,MEDICAL,3.9,272.0,50000.0,6.4,Free,0.0,Everyone
Davis's Drug Guide for Nurses,MEDICAL,4.5,572.0,50000.0,44.0,Free,0.0,Everyone
Day Night Live Wallpaper (All),PERSONALIZATION,4.7,4856.0,50000.0,18.0,Paid,2.49,Everyone
Day R Premium,FAMILY,4.8,51068.0,100000.0,57.0,Paid,4.99,Teen
Dead Target Zombie Shooting US Sniper Killer Squad,GAME,4.3,240.0,50000.0,65.0,Free,0.0,Teen
Dead Zombie Evil Killer:Axe,GAME,3.9,71.0,10000.0,52.0,Free,0.0,Teen
Deaf - Hearing chat device H,COMMUNICATION,4.4,9.0,500.0,0.0498046875,Paid,3.99,Everyone
Deaf Interpreter,MEDICAL,3.8,24.0,1000.0,4.4,Free,0.0,Everyone
Deaf World DW,COMMUNICATION,4.3,298.0,10000.0,,Free,0.0,Teen
Death Dragon Knights RPG,FAMILY,4.1,11179.0,1000000.0,19.0,Free,0.0,Teen
Debonairs Pizza,FOOD_AND_DRINK,3.8,3320.0,500000.0,8.4,Free,0.0,Everyone
Decay: The Mare - Ep.1 (Trial),GAME,3.6,5291.0,100000.0,7.2,Free,0.0,Teen
"Decibel X PRO - Sound Meter dBA, Noise Detector",TOOLS,4.3,60.0,1000.0,6.9,Paid,3.99,Everyone
Deck Advisor for CR,TOOLS,4.1,37975.0,5000000.0,23.0,Free,0.0,Everyone
Deck Analyzer for CR,TOOLS,4.2,2630.0,100000.0,18.0,Free,0.0,Everyone
Deck Builder & Analyzer for CR,FAMILY,3.1,52.0,5000.0,9.8,Free,0.0,Everyone
Deck Heroes: Legacy,GAME,4.7,466495.0,10000000.0,52.0,Free,0.0,Teen
Deck Shop for Clash Royale,FAMILY,4.6,2167.0,100000.0,13.0,Free,0.0,Everyone
Deck Simulator for CR,TOOLS,3.4,202.0,10000.0,12.0,Free,0.0,Everyone
Deep Breathe BP,HEALTH_AND_FITNESS,3.9,26.0,1000.0,12.0,Free,0.0,Everyone
Deep Sleep Battery Saver,TOOLS,4.1,22032.0,1000000.0,3.7,Free,0.0,Everyone
Deep Sleep Battery Saver Pro,TOOLS,3.9,1417.0,10000.0,2.9,Paid,3.28,Everyone
Deep Sleep and Relax Hypnosis,MEDICAL,4.2,4852.0,100000.0,34.0,Free,0.0,Everyone
Defender,GAME,4.6,152395.0,10000000.0,14.0,Free,0.0,Everyone 10+
Delicious Recipes,FOOD_AND_DRINK,4.7,129737.0,1000000.0,,Free,0.0,Teen
"Delivery Club-food delivery: pizza, sushi, burger, salad",FOOD_AND_DRINK,4.3,151080.0,5000000.0,,Free,0.0,Everyone
Delivery trough - delivery trough delivery trough,FOOD_AND_DRINK,4.3,58316.0,5000000.0,,Free,0.0,Everyone
Delivery yogi.,FOOD_AND_DRINK,4.4,90042.0,10000000.0,,Free,0.0,Everyone
Delta Dental,MEDICAL,3.0,914.0,100000.0,,Free,0.0,Everyone
Denis Brogniart - AH !,FAMILY,4.5,2931.0,100000.0,0.798828125,Free,0.0,Everyone
Dentist Surgery ER Emergency Doctor Hospital Games,FAMILY,3.5,2580.0,100000.0,53.0,Free,0.0,Everyone
Deportivo Toluca FC,SPORTS,4.7,2317.0,50000.0,5.9,Free,0.0,Everyone
Deposit Calculator FD & RD,FINANCE,4.4,18.0,10000.0,3.4,Free,0.0,Everyone
Depths of Betrayal CE (Full),FAMILY,4.3,363.0,1000.0,14.0,Paid,2.99,Everyone 10+
Dermatology Atlas (Colored & Illustrative),MEDICAL,5.0,3.0,100.0,20.0,Free,0.0,Everyone
Design Home,FAMILY,4.4,539931.0,10000000.0,69.0,Free,0.0,Everyone
Despegar.com Hotels and Flights,TRAVEL_AND_LOCAL,4.4,150932.0,10000000.0,27.0,Free,0.0,Everyone
Desperate Housewives: The Game,FAMILY,4.2,10440.0,500000.0,27.0,Free,0.0,Teen
Destiny Ninja Shall we date otome games love story,GAME,4.4,13079.0,500000.0,30.0,Free,0.0,Everyone 10+
Destroy Gunners Σ,GAME,4.4,10786.0,1000000.0,21.0,Free,0.0,Everyone
Detect-O-Gromit (D.O.G 2),FAMILY,3.8,45.0,10000.0,47.0,Paid,2.49,Everyone
Deus Ex GO,FAMILY,4.5,9699.0,100000.0,23.0,Paid,0.99,Teen
Development of the child up to a year,PARENTING,4.6,1413.0,100000.0,14.0,Free,0.0,Mature 17+
Device Help,TOOLS,4.2,28860.0,100000000.0,,Free,0.0,Everyone
Device Info Ex Live Wallpaper,PERSONALIZATION,4.1,2645.0,50000.0,1.1,Paid,0.99,Everyone
Devise Dz,FINANCE,4.0,26.0,1000.0,3.6,Free,0.0,Everyone
Dexcom G6,MEDICAL,3.0,45.0,5000.0,20.0,Free,0.0,Everyone
Dezeen Magazine RSS Reader,NEWS_AND_MAGAZINES,4.3,350.0,10000.0,14.0,Free,0.0,Everyone
Diabetes & Diet Tracker,MEDICAL,4.6,395.0,1000.0,19.0,Paid,9.99,Everyone
Diabetes Connect,MEDICAL,4.5,4027.0,100000.0,8.4,Free,0.0,Everyone
Diabetes mellitus (DM) from zero to hero,MEDICAL,4.9,18.0,1000.0,3.0,Free,0.0,Everyone
"Diabetes, Blood Pressure, Health Tracker App",MEDICAL,4.5,309.0,10000.0,5.9,Free,0.0,Everyone
Diabetes:M,MEDICAL,4.6,15545.0,100000.0,,Free,0.0,Everyone
Dialer theme Droid L,PERSONALIZATION,4.3,1734.0,100000.0,2.8,Free,0.0,Mature 17+
Dialer theme G Black Gold,PERSONALIZATION,4.2,33.0,500.0,0.8369140625,Paid,1.49,Everyone
Dialysis of Drugs,MEDICAL,2.9,92.0,10000.0,1.5,Free,0.0,Everyone
Diamond Zipper Lock Screen,PERSONALIZATION,4.3,71688.0,10000000.0,12.0,Free,0.0,Everyone
Diary with lock,LIFESTYLE,4.6,815893.0,10000000.0,4.4,Free,0.0,Everyone
Diary with lock password,LIFESTYLE,4.3,179139.0,5000000.0,9.7,Free,0.0,Everyone
Dictionary,BOOKS_AND_REFERENCE,4.5,264260.0,10000000.0,,Free,0.0,Everyone
Dictionary - Merriam-Webster,BOOKS_AND_REFERENCE,4.5,454412.0,10000000.0,,Free,0.0,Everyone
Dictionary - WordWeb,BOOKS_AND_REFERENCE,4.6,124970.0,5000000.0,,Free,0.0,Teen
Dictionary.com: Find Definitions for English Words,BOOKS_AND_REFERENCE,4.6,899010.0,10000000.0,,Free,0.0,Everyone
Differential Dx,MEDICAL,4.0,8.0,500.0,,Paid,3.99,Everyone
Differential Dx Free,MEDICAL,4.0,238.0,50000.0,,Free,0.0,Everyone 10+
Differential Equations Steps,FAMILY,3.6,1185.0,100000.0,3.9,Free,0.0,Everyone
Digg,NEWS_AND_MAGAZINES,3.9,6105.0,100000.0,,Free,0.0,Teen
Digi Dex for DW Next Order @PS4,TOOLS,4.2,155.0,10000.0,16.0,Free,0.0,Everyone
DigiCal Calendar Agenda,PRODUCTIVITY,4.4,133573.0,5000000.0,,Free,0.0,Everyone
Digit Save Money Automatically,FINANCE,4.5,8188.0,100000.0,22.0,Free,0.0,Everyone
Digital Alarm Clock,TOOLS,4.2,118439.0,10000000.0,16.0,Free,0.0,Everyone
"Digital Clock : Simple, Tiny, Ad-free Desk Clock.",LIFESTYLE,4.4,317.0,50000.0,0.072265625,Free,0.0,Everyone
Digital Clock AW-7,TOOLS,4.1,484.0,100000.0,2.9,Free,0.0,Everyone
Digital Falak,TOOLS,4.7,3408.0,50000.0,15.0,Free,0.0,Everyone
Digital TV,ENTERTAINMENT,3.1,5241.0,5000000.0,,Free,0.0,Everyone
Digital Tourist BH Itinerary,TRAVEL_AND_LOCAL,4.6,19.0,500.0,14.0,Free,0.0,Everyone
Digoo·Cloud,TOOLS,4.1,543.0,10000.0,26.0,Free,0.0,Everyone
Dine In CT - Food Delivery,SHOPPING,5.0,4.0,1000.0,1.6,Free,0.0,Everyone
Dino Defends king 3 – Dinosaur T rex Hunter Games,GAME,3.6,182.0,50000.0,41.0,Free,0.0,Teen
Dino T-Rex,GAME,4.0,69115.0,10000000.0,2.4,Free,0.0,Everyone
Dino War: Rise of Beasts,GAME,4.1,18996.0,1000000.0,81.0,Free,0.0,Teen
Dino in City-Dinosaur N Police,FAMILY,3.7,10035.0,1000000.0,30.0,Free,0.0,Teen
Dinosaur Simulator: Dino World,GAME,4.0,26649.0,5000000.0,66.0,Free,0.0,Teen
Dinosaur War,FAMILY,4.3,157997.0,10000000.0,27.0,Free,0.0,Everyone
Dinosaurs Coloring Pages,EDUCATION,4.4,390.0,500000.0,41.0,Free,0.0,Everyone
Direct Express®,FINANCE,4.5,6156.0,500000.0,6.6,Free,0.0,Everyone
Dirt Trackin Sprint Cars,GAME,3.8,499.0,10000.0,47.0,Paid,3.99,Everyone
Disaster Will Strike,FAMILY,4.5,14692.0,1000000.0,45.0,Free,0.0,Everyone
Disc Label Print,TOOLS,3.0,262.0,10000.0,37.0,Free,0.0,Everyone
Disciple Maker’s (DM) Lab,FAMILY,5.0,3.0,100.0,4.0,Free,0.0,Everyone
Discord - Chat for Gamers,COMMUNICATION,4.5,305347.0,10000000.0,39.0,Free,0.0,Teen
Discover Color,BEAUTY,4.0,364.0,100000.0,6.4,Free,0.0,Everyone
Discover Mobile,FINANCE,4.6,87951.0,5000000.0,68.0,Free,0.0,Everyone
Discovery Church Florida,LIFESTYLE,4.7,40.0,1000.0,8.0,Free,0.0,Teen
Discovery Insure,MAPS_AND_NAVIGATION,2.8,1911.0,100000.0,20.0,Free,0.0,Everyone
Discovery K!ds Play!,FAMILY,4.1,19388.0,1000000.0,35.0,Free,0.0,Everyone
Discovery K!ds Play! Español,FAMILY,4.2,11263.0,1000000.0,35.0,Free,0.0,Everyone
DiskDigger photo recovery,TOOLS,4.2,227798.0,50000000.0,,Free,0.0,Everyone
Disney Crossy Road,FAMILY,4.5,514088.0,10000000.0,83.0,Free,0.0,Everyone
Disney Heroes: Battle Mode,GAME,4.6,102107.0,5000000.0,,Free,0.0,Everyone 10+
Disney Magic Kingdoms: Build Your Own Magical Park,FAMILY,4.3,472584.0,10000000.0,91.0,Free,0.0,Everyone
Disney Magic Timer by Oral-B,FAMILY,3.9,31061.0,1000000.0,83.0,Free,0.0,Everyone
Disney Princess Palace Pets,FAMILY,3.9,60097.0,1000000.0,19.0,Free,0.0,Everyone
DisneyNOW – TV Shows & Games,FAMILY,4.3,82499.0,5000000.0,,Free,0.0,Everyone
Display Phone Screen On TV,TOOLS,3.6,9895.0,1000000.0,2.7,Free,0.0,Everyone
Ditto CP Calculator GO,TOOLS,4.3,34.0,1000.0,12.0,Free,0.0,Everyone
Do I Snore or Grind,MEDICAL,4.4,2295.0,100000.0,19.0,Free,0.0,Everyone
Do It Later: Tasks & To-Dos,PRODUCTIVITY,4.5,123412.0,50000000.0,,Free,0.0,Everyone
Do Not Crash,FAMILY,3.7,56664.0,1000000.0,8.3,Free,0.0,Everyone
Do Not Disturb,PRODUCTIVITY,4.3,6120.0,100000.0,1.9,Free,0.0,Everyone
Do Not Disturb! 2 - Challenge Your Prank Skills!,FAMILY,4.0,34417.0,1000000.0,48.0,Free,0.0,Everyone
Do it (Tomorrow),PRODUCTIVITY,4.3,26452.0,1000000.0,4.0,Free,0.0,Everyone
Docs To Go™ Free Office Suite,BUSINESS,4.1,217730.0,50000000.0,,Free,0.0,Everyone
Doctor Finder CY,MEDICAL,4.9,57.0,1000.0,6.1,Free,0.0,Everyone
Doctor Games For Girls - Hospital ER,FAMILY,4.5,51.0,5000.0,39.0,Free,0.0,Everyone
Doctor Kids,FAMILY,4.2,200450.0,10000000.0,25.0,Free,0.0,Everyone
Doctor On Demand,MEDICAL,4.7,18674.0,1000000.0,,Free,0.0,Everyone
Doctor Pets,FAMILY,4.2,23060.0,1000000.0,21.0,Free,0.0,Everyone
Doctor X - ER On Wheels,FAMILY,3.6,12781.0,1000000.0,51.0,Free,0.0,Everyone
Doctr – ER wait times in Canada,MEDICAL,4.2,980.0,50000.0,,Free,0.0,Everyone
Does not Commute,GAME,4.0,154108.0,5000000.0,78.0,Free,0.0,Everyone
Dog Licks Screen Wallpaper,PERSONALIZATION,4.3,63624.0,5000000.0,10.0,Free,0.0,Everyone
Dog Run - Pet Dog Simulator,FAMILY,4.7,48701.0,10000000.0,24.0,Free,0.0,Everyone
Dog Sim Online: Raise a Family,FAMILY,4.6,94989.0,5000000.0,74.0,Free,0.0,Teen
Doll House Design & Decoration 2: Girls House Game,FAMILY,3.9,2338.0,100000.0,45.0,Free,0.0,Everyone
"Dollar General - Digital Coupons, Ads And More",SHOPPING,3.9,16678.0,5000000.0,,Free,0.0,Everyone
Dollhouse Decorating Games,LIFESTYLE,4.1,18968.0,5000000.0,32.0,Free,0.0,Teen
"Dolphin Browser - Fast, Private & Adblock🐬",COMMUNICATION,4.5,2511130.0,50000000.0,,Free,0.0,Everyone
Dolphin and fish coloring book,FAMILY,3.9,2249.0,500000.0,,Free,0.0,Everyone
Dolphins Live Wallpaper,PERSONALIZATION,4.2,25807.0,1000000.0,5.5,Free,0.0,Everyone
Domino's Pizza USA,FOOD_AND_DRINK,4.7,1032935.0,10000000.0,,Free,0.0,Everyone
Dominos Game ✔️,FAMILY,4.1,2903.0,1000000.0,16.0,Free,0.0,Everyone
"Domofond Real Estate. Buy, rent an apartment.",HOUSE_AND_HOME,4.5,39123.0,1000000.0,,Free,0.0,Everyone
Don't Hug Me I'm So Scared,GAME,3.5,901.0,50000.0,63.0,Free,0.0,Everyone
Don't Panic with Andrew J.,BOOKS_AND_REFERENCE,4.5,124.0,5000.0,,Paid,2.99,Everyone
Don't Starve: Pocket Edition,GAME,4.4,17988.0,100000.0,7.9,Paid,4.99,Teen
Don't Starve: Shipwrecked,GAME,4.1,1468.0,10000.0,4.9,Paid,4.99,Teen
Don't touch my phone,TOOLS,3.8,21943.0,5000000.0,2.3,Free,0.0,Everyone
Doodle Jump,GAME,4.3,1083571.0,50000000.0,,Free,0.0,Everyone
Doomsday Preppers™,FAMILY,4.2,137167.0,1000000.0,52.0,Free,0.0,Everyone
Door Lock Screen,PERSONALIZATION,4.3,5413.0,1000000.0,3.9,Free,0.0,Everyone
DoorDash - Food Delivery,FOOD_AND_DRINK,4.5,104504.0,1000000.0,,Free,0.0,Everyone
Doorstep EU,NEWS_AND_MAGAZINES,4.5,67.0,1000.0,12.0,Free,0.0,Everyone
Dormi - Baby Monitor,PARENTING,4.3,11760.0,1000000.0,,Free,0.0,Everyone
Dosecast - Medication Reminder,MEDICAL,4.3,4107.0,100000.0,,Free,0.0,Everyone
Dots & Co: A Puzzle Adventure,FAMILY,4.5,81001.0,1000000.0,85.0,Free,0.0,Everyone
Dots puzzle,FAMILY,4.0,179.0,50000.0,14.0,Paid,0.99,Everyone
Down Dog: Great Yoga Anywhere,HEALTH_AND_FITNESS,4.9,28945.0,500000.0,12.0,Free,0.0,Teen
Download Accelerator Plus,TOOLS,4.2,43677.0,1000000.0,,Free,0.0,Everyone
Download All Files,TOOLS,3.8,120494.0,10000000.0,2.3,Free,0.0,Everyone
Download Blazer,TOOLS,3.9,34612.0,5000000.0,2.4,Free,0.0,Everyone
Download Facebook Photo Albums,TOOLS,4.0,3840.0,100000.0,2.5,Free,0.0,Everyone
Download Instant DP (Full HD),TOOLS,4.3,1283.0,100000.0,4.4,Free,0.0,Everyone
Download Manager,TOOLS,3.8,79132.0,10000000.0,2.2,Free,0.0,Everyone
Download Manager - File & Video,TOOLS,3.9,8780.0,1000000.0,5.0,Free,0.0,Everyone
Download Manager For Android Free,TOOLS,4.0,593.0,100000.0,3.3,Free,0.0,Everyone
Download Manager Pro FREE,PRODUCTIVITY,3.8,637.0,100000.0,7.2,Free,0.0,Everyone
Download Manager for Android,TOOLS,4.1,420518.0,10000000.0,,Free,0.0,Everyone
Download Video Free,FAMILY,4.0,39682.0,1000000.0,6.2,Free,0.0,Everyone
Download free book with green book,BOOKS_AND_REFERENCE,4.6,4478.0,100000.0,9.5,Free,0.0,Everyone 10+
Downloader & Private Browser,TOOLS,4.3,1072565.0,50000000.0,,Free,0.0,Everyone
Downtown Mafia: Gang Wars (Mobster Game) Free,FAMILY,4.5,69013.0,1000000.0,,Free,0.0,Teen
Downvids Helper - One touch DW,VIDEO_PLAYERS,3.5,197.0,10000.0,9.8,Free,0.0,Everyone
Dp For FB,PHOTOGRAPHY,4.5,12.0,1000.0,2.0,Free,0.0,Teen
Dp For WhatsApp,PERSONALIZATION,4.4,1623.0,1000000.0,11.0,Free,0.0,Mature 17+
Dp For Whatsapp,SOCIAL,4.3,39.0,5000.0,12.0,Free,0.0,Everyone
Dp for Facebook,SOCIAL,4.1,56.0,5000.0,10.0,Free,0.0,Everyone
Dp for girls,ART_AND_DESIGN,4.2,175.0,50000.0,8.2,Free,0.0,Everyone
Dr B R Ambedkar (Jai Bhim),SOCIAL,4.7,2068.0,100000.0,7.5,Free,0.0,Everyone
Dr Bk Sachin bhai,LIFESTYLE,5.0,19.0,1000.0,3.1,Free,0.0,Everyone
Dr Dre - Beatmaker,GAME,4.3,146.0,10000.0,6.0,Free,0.0,Mature 17+
Dr Driving Racer,GAME,4.3,183.0,10000.0,68.0,Free,0.0,Everyone
Dr. 2048,FAMILY,3.9,1985.0,500000.0,3.5,Free,0.0,Everyone
Dr. B.R.Ambedkar,SOCIAL,4.8,1902.0,100000.0,5.2,Free,0.0,Everyone
Dr. Battery - Fast Charger - Super Cleaner 2018,TOOLS,4.5,101738.0,1000000.0,10.0,Free,0.0,Everyone
Dr. Booster - Boost Game Speed,TOOLS,4.4,138872.0,10000000.0,22.0,Free,0.0,Everyone
Dr. Cares - Amy's Pet Clinic 🐈 🐕,FAMILY,4.5,3580.0,100000.0,60.0,Free,0.0,Everyone
Dr. Cares - Pet Rescue 911 🐶,FAMILY,4.2,14432.0,500000.0,35.0,Free,0.0,Everyone
Dr. Chess,GAME,4.1,97209.0,1000000.0,6.7,Free,0.0,Everyone
Dr. D. Y. Patil Vidyapeeth GBS,FAMILY,4.0,3.0,100.0,5.3,Free,0.0,Everyone
Dr. Dominoes,GAME,4.0,2700.0,500000.0,5.7,Free,0.0,Everyone
Dr. Doug's Tips,BOOKS_AND_REFERENCE,4.0,22.0,1000.0,34.0,Free,0.0,Everyone
Dr. Driving,GAME,4.5,4972230.0,100000000.0,9.9,Free,0.0,Everyone
Dr. Driving 2,GAME,4.6,358633.0,10000000.0,19.0,Free,0.0,Everyone
Dr. ES PV Calculator,TOOLS,5.0,19.0,500.0,11.0,Free,0.0,Everyone
Dr. Gomoku,GAME,3.9,85317.0,5000000.0,4.5,Free,0.0,Everyone
Dr. McDougall Mobile Cookbook,HEALTH_AND_FITNESS,3.8,76.0,1000.0,1.2,Paid,4.99,Everyone
Dr. Muscle,HEALTH_AND_FITNESS,4.0,87.0,10000.0,33.0,Free,0.0,Everyone
Dr. Oetker recipe ideas,FOOD_AND_DRINK,4.2,8509.0,1000000.0,17.0,Free,0.0,Everyone
Dr. Panda & Toto's Treehouse,FAMILY,4.4,3397.0,50000.0,9.5,Paid,3.99,Everyone
Dr. Panda Art Class,FAMILY,4.2,1013.0,50000.0,58.0,Paid,2.99,Everyone
Dr. Panda Café Freemium,FAMILY,4.1,11788.0,1000000.0,62.0,Free,0.0,Everyone
Dr. Panda Farm,FAMILY,4.1,265.0,10000.0,46.0,Paid,2.99,Everyone
Dr. Panda Hospital,FAMILY,4.4,1091.0,50000.0,45.0,Paid,2.99,Everyone
Dr. Panda Ice Cream Truck Free,FAMILY,4.4,23022.0,1000000.0,80.0,Free,0.0,Everyone
Dr. Panda Restaurant 2,FAMILY,4.3,3725.0,100000.0,67.0,Paid,2.99,Everyone
Dr. Panda Restaurant 3,FAMILY,4.2,11126.0,1000000.0,91.0,Free,0.0,Everyone
Dr. Panda Supermarket,FAMILY,4.2,1357.0,50000.0,58.0,Paid,2.99,Everyone
Dr. Panda Town,FAMILY,4.0,36578.0,1000000.0,,Free,0.0,Everyone
Dr. Panda Town: Vacation,FAMILY,3.8,10366.0,1000000.0,78.0,Free,0.0,Everyone
Dr. Panda's Swimming Pool,FAMILY,4.4,2311.0,100000.0,9.3,Paid,1.99,Everyone
Dr. Parker : Parking Simulator,GAME,4.5,14253.0,1000000.0,81.0,Free,0.0,Everyone
Dr. Parker : Real car parking simulation,GAME,4.6,15829.0,1000000.0,95.0,Free,0.0,Everyone
Dr. Parking 4,GAME,4.4,475369.0,50000000.0,13.0,Free,0.0,Everyone
Dr. Pixel: Pill mania Classic,FAMILY,4.3,2419.0,100000.0,6.2,Free,0.0,Everyone
Dr. Rocket,GAME,4.0,42182.0,1000000.0,3.4,Free,0.0,Everyone
"Dr. Safety - Antivirus, Booster, Cleaner, AppLock",TOOLS,4.4,372553.0,10000000.0,21.0,Free,0.0,Everyone
Dr. Seuss's ABC,FAMILY,4.7,429.0,10000.0,12.0,Paid,3.99,Everyone
Dr. Shogi,GAME,3.3,19291.0,1000000.0,5.1,Free,0.0,Everyone
Dr. Splorchy Presents Space Heroes,GAME,4.6,18.0,100.0,31.0,Paid,4.99,Mature 17+
Dr. Sudoku,FAMILY,3.5,2310.0,500000.0,3.1,Free,0.0,Everyone
Dr. Truck Driver : Real Truck Simulator 3D,FAMILY,4.1,1626.0,100000.0,96.0,Free,0.0,Everyone 10+
Dr. Unblock,FAMILY,3.9,3847.0,1000000.0,4.3,Free,0.0,Everyone
Dr.Android Repair Master 2017,PRODUCTIVITY,3.8,1205.0,100000.0,4.3,Free,0.0,Everyone
Dr.Slender Ep 1 Guide (Eng),GAME,4.0,454.0,10000.0,27.0,Free,0.0,Teen
Dr.Web Security Space,TOOLS,4.5,594406.0,10000000.0,,Free,0.0,Everyone
DraStic DS Emulator,GAME,4.6,87766.0,1000000.0,12.0,Paid,4.99,Everyone
Draft Simulator for FUT 18,SPORTS,4.6,162933.0,5000000.0,100.0,Free,0.0,Everyone
DraftKings - Daily Fantasy Sports,SPORTS,4.5,50017.0,1000000.0,41.0,Free,0.0,Adults only 18+
Drag'n'Boom,GAME,4.8,133180.0,1000000.0,54.0,Free,0.0,Everyone 10+
Dragon BZ Super Wallpapers,FAMILY,4.2,12.0,1000.0,13.0,Free,0.0,Everyone
Dragon Ball Wallpaper - Ringtones,COMICS,4.7,73.0,10000.0,8.3,Free,0.0,Everyone
Dragon Hills,GAME,4.5,354373.0,10000000.0,66.0,Free,0.0,Everyone 10+
Dragon Nest M,FAMILY,4.6,11872.0,100000.0,62.0,Free,0.0,Teen
Dragon Sim Online: Be A Dragon,FAMILY,4.6,111741.0,5000000.0,66.0,Free,0.0,Teen
Dragon X Adventure: Warrior Z,GAME,4.3,8537.0,100000.0,29.0,Free,0.0,Everyone 10+
Dragonplay™ Poker Texas Holdem,GAME,4.5,197979.0,1000000.0,,Free,0.0,Teen
DramaFever: Stream Asian Drama Shows & Movies,ENTERTAINMENT,4.2,155234.0,1000000.0,22.0,Free,0.0,Teen
Draw A Stickman,GAME,3.4,29265.0,1000000.0,17.0,Free,0.0,Everyone
Draw Color by Number - Sandbox Pixel Art,FAMILY,4.7,34279.0,1000000.0,24.0,Free,0.0,Everyone
Draw In,GAME,4.2,46416.0,10000000.0,73.0,Free,0.0,Everyone
Draw N Guess Multiplayer,GAME,3.9,29505.0,1000000.0,69.0,Free,0.0,Everyone
Draw Something Classic,GAME,4.2,1092106.0,50000000.0,43.0,Free,0.0,Everyone
Draw a Stickman: EPIC 2 Free,GAME,4.3,213340.0,10000000.0,24.0,Free,0.0,Everyone
Draw a Stickman: EPIC Free,GAME,4.2,210317.0,10000000.0,46.0,Free,0.0,Everyone 10+
Draw with FP sDraw,TOOLS,4.3,3268.0,100000.0,0.4560546875,Free,0.0,Everyone
Draw.ly - Color by Number Pixel Art Coloring,FAMILY,4.4,18616.0,1000000.0,10.0,Free,0.0,Everyone
Drawing Clothes Fashion Ideas,ART_AND_DESIGN,4.2,117.0,10000.0,15.0,Free,0.0,Everyone
Drawing for Kids Learning Games for Toddlers age 3,FAMILY,4.6,29436.0,1000000.0,43.0,Free,0.0,Everyone
Dream EZ,HEALTH_AND_FITNESS,4.1,107.0,10000.0,50.0,Free,0.0,Everyone
Dream League Soccer 2018,GAME,4.6,9883806.0,100000000.0,74.0,Free,0.0,Everyone
DreamMapper,MEDICAL,4.2,10710.0,100000.0,8.5,Free,0.0,Everyone
DreamStream By EL AL,TRAVEL_AND_LOCAL,3.4,595.0,100000.0,22.0,Free,0.0,Everyone
DreamTrips,TRAVEL_AND_LOCAL,4.7,9971.0,500000.0,22.0,Free,0.0,Teen
DreamWorks Friends,FAMILY,3.6,1042.0,100000.0,48.0,Free,0.0,Everyone
Dreamland Arcade - Steven Universe,GAME,4.0,6386.0,500000.0,24.0,Free,0.0,Everyone
Dress Up RagazzA13 DX,FAMILY,3.5,13.0,100.0,42.0,Paid,0.99,Everyone
Dresses Ideas & Fashions +3000,BEAUTY,4.5,473.0,100000.0,8.2,Free,0.0,Mature 17+
Drift Legends,GAME,4.2,33788.0,1000000.0,27.0,Free,0.0,Everyone
Drink-O-Tron The Drinking Game,GAME,4.1,140.0,50000.0,45.0,Free,0.0,Mature 17+
Drive 4x4 Luxury SUV Jeep,GAME,4.2,2183.0,500000.0,46.0,Free,0.0,Everyone
Driver Permit Test Prep DC DMV Driver's License Ed,FAMILY,4.7,78.0,5000.0,11.0,Free,0.0,Everyone
Driving School 3D 2017,FAMILY,3.9,5075.0,500000.0,48.0,Free,0.0,Everyone
Driving Suv Toyota Car Simulator,FAMILY,3.7,187.0,10000.0,54.0,Free,0.0,Everyone
Driving Zone,GAME,4.2,51791.0,1000000.0,57.0,Free,0.0,Everyone
Driving n Parking School 2017,FAMILY,4.5,15.0,1000.0,46.0,Free,0.0,Everyone
DrivingTest,FAMILY,2.9,975.0,100000.0,45.0,Free,0.0,Everyone
Droid PRoCon BF3,TOOLS,3.5,412.0,5000.0,2.6,Paid,0.99,Everyone
Droid Zap by Motorola,VIDEO_PLAYERS,3.8,2093.0,5000000.0,,Free,0.0,Everyone
DroidAdmin for Android - Advice,EVENTS,4.2,811.0,10000.0,2.8,Free,0.0,Everyone
Droidbug BusyBox Advance PRO,TOOLS,4.5,2.0,100.0,3.3,Paid,3.99,Everyone
Dropbox,PRODUCTIVITY,4.4,1861310.0,500000000.0,61.0,Free,0.0,Everyone
Drugs Dz - Algeria,MEDICAL,4.4,187.0,10000.0,,Free,0.0,Everyone
Drugs.com Medication Guide,MEDICAL,4.4,15875.0,1000000.0,,Free,0.0,Everyone
Dt Tracking,AUTO_AND_VEHICLES,4.0,4.0,100.0,24.0,Free,0.0,Everyone
Dt. Jyothi Srinivas,HEALTH_AND_FITNESS,5.0,18.0,100.0,13.0,Free,0.0,Everyone
Du Chinese – Mandarin Lessons,FAMILY,4.8,3390.0,100000.0,9.2,Free,0.0,Everyone
Duaa Ek Ibaadat,BOOKS_AND_REFERENCE,4.9,122.0,5000.0,26.0,Free,0.0,Everyone
Dual N-Back - Brain game,FAMILY,4.3,817.0,100000.0,28.0,Free,0.0,Everyone
Dubai Racing,GAME,4.2,16237.0,500000.0,23.0,Free,0.0,Everyone
Dubsmash,VIDEO_PLAYERS,4.2,1971777.0,100000000.0,29.0,Free,0.0,Teen
Dude Perfect,SPORTS,4.5,97.0,10000.0,1.9,Free,0.0,Everyone
Dude Perfect 2,GAME,4.5,401648.0,10000000.0,70.0,Free,0.0,Everyone
Dumb Ways to Die 2: The Games,FAMILY,4.2,1671658.0,50000000.0,,Free,0.0,Teen
Dungeon Boss – Strategy RPG,FAMILY,4.4,218881.0,5000000.0,37.0,Free,0.0,Everyone 10+
Dungeon Hunter 5 – Action RPG,FAMILY,4.2,720685.0,10000000.0,51.0,Free,0.0,Teen
Dungeon Hunter Champions: Epic Online Action RPG,FAMILY,4.2,26307.0,1000000.0,,Free,0.0,Teen
Dungeon Keeper,FAMILY,4.0,69574.0,500000.0,45.0,Free,0.0,Everyone 10+
Dungeon Legends - PvP Action MMO RPG Co-op Games,FAMILY,4.4,102215.0,1000000.0,42.0,Free,0.0,Teen
Dungeon Quest,FAMILY,4.5,244039.0,5000000.0,46.0,Free,0.0,Everyone 10+
Dungeon Rush,FAMILY,4.0,28633.0,1000000.0,81.0,Free,0.0,Everyone 10+
Dungeons and Dragons DM Tools,BOOKS_AND_REFERENCE,3.1,50.0,1000.0,4.9,Paid,1.99,Everyone
Dunkin' Donuts,FOOD_AND_DRINK,4.2,68270.0,1000000.0,66.0,Free,0.0,Everyone
Duolingo: Learn Languages Free,FAMILY,4.7,6297590.0,100000000.0,,Free,0.0,Everyone
DuraSpeed,TOOLS,3.8,5431.0,10000000.0,1.3,Free,0.0,Everyone
Dx Ludo,FAMILY,3.6,215.0,50000.0,2.6,Free,0.0,Everyone
Dy So Exam,FAMILY,3.0,6.0,1000.0,3.2,Free,0.0,Everyone
Dynamics AX,BUSINESS,3.7,244.0,10000.0,0.953125,Free,0.0,Everyone
"Dynavix - Navigation, Maps, Traffic data & Cameras",MAPS_AND_NAVIGATION,4.2,1688.0,50000.0,,Free,0.0,Everyone
Dz Dinars Numbers to letters,PRODUCTIVITY,4.7,2807.0,100000.0,9.8,Free,0.0,Everyone
E!,FAMILY,3.1,740.0,100000.0,20.0,Free,0.0,Teen
E! News,NEWS_AND_MAGAZINES,4.0,15443.0,1000000.0,25.0,Free,0.0,Teen
E*TRADE Mobile,FINANCE,3.9,10658.0,1000000.0,58.0,Free,0.0,Everyone
E-Book Read - Read Book for free,BOOKS_AND_REFERENCE,4.5,1857.0,50000.0,4.9,Free,0.0,Everyone
E-NUM,FINANCE,4.0,10374.0,500000.0,,Free,0.0,Everyone
E-Z App™ Train Control,TOOLS,4.3,33.0,1000.0,46.0,Free,0.0,Everyone
E-cigarette for free,FAMILY,3.6,1354.0,500000.0,4.8,Free,0.0,Mature 17+
E.G. Chess,GAME,4.3,56.0,1000.0,23.0,Paid,0.99,Everyone
E.G. Chess Free,GAME,4.0,505.0,10000.0,23.0,Free,0.0,Everyone
EA Plus,TRAVEL_AND_LOCAL,2.5,12.0,1000.0,12.0,Free,0.0,Everyone
EA SPORTS UFC®,SPORTS,4.5,2371338.0,50000000.0,37.0,Free,0.0,Teen
EA SPORTS™ FIFA 18 Companion,SPORTS,3.9,282727.0,10000000.0,63.0,Free,0.0,Everyone
EB Annual Meetings,BOOKS_AND_REFERENCE,3.5,11.0,1000.0,15.0,Free,0.0,Everyone
EB Cash Collections,BUSINESS,5.0,1.0,5.0,4.3,Free,0.0,Everyone
EB Events,TRAVEL_AND_LOCAL,3.3,97.0,10000.0,16.0,Free,0.0,Everyone
EB Mobile,FAMILY,1.7,1172.0,10000.0,5.6,Free,0.0,Everyone
EB Scanner,PRODUCTIVITY,5.0,9.0,50.0,25.0,Free,0.0,Everyone
EB-Link,BUSINESS,4.8,6.0,100.0,11.0,Free,0.0,Everyone
EBookDroid - PDF & DJVU Reader,PRODUCTIVITY,4.5,75951.0,5000000.0,,Free,0.0,Everyone
EC - AP & Telangana,BOOKS_AND_REFERENCE,3.5,10.0,5000.0,3.0,Free,0.0,Everyone
EC - Encumbrance Search - telangana state,BUSINESS,3.4,45.0,10000.0,5.5,Free,0.0,Everyone
EC Apps List,TOOLS,4.5,2.0,100.0,1.6,Free,0.0,Everyone
EC Calgary,FAMILY,5.0,6.0,100.0,8.1,Free,0.0,Teen
EC Fairgrounds,FAMILY,5.0,3.0,500.0,5.5,Free,0.0,Everyone
EC Mover,GAME,5.0,5.0,10.0,4.6,Free,0.0,Everyone
EC Reps,BUSINESS,4.0,1.0,100.0,5.4,Free,0.0,Everyone
EC SPORTS,SPORTS,5.0,1.0,10.0,6.3,Free,0.0,Everyone
EC Security,LIFESTYLE,4.5,13.0,1000.0,28.0,Free,0.0,Everyone
EC Tax,FINANCE,4.9,8.0,500.0,3.1,Free,0.0,Everyone
EC Taximeter,PRODUCTIVITY,3.9,162.0,10000.0,5.0,Free,0.0,Everyone
EC music dictionary,TOOLS,4.4,20.0,500.0,2.2,Paid,1.99,Everyone
EC-HRV test,SPORTS,3.0,9.0,1000.0,4.3,Free,0.0,Everyone
ECナビ×シュフー,LIFESTYLE,4.0,576.0,50000.0,7.4,Free,0.0,Everyone
EF Academy,HEALTH_AND_FITNESS,5.0,4.0,50.0,15.0,Free,0.0,Everyone
EF App,BUSINESS,5.0,8.0,100.0,20.0,Free,0.0,Everyone
EF Calculator,PRODUCTIVITY,4.7,19.0,1000.0,,Free,0.0,Everyone
EF Classroom,FAMILY,3.2,190.0,50000.0,23.0,Free,0.0,Everyone
EF Coach,HEALTH_AND_FITNESS,4.8,17.0,500.0,14.0,Free,0.0,Everyone
EF English Live Business,FAMILY,3.6,496.0,100000.0,14.0,Free,0.0,Everyone
EF English Live Business Tablet,FAMILY,3.3,279.0,10000.0,14.0,Free,0.0,Everyone
EF English Live for phone,FAMILY,3.6,2210.0,100000.0,15.0,Free,0.0,Everyone
EF English Live for tablets,FAMILY,3.1,1242.0,50000.0,14.0,Free,0.0,Everyone
EF Events,EVENTS,5.0,7.0,100.0,4.4,Free,0.0,Teen
EF Financial Control Free,FINANCE,4.4,58.0,10000.0,3.7,Free,0.0,Everyone
EF Forms,BUSINESS,5.0,2.0,50.0,23.0,Free,0.0,Everyone
EF Go Ahead Tour Companion,TRAVEL_AND_LOCAL,2.3,23.0,1000.0,43.0,Free,0.0,Everyone
EF Mentor: Words,FAMILY,4.0,403.0,50000.0,39.0,Free,0.0,Teen
EF Parеnts,FAMILY,4.1,435.0,50000.0,17.0,Free,0.0,Everyone
EF Sidekick,VIDEO_PLAYERS,3.1,36.0,5000.0,,Free,0.0,Everyone
EF Smart English,FAMILY,3.7,150.0,5000.0,11.0,Free,0.0,Everyone
EF Smart English for Phone,FAMILY,3.5,208.0,10000.0,13.0,Free,0.0,Everyone
EF Spelling Bee,FAMILY,3.0,2.0,500.0,9.4,Free,0.0,Everyone
EF Teacher,FAMILY,3.1,16.0,1000.0,17.0,Free,0.0,Everyone
EF Universe: Endless Battle,FAMILY,4.2,5.0,50.0,54.0,Free,0.0,Teen
EF-myHR,FINANCE,2.9,26.0,1000.0,36.0,Free,0.0,Everyone
EF/VR – VR Tours of EF Schools,FAMILY,3.6,17.0,1000.0,15.0,Free,0.0,Teen
EG Classroom Decimals™,FAMILY,3.0,2.0,50.0,18.0,Paid,2.99,Everyone
EG India,LIFESTYLE,5.0,3.0,100.0,4.0,Free,0.0,Everyone
EG Movi,TOOLS,4.2,40.0,1000.0,7.4,Free,0.0,Everyone
EG Retail,BUSINESS,2.4,29.0,500.0,16.0,Free,0.0,Everyone
EG SIM CARD (EGSIMCARD),TRAVEL_AND_LOCAL,4.4,105.0,10000.0,5.0,Free,0.0,Everyone
"EG SIM CARD (EGSIMCARD, 이지심카드)",BUSINESS,2.9,322.0,50000.0,1.5,Free,0.0,Everyone
EG-Boost,BUSINESS,4.1,25.0,1000.0,2.4,Free,0.0,Everyone
EGW Writings,BOOKS_AND_REFERENCE,4.7,24278.0,1000000.0,3.1,Free,0.0,Everyone
EGW Writings 2,BOOKS_AND_REFERENCE,4.7,6547.0,100000.0,16.0,Free,0.0,Everyone
EH kontrollrakendus,TOOLS,3.4,43.0,5000.0,2.3,Free,0.0,Everyone
EH!,LIFESTYLE,4.6,10.0,1000.0,8.7,Free,0.0,Everyone
EHS Dongsen Shopping,SHOPPING,3.6,3656.0,1000000.0,9.0,Free,0.0,Teen
EI Calculator,TOOLS,4.0,8.0,100.0,1.5,Free,0.0,Everyone
EI Mobile,FINANCE,3.8,4231.0,100000.0,82.0,Free,0.0,Everyone
EI SmartMiles,FINANCE,2.4,9.0,1000.0,3.8,Free,0.0,Everyone
EI国际,FAMILY,4.7,15.0,1000.0,5.2,Free,0.0,Everyone
EJ Elite Prospects League,SPORTS,3.3,3.0,1000.0,12.0,Free,0.0,Everyone
EJ Insight,NEWS_AND_MAGAZINES,4.0,33.0,1000.0,0.2734375,Free,0.0,Everyone
EJ messenger,COMMUNICATION,5.0,1.0,10.0,25.0,Free,0.0,Teen
EK Bailey Preaching Conference,EVENTS,5.0,3.0,500.0,30.0,Free,0.0,Everyone
EK Platinum,LIFESTYLE,3.8,52.0,10000.0,10.0,Free,0.0,Everyone
EL AL Flights,TRAVEL_AND_LOCAL,3.1,1563.0,100000.0,36.0,Free,0.0,Everyone
EL NORTE,NEWS_AND_MAGAZINES,3.4,2436.0,100000.0,,Free,0.0,Everyone
ELMO EV Charging,MAPS_AND_NAVIGATION,3.4,14.0,1000.0,6.2,Free,0.0,Everyone
EM Launcher Pro,PERSONALIZATION,4.2,35.0,1000.0,0.0234375,Paid,3.99,Everyone
EM Launcher for EMUI,PERSONALIZATION,4.1,3175.0,500000.0,2.3,Free,0.0,Everyone
EMI Calculator | FD Calculator | RD calculator,FINANCE,4.6,106.0,10000.0,4.4,Free,0.0,Everyone
"EMI, FD, RD - Bank Calculator",FINANCE,4.7,42.0,5000.0,3.5,Free,0.0,Everyone
EMI/FD/RD/PV/IRR/BEP/EOQ Calc,FINANCE,4.5,58.0,10000.0,2.7,Free,0.0,Everyone
EML UPnP-AV Control Point,VIDEO_PLAYERS,3.0,78.0,10000.0,0.314453125,Free,0.0,Everyone
EMT PASS,MEDICAL,3.4,51.0,1000.0,2.4,Paid,29.99,Everyone
EMT Review Plus,MEDICAL,4.5,199.0,10000.0,1.8,Paid,11.99,Everyone
EMT Study - NREMT Test Prep,MEDICAL,4.3,35.0,5000.0,0.841796875,Paid,3.99,Everyone
EMT Tutor NREMT-B Study Guide,MEDICAL,4.6,625.0,10000.0,8.4,Paid,3.99,Everyone
EMT-B Pocket Prep,MEDICAL,4.5,2951.0,50000.0,16.0,Free,0.0,Everyone
ENCHANT U,FAMILY,4.3,83977.0,500000.0,11.0,Free,0.0,Everyone
EO Bijbel Open,LIFESTYLE,4.3,102.0,10000.0,41.0,Free,0.0,Everyone
EO Global,BUSINESS,2.6,13.0,1000.0,8.9,Free,0.0,Everyone
EO Network,BUSINESS,3.5,13.0,1000.0,21.0,Free,0.0,Teen
EO SouthAsia,BUSINESS,4.2,8.0,100.0,19.0,Free,0.0,Teen
EO.TRADE - Coin sale,FINANCE,4.3,95.0,10000.0,1.5,Free,0.0,Everyone
EP Chain Reaction,FAMILY,3.9,249.0,10000.0,21.0,Free,0.0,Everyone
EP Church Annapolis,LIFESTYLE,5.0,2.0,100.0,8.8,Free,0.0,Everyone
EP Gem Hunter,GAME,4.6,79.0,1000.0,31.0,Free,0.0,Everyone 10+
EP Horlogerie,LIFESTYLE,4.9,18.0,1000.0,24.0,Free,0.0,Everyone
EP Kalkulator el. energije,TOOLS,4.4,13.0,100.0,1.5,Free,0.0,Everyone
EP Lab Digest,MEDICAL,2.3,11.0,500.0,12.0,Free,0.0,Everyone
EP Mobile,MEDICAL,4.3,267.0,50000.0,2.3,Free,0.0,Everyone
EP RSS Reader,COMMUNICATION,3.8,4.0,100.0,0.87109375,Free,0.0,Everyone
EP Radio,FAMILY,5.0,3.0,50.0,0.150390625,Free,0.0,Everyone
EP Research Service,BOOKS_AND_REFERENCE,4.7,14.0,1000.0,27.0,Free,0.0,Everyone
EP Spotter,FAMILY,3.4,9.0,500.0,28.0,Free,0.0,Everyone
ER Assist,PRODUCTIVITY,5.0,3.0,10.0,28.0,Free,0.0,Everyone
ER Blood Draw Doctor & Surgeon,FAMILY,4.0,154.0,50000.0,58.0,Free,0.0,Teen
ER Doctor City Emergency - Surgery City Doc FREE,FAMILY,3.9,1909.0,100000.0,84.0,Free,0.0,Teen
ER Doctor Kids Emergency Room,FAMILY,3.1,4798.0,500000.0,30.0,Free,0.0,Teen
"ER Emergency Hospital - Brain, Knee, Eye Surgery",FAMILY,3.8,25.0,1000.0,41.0,Free,0.0,Teen
ER Heart Surgery - Emergency Simulator Game,FAMILY,4.3,429.0,100000.0,40.0,Free,0.0,Everyone
ER Hospital Simulator,FAMILY,4.0,286.0,100000.0,60.0,Free,0.0,Everyone
ER Injection Simulator: Blood Test Doctor Hospital,FAMILY,4.2,3263.0,1000000.0,47.0,Free,0.0,Everyone 10+
ER Surgery Simulator,FAMILY,3.6,19601.0,1000000.0,56.0,Free,0.0,Everyone 10+
ERres- Emergency Medicine,MEDICAL,4.2,45.0,1000.0,14.0,Paid,4.99,Everyone
ES Anywhere,BUSINESS,4.7,10.0,100.0,,Free,0.0,Everyone
ES App Locker,TOOLS,4.3,32207.0,1000000.0,3.4,Free,0.0,Everyone
ES Audio Player ( Shortcut ),VIDEO_PLAYERS,4.2,1236.0,100000.0,0.0322265625,Free,0.0,Everyone
ES Billing System (Offline App),PRODUCTIVITY,5.0,1.0,100.0,4.2,Free,0.0,Everyone
ES Chromecast plugin,LIBRARIES_AND_DEMO,4.2,23859.0,1000000.0,0.83984375,Free,0.0,Everyone
ES Classic Theme,TOOLS,4.3,20865.0,1000000.0,2.2,Free,0.0,Everyone
ES Dark Theme for free,TOOLS,4.2,7851.0,1000000.0,0.35546875,Free,0.0,Everyone
ES Disk Analyzer - Storage Space,PRODUCTIVITY,4.7,5867.0,100000.0,4.4,Free,0.0,Everyone
ES File Explorer,TOOLS,4.1,278.0,100000.0,2.8,Free,0.0,Everyone
ES File Explorer & File Manager 2018,TOOLS,3.8,24.0,5000.0,2.9,Free,0.0,Everyone
"ES File Explorer & Manager, Locker Xplorer 2018",TOOLS,3.5,11.0,1000.0,3.0,Free,0.0,Everyone
ES File Explorer File Manager,PRODUCTIVITY,4.6,5383985.0,100000000.0,16.0,Free,0.0,Everyone
ES File Explorer/Manager PRO,PRODUCTIVITY,4.7,81614.0,500000.0,6.6,Paid,2.99,Everyone
ES Holo Theme,TOOLS,4.3,11449.0,500000.0,1.7,Free,0.0,Everyone
ES Holo Theme for Pro,PRODUCTIVITY,4.2,4737.0,500000.0,1.7,Free,0.0,Everyone
ES Material Theme for Pro,PRODUCTIVITY,4.2,14428.0,1000000.0,1.2,Free,0.0,Everyone
ES Remote,FAMILY,3.3,707.0,100000.0,15.0,Free,0.0,Everyone
ES Solar,BUSINESS,5.0,3.0,100.0,4.7,Free,0.0,Everyone
ES Summer Chill Theme for Free,TOOLS,4.3,940.0,100000.0,0.3779296875,Free,0.0,Everyone
ES Task Manager (Task Killer ),BUSINESS,4.3,171771.0,10000000.0,3.2,Free,0.0,Everyone
ES Themes -- Classic Theme,PERSONALIZATION,4.4,77609.0,1000000.0,1.9,Free,0.0,Everyone
ES-IPTV,VIDEO_PLAYERS,4.0,944.0,50000.0,11.0,Free,0.0,Everyone
ESLock File Recovery Lite,PRODUCTIVITY,3.0,460.0,50000.0,0.1572265625,Free,0.0,Everyone
ESPN,SPORTS,4.2,521140.0,10000000.0,,Free,0.0,Everyone 10+
ESPN Fantasy Sports,SPORTS,4.0,176487.0,5000000.0,10.0,Free,0.0,Everyone
ESS Mobile for AE,PRODUCTIVITY,1.9,63.0,5000.0,1.8,Free,0.0,Everyone
ET Markets : NSE & BSE India,FINANCE,4.2,24980.0,1000000.0,9.2,Free,0.0,Everyone
ET Telecom from Economic Times,NEWS_AND_MAGAZINES,4.7,273.0,10000.0,6.3,Free,0.0,Everyone
ETERNITY WARRIORS 2,GAME,4.6,568391.0,5000000.0,5.2,Free,0.0,Teen
EU Charter,BOOKS_AND_REFERENCE,4.6,33.0,1000.0,37.0,Free,0.0,Everyone
EU Data Protection,BOOKS_AND_REFERENCE,3.5,29.0,1000.0,17.0,Free,0.0,Everyone
EU Economy,PRODUCTIVITY,3.6,47.0,5000.0,0.8583984375,Free,0.0,Everyone
EU Exit poll,LIFESTYLE,5.0,10.0,100.0,9.4,Free,0.0,Everyone
EU FTL Calculator,BUSINESS,3.6,60.0,10000.0,1.8,Free,0.0,Everyone
EU Flags Free Live Wallpaper,PERSONALIZATION,3.4,730.0,100000.0,2.3,Free,0.0,Everyone
EU Flags Live Wallpaper,PERSONALIZATION,4.3,444.0,10000.0,12.0,Paid,0.99,Everyone
EU Life Explorer,NEWS_AND_MAGAZINES,4.0,2.0,50.0,12.0,Free,0.0,Everyone
EU Mobile Money,FINANCE,3.9,460.0,100000.0,6.1,Free,0.0,Everyone
EU Mobile Money Partenaire Commercial,FINANCE,4.3,70.0,10000.0,3.9,Free,0.0,Everyone
EU VAT Checker,BUSINESS,3.1,7.0,1000.0,0.0380859375,Free,0.0,Everyone
EURES - Your Job in Europe,BUSINESS,2.7,358.0,50000.0,2.0,Free,0.0,Everyone
EV Calculator,TOOLS,4.9,85.0,1000.0,19.0,Free,0.0,Everyone
EV Charging,MAPS_AND_NAVIGATION,3.5,8.0,1000.0,32.0,Free,0.0,Everyone
EV Connect,MAPS_AND_NAVIGATION,2.8,25.0,1000.0,5.8,Free,0.0,Everyone
EV Finder,TOOLS,4.3,29.0,1000.0,23.0,Free,0.0,Everyone
EV Real Estate Search,LIFESTYLE,4.1,88.0,5000.0,20.0,Free,0.0,Everyone
EV Stations Hawaii,MAPS_AND_NAVIGATION,3.6,7.0,1000.0,2.5,Free,0.0,Everyone
EV Trip Optimizer for Tesla,AUTO_AND_VEHICLES,3.2,46.0,1000.0,6.6,Free,0.0,Everyone
EW Widgets for Zooper,TOOLS,3.4,5.0,100.0,1.9,Free,0.0,Everyone
EX File Explorer File Manager,PRODUCTIVITY,4.0,4660.0,1000000.0,5.9,Free,0.0,Everyone
EXO-L,FAMILY,4.6,67410.0,1000000.0,0.8447265625,Free,0.0,Everyone
EXO-L Amino for EXO Fans,SOCIAL,4.9,5677.0,50000.0,67.0,Free,0.0,Teen
EY ATL Fuel Calculator,PRODUCTIVITY,4.4,15.0,500.0,3.1,Free,0.0,Everyone
EY Digi India Personal Tax,BUSINESS,4.0,2.0,100.0,1.7,Free,0.0,Everyone
EY Events,BUSINESS,2.5,31.0,10000.0,54.0,Free,0.0,Everyone
EY Forensics,FINANCE,4.9,7.0,1000.0,3.4,Free,0.0,Everyone
EY GlobalOne,BUSINESS,2.7,11.0,1000.0,6.8,Free,0.0,Everyone
EY India CFO Insights,BUSINESS,4.7,37.0,5000.0,10.0,Free,0.0,Everyone
EY India Tax Insights,BUSINESS,4.7,87.0,10000.0,5.1,Free,0.0,Everyone
EY Oil & Gas,BUSINESS,4.6,20.0,1000.0,15.0,Free,0.0,Everyone
EY Staff ENTERTAINER,LIFESTYLE,4.3,218.0,10000.0,19.0,Free,0.0,Everyone
EY TaxChat,FINANCE,1.2,44.0,1000.0,27.0,Free,0.0,Everyone
EZ Ag Mobile,FINANCE,3.4,19.0,5000.0,24.0,Free,0.0,Everyone
EZ App Installer,TOOLS,4.1,533.0,100000.0,1.4,Free,0.0,Everyone
EZ Bluetooth,TOOLS,4.2,789.0,50000.0,,Free,0.0,Everyone
EZ Cleaner - Booster Optimizer,TOOLS,4.4,6801.0,500000.0,2.8,Free,0.0,Everyone
EZ Clock & Weather Widget,WEATHER,4.2,6849.0,1000000.0,1.2,Free,0.0,Everyone
EZ Display,PRODUCTIVITY,2.9,280.0,50000.0,10.0,Free,0.0,Everyone
EZ File Manager(Root Explorer),PRODUCTIVITY,3.5,626.0,100000.0,1.2,Free,0.0,Everyone
EZ Financial Calculator,FINANCE,4.4,32.0,1000.0,2.3,Free,0.0,Everyone
EZ Inspections,PRODUCTIVITY,2.8,160.0,10000.0,7.6,Free,0.0,Everyone
EZ LED,TOOLS,2.2,19.0,1000.0,2.1,Free,0.0,Everyone
EZ Launcher,PERSONALIZATION,4.2,18926.0,1000000.0,2.9,Free,0.0,Everyone
EZ Notes Lite,PRODUCTIVITY,4.4,69.0,1000.0,3.5,Free,0.0,Everyone
EZ PZ RPG,FAMILY,3.8,70903.0,1000000.0,47.0,Free,0.0,Everyone 10+
EZ Pass,TOOLS,2.5,15.0,5000.0,0.22265625,Free,0.0,Everyone
EZ Quran,BOOKS_AND_REFERENCE,4.6,595.0,50000.0,8.5,Free,0.0,Everyone
EZ Receipts,FINANCE,4.0,2187.0,100000.0,,Free,0.0,Everyone
EZ Screenshot,TOOLS,4.4,55.0,5000.0,1.4,Free,0.0,Everyone
EZ Switch Widget,PRODUCTIVITY,4.2,2412.0,100000.0,0.1875,Free,0.0,Everyone
EZ TAG Express,TRAVEL_AND_LOCAL,3.2,86.0,10000.0,39.0,Free,0.0,Everyone
EZ TV Player,VIDEO_PLAYERS,3.5,51.0,10000.0,11.0,Free,0.0,Everyone
EZ Thanks,BUSINESS,3.2,116.0,10000.0,,Free,0.0,Everyone
EZ Usenet for Easynews®,VIDEO_PLAYERS,3.9,244.0,10000.0,,Free,0.0,Everyone
EZ Utilities Extension,TOOLS,3.9,33.0,5000.0,0.4619140625,Free,0.0,Everyone
EZ Video Download for Facebook,SOCIAL,4.1,34079.0,1000000.0,1.3,Free,0.0,Teen
EZ View,BUSINESS,3.0,287.0,50000.0,9.8,Free,0.0,Everyone
EZ Web Video Cast | Chromecast,VIDEO_PLAYERS,4.1,1276.0,100000.0,4.6,Free,0.0,Everyone
EZ Wifi Notification,COMMUNICATION,4.3,260.0,10000.0,0.1884765625,Free,0.0,Everyone
EZ game screen recorder with audio 1080P,VIDEO_PLAYERS,4.1,40.0,1000.0,3.9,Free,0.0,Everyone
EZ-Builder Mobile,FAMILY,4.3,51.0,5000.0,57.0,Free,0.0,Everyone
EZ-ELD Driver App (Free),AUTO_AND_VEHICLES,2.1,83.0,5000.0,4.8,Free,0.0,Everyone
EZ-ELD Update,AUTO_AND_VEHICLES,3.1,14.0,1000.0,4.6,Free,0.0,Everyone
EZ-GUI Ground Station,TOOLS,4.7,3696.0,50000.0,29.0,Free,0.0,Everyone
EZ-Placard - Free Placard Calculator,TOOLS,2.9,7.0,1000.0,2.4,Free,0.0,Everyone
EZ-SEE,VIDEO_PLAYERS,2.8,71.0,10000.0,10.0,Free,0.0,Everyone
EZ-VPNGate,TOOLS,4.3,36.0,5000.0,12.0,Free,0.0,Everyone
EZCast – Cast Media to TV,VIDEO_PLAYERS,3.6,32112.0,1000000.0,,Free,0.0,Everyone
Ear Agent: Super Hearing,COMMUNICATION,3.7,42329.0,5000000.0,,Free,0.0,Everyone
Earn Money BD,FINANCE,3.8,103.0,5000.0,6.9,Free,0.0,Everyone
Earn to Die 2,GAME,4.6,1327269.0,50000000.0,99.0,Free,0.0,Teen
Earth & Moon in HD Gyro 3D Parallax Live Wallpaper,PERSONALIZATION,4.5,66321.0,5000000.0,18.0,Free,0.0,Everyone
Earth to Luna! Watch and Play,FAMILY,3.9,10753.0,1000000.0,84.0,Free,0.0,Everyone
Easy Cv maker 2018,BOOKS_AND_REFERENCE,3.9,88.0,10000.0,5.3,Free,0.0,Everyone
Easy Hair Style Design,LIFESTYLE,4.3,601.0,100000.0,5.1,Free,0.0,Everyone
Easy Healthy Recipes,FOOD_AND_DRINK,4.1,278.0,50000.0,7.2,Free,0.0,Everyone
Easy Hotspot Ad Free,TOOLS,5.0,2.0,10.0,3.3,Paid,0.99,Everyone
Easy Installer - Apps On SD,BUSINESS,4.1,23055.0,5000000.0,,Free,0.0,Everyone
Easy Language Translator,TOOLS,4.3,191621.0,10000000.0,6.1,Free,0.0,Everyone
Easy Makeup Tutorials,LIFESTYLE,4.3,7287.0,1000000.0,5.0,Free,0.0,Everyone
Easy Origami Ideas,ART_AND_DESIGN,4.2,1015.0,100000.0,11.0,Free,0.0,Everyone
Easy Realistic Drawing Tutorial,ART_AND_DESIGN,4.1,223.0,100000.0,4.2,Free,0.0,Everyone
Easy Recipes,FOOD_AND_DRINK,4.7,2707.0,100000.0,8.9,Free,0.0,Everyone
"Easy Resume Builder, Resume help, Curriculum vitae",TOOLS,4.3,996.0,50000.0,10.0,Free,0.0,Everyone
Easy V-Bux free,FAMILY,4.6,856.0,5000.0,2.9,Free,0.0,Everyone
Easy Voice Recorder,PRODUCTIVITY,4.4,205191.0,10000000.0,7.1,Free,0.0,Everyone
Easy and quick desserts,FOOD_AND_DRINK,4.6,1398.0,100000.0,10.0,Free,0.0,Everyone 10+
EasyBib: Citation Generator,EDUCATION,3.5,1405.0,100000.0,7.3,Free,0.0,Everyone
EasyNote Notepad | To Do List,TOOLS,4.3,15618.0,1000000.0,2.4,Free,0.0,Everyone
"Eat Fast Prepare ""Without Internet""",FOOD_AND_DRINK,4.6,4925.0,1000000.0,17.0,Free,0.0,Everyone
Eat Fit - Diet and Health Free,HEALTH_AND_FITNESS,4.1,2469.0,100000.0,3.6,Free,0.0,Everyone
Eat'n Park,LIFESTYLE,3.5,292.0,50000.0,20.0,Free,0.0,Everyone
Eat24 Food Delivery & Takeout,FOOD_AND_DRINK,4.3,40116.0,1000000.0,,Free,0.0,Everyone
EatStreet Food Delivery App,FOOD_AND_DRINK,4.6,7690.0,100000.0,25.0,Free,0.0,Everyone
Eating Show - Food BJ,FAMILY,4.4,103.0,10000.0,36.0,Free,0.0,Everyone
"Ebates: Cash Back, Coupons, Rewards & Savings",SHOPPING,4.5,37253.0,1000000.0,31.0,Free,0.0,Everyone
Ebenezer AH,MEDICAL,4.0,4.0,500.0,27.0,Free,0.0,Everyone
Ebook Reader,BOOKS_AND_REFERENCE,4.1,85842.0,5000000.0,37.0,Free,0.0,Everyone
Ecobank Mobile Banking,FINANCE,4.0,12073.0,1000000.0,42.0,Free,0.0,Everyone
Economic Times : Market News,NEWS_AND_MAGAZINES,4.3,93708.0,5000000.0,,Free,0.0,Everyone
Economic Times : Market News Go Edition,NEWS_AND_MAGAZINES,4.3,39.0,5000.0,4.2,Free,0.0,Everyone
Eddsworld Amino,SOCIAL,4.9,3071.0,10000.0,63.0,Free,0.0,Teen
EdiRange,TOOLS,3.0,736.0,100000.0,1.8,Free,0.0,Everyone
Edmodo,FAMILY,4.1,200214.0,10000000.0,18.0,Free,0.0,Everyone
Education First FCU Mobile,FINANCE,2.9,204.0,10000.0,29.0,Free,0.0,Everyone
Educational Games 4 Kids,FAMILY,4.3,11618.0,5000000.0,39.0,Free,0.0,Everyone
Educational Games for Kids,FAMILY,4.5,7050.0,1000000.0,24.0,Free,0.0,Everyone
Educationboard Results BD,FAMILY,4.0,983.0,100000.0,7.2,Free,0.0,Everyone
Educators CU Mobile Banking,FINANCE,4.6,1992.0,50000.0,24.0,Free,0.0,Everyone
Eg Call,COMMUNICATION,4.2,91.0,10000.0,6.0,Free,0.0,Everyone
Egg,FAMILY,2.9,72.0,5000.0,27.0,Free,0.0,Mature 17+
Egg Baby,FAMILY,4.4,351607.0,5000000.0,8.7,Free,0.0,Everyone 10+
Egg for Pou,FAMILY,3.0,59096.0,5000000.0,,Free,0.0,Everyone
"Egg, Inc.",FAMILY,4.7,580160.0,5000000.0,29.0,Free,0.0,Everyone
Egg: clicker,FAMILY,3.7,40678.0,1000000.0,15.0,Free,0.0,Everyone
Eh Amego!,GAME,3.8,13388.0,500000.0,7.1,Free,0.0,Everyone
Eh Bee Wallpapers HD,PERSONALIZATION,5.0,4.0,100.0,3.9,Free,0.0,Everyone
Eh Volevi!,FAMILY,3.9,1619.0,100000.0,7.0,Free,0.0,Everyone
Ei Electronics AudioLINK,TOOLS,3.4,59.0,10000.0,1.8,Free,0.0,Everyone
Ei Samay - Bengali News Paper,NEWS_AND_MAGAZINES,4.3,20620.0,1000000.0,,Free,0.0,Everyone
Ei Somoy & Dainik Sangbad & Statesman (PDF),NEWS_AND_MAGAZINES,4.0,4.0,100.0,5.3,Free,0.0,Everyone
Ek Bander Ne Kholi Dukan,FAMILY,5.0,10.0,10000.0,3.0,Free,0.0,Everyone
Ek Kahani Aisi Bhi Season 2 - The Horror Story,FAMILY,4.5,28.0,1000.0,5.6,Free,0.0,Teen
Ek Kahani Aisi Bhi Season 3 - The Horror Story,FAMILY,3.0,1.0,100.0,5.8,Free,0.0,Teen
Ek Kauwa Pyasa Tha,FAMILY,4.1,35.0,50000.0,3.1,Free,0.0,Everyone
Ek Maratha,SOCIAL,4.8,725.0,10000.0,3.7,Free,0.0,Teen
Ek Onkar,FAMILY,4.9,107.0,10000.0,18.0,Free,0.0,Everyone
Ek Onkar Mantras,LIFESTYLE,4.9,82.0,5000.0,5.0,Free,0.0,Everyone
Ek Qissa He Quran Se (Qurani Waqiyat),FAMILY,5.0,4.0,100.0,2.0,Free,0.0,Everyone
Ek Vote,PRODUCTIVITY,5.0,43.0,500.0,6.2,Free,0.0,Everyone
El Chavo,FAMILY,4.0,751.0,10000.0,49.0,Paid,0.99,Everyone
El Dorado App,TRAVEL_AND_LOCAL,4.4,221.0,10000.0,33.0,Free,0.0,Everyone
El Falı,FAMILY,4.8,36968.0,1000000.0,16.0,Free,0.0,Everyone
El Laberinto del Demonio 2,FAMILY,4.1,3654.0,100000.0,25.0,Free,0.0,Teen
El Laberinto del Demonio 3D,FAMILY,4.0,20421.0,1000000.0,31.0,Free,0.0,Teen
El Nuevo Día,NEWS_AND_MAGAZINES,4.1,8011.0,500000.0,13.0,Free,0.0,Everyone 10+
El Pollo Loco - Loco Rewards,FOOD_AND_DRINK,4.0,848.0,100000.0,25.0,Free,0.0,Everyone
Electric Car Charging Points: Ev charger Stations,MAPS_AND_NAVIGATION,4.5,8.0,100.0,8.1,Free,0.0,Everyone
Electric Car Taxi Driver: NY City Cab Taxi Games,FAMILY,4.0,5886.0,1000000.0,54.0,Free,0.0,Everyone
Electrician Calculator Pro,TOOLS,3.9,47.0,1000.0,0.263671875,Paid,14.99,Everyone
Electricity Bill Calculator BD,PRODUCTIVITY,4.3,247.0,10000.0,4.0,Free,0.0,Everyone
Elemental Galaxy Dx - Match3,FAMILY,4.0,127.0,10000.0,14.0,Free,0.0,Everyone
Elemental Knights R Platinum,FAMILY,3.8,2925.0,50000.0,93.0,Paid,4.77,Teen
Elevate - Brain Training Games,EDUCATION,4.5,248912.0,5000000.0,,Free,0.0,Everyone
Elevator Simulator Lift EM ALL,FAMILY,4.4,2941.0,100000.0,28.0,Free,0.0,Teen
Elif Ba - Learn The Holy Quran,FAMILY,4.8,1491.0,50000.0,38.0,Free,0.0,Everyone
Elif Ba Oyunu,TOOLS,3.7,26.0,5000.0,2.2,Free,0.0,Everyone
Elifba Quran Learning Game,FAMILY,4.7,1424.0,100000.0,19.0,Free,0.0,Everyone
Elite Commando Shooting War,GAME,4.5,14.0,100.0,45.0,Free,0.0,Teen
EliteSingles – Dating for Single Professionals,DATING,2.5,5377.0,500000.0,19.0,Free,0.0,Mature 17+
Elkhart County 4-H Fair,FAMILY,3.9,38.0,5000.0,42.0,Free,0.0,Everyone
Elmo Calls by Sesame Street,FAMILY,3.9,6903.0,1000000.0,25.0,Free,0.0,Everyone
Email TypeApp - Mail App,COMMUNICATION,4.6,183374.0,1000000.0,44.0,Free,0.0,Everyone
Emerge EV App (eBike App),LIFESTYLE,3.0,26.0,1000.0,,Free,0.0,Everyone
Emmabodafestivalen,EVENTS,4.8,12.0,1000.0,29.0,Free,0.0,Everyone 10+
Emmanuella Funny Videos 2018,COMICS,4.5,314.0,100000.0,6.1,Free,0.0,Everyone
Emo Ads Blocker Browser,TOOLS,3.4,1555.0,100000.0,4.1,Free,0.0,Everyone
Emoji Android L Keyboard,PRODUCTIVITY,4.0,11535.0,1000000.0,6.8,Free,0.0,Everyone
"Emoji Keyboard - Cute Emoji,GIF, Sticker, Emoticon",PERSONALIZATION,4.7,114851.0,10000000.0,20.0,Free,0.0,Everyone
"Emoji keyboard - Cute Emoticons, GIF, Stickers",TOOLS,4.4,1107320.0,50000000.0,25.0,Free,0.0,Everyone
Empire Z: Endless War,FAMILY,4.2,367951.0,5000000.0,76.0,Free,0.0,Teen
Empires and Allies,FAMILY,4.3,398746.0,10000000.0,,Free,0.0,Everyone 10+
Employ Florida Mobile,BUSINESS,2.9,97.0,10000.0,9.9,Free,0.0,Everyone
EmuBox - Fast Retro Emulator,GAME,3.9,1576.0,50000.0,43.0,Free,0.0,Everyone
Encumbrance Certificate - (Obsolete),BUSINESS,3.9,184.0,50000.0,0.046875,Free,0.0,Everyone
"End Anxiety Pro - Stress, Panic Attack Help",MEDICAL,4.2,33.0,1000.0,53.0,Paid,3.99,Everyone
Endless Ducker,GAME,4.5,8193.0,500000.0,41.0,Free,0.0,Everyone
Endless Numbers,FAMILY,4.4,2952.0,500000.0,37.0,Free,0.0,Everyone
Endomondo - Running & Walking,HEALTH_AND_FITNESS,4.5,559262.0,10000000.0,,Free,0.0,Everyone
Endress+Hauser Operations,BUSINESS,4.5,234.0,10000.0,3.4,Free,0.0,Everyone
Endurance Lifestyle,EVENTS,4.6,7.0,500.0,3.8,Free,0.0,Teen
Energenie EG-PM1W Setup Wizard,TOOLS,3.1,17.0,1000.0,0.5107421875,Free,0.0,Everyone
English Audio Books - Librivox,FAMILY,4.0,10773.0,1000000.0,10.0,Free,0.0,Everyone
English Bite,FAMILY,3.5,268.0,10000.0,9.8,Free,0.0,Everyone
English Communication - Learn English for Chinese (Learn English for Chinese),EDUCATION,4.7,2544.0,100000.0,18.0,Free,0.0,Everyone
English Conversation Courses,FAMILY,4.6,22165.0,1000000.0,6.8,Free,0.0,Everyone
English Dictionary - Offline,BOOKS_AND_REFERENCE,4.4,341234.0,10000000.0,30.0,Free,0.0,Everyone 10+
English Grammar Complete Handbook,BOOKS_AND_REFERENCE,4.6,1435.0,500000.0,2.8,Free,0.0,Everyone
English Grammar Test,FAMILY,4.6,104676.0,5000000.0,2.6,Free,0.0,Everyone
English Hindi Dictionary,BOOKS_AND_REFERENCE,4.4,384368.0,10000000.0,,Free,0.0,Everyone
English Persian Dictionary,BOOKS_AND_REFERENCE,4.5,26875.0,500000.0,73.0,Free,0.0,Everyone
English To Shona Dictionary,BOOKS_AND_REFERENCE,4.6,60.0,10000.0,3.7,Free,0.0,Everyone
English for Everyone,FAMILY,3.2,429.0,10000.0,18.0,Free,0.0,Everyone
English for beginners,EDUCATION,4.6,9321.0,1000000.0,27.0,Free,0.0,Everyone
English in a Month Free,FAMILY,3.8,6577.0,1000000.0,13.0,Free,0.0,Everyone
English speaking texts,EDUCATION,4.4,1619.0,1000000.0,3.0,Free,0.0,Everyone
English to Hindi Dictionary,BOOKS_AND_REFERENCE,4.1,71328.0,5000000.0,11.0,Free,0.0,Everyone
English to Urdu Dictionary,BOOKS_AND_REFERENCE,4.6,4620.0,500000.0,19.0,Free,0.0,Everyone
English translation from Bengali,BOOKS_AND_REFERENCE,4.5,527.0,100000.0,2.9,Free,0.0,Everyone
English with Lingualeo,EDUCATION,4.7,254519.0,5000000.0,27.0,Free,0.0,Everyone
English words application mikan,EDUCATION,4.7,9888.0,500000.0,,Free,0.0,Everyone
English-Myanmar Dictionary,BOOKS_AND_REFERENCE,4.4,8788.0,1000000.0,10.0,Free,0.0,Everyone
Entel,LIFESTYLE,3.2,16168.0,1000000.0,55.0,Free,0.0,Everyone
Episode - Choose Your Story,FAMILY,4.3,1842381.0,50000000.0,,Free,0.0,Teen
Epocrates Plus,MEDICAL,4.3,23889.0,1000000.0,,Free,0.0,Everyone
Epson iPrint,TOOLS,4.1,108169.0,10000000.0,,Free,0.0,Everyone
Epson iProjection,PRODUCTIVITY,3.5,3930.0,1000000.0,18.0,Free,0.0,Everyone
Equestria Amino for MLP,SOCIAL,4.8,8369.0,50000.0,63.0,Free,0.0,Teen
Equestria Girls,FAMILY,4.3,392819.0,10000000.0,53.0,Free,0.0,Everyone
Escape the Prison Room,FAMILY,3.5,113183.0,5000000.0,36.0,Free,0.0,Everyone
Escaping the Prison,FAMILY,4.2,419375.0,10000000.0,31.0,Free,0.0,Everyone 10+
Eshopcy.com.cy,SHOPPING,4.2,182.0,5000.0,4.9,Free,0.0,Everyone
Esporte Interativo - Notícias e Resultados Ao Vivo,SPORTS,4.4,4600.0,500000.0,21.0,Free,0.0,Everyone
Esporte Interativo Plus,SPORTS,3.7,27179.0,1000000.0,20.0,Free,0.0,Everyone
Essential Anatomy 3,MEDICAL,4.1,1533.0,50000.0,42.0,Paid,11.99,Mature 17+
Essential Resources,LIBRARIES_AND_DEMO,4.6,237.0,50000.0,0.00830078125,Free,0.0,Everyone
Esto Es Guerra TVN,FAMILY,4.5,1303.0,100000.0,13.0,Free,0.0,Everyone
Eternal Light AG,SOCIAL,5.0,30.0,100.0,13.0,Free,0.0,Teen
Eternal life,LIBRARIES_AND_DEMO,5.0,26.0,1000.0,2.5,Free,0.0,Everyone
Eternium,FAMILY,4.8,1506783.0,10000000.0,89.0,Free,0.0,Teen
Ethical Hacking,FAMILY,4.1,128.0,10000.0,3.2,Free,0.0,Everyone
Etihad Airways,TRAVEL_AND_LOCAL,4.1,3674.0,500000.0,61.0,Free,0.0,Everyone
Etsy: Handmade & Vintage Goods,SHOPPING,4.3,95520.0,10000000.0,15.0,Free,0.0,Teen
Etta Homes,LIFESTYLE,4.2,220.0,50000.0,15.0,Free,0.0,Everyone
Euro Truck Driver (Simulator),FAMILY,4.4,860078.0,10000000.0,30.0,Free,0.0,Everyone
European Solidarity Corps,SOCIAL,3.6,9.0,1000.0,21.0,Free,0.0,Teen
European Union Simulator,FAMILY,3.6,688.0,50000.0,26.0,Free,0.0,Everyone
European War 5:Empire,FAMILY,3.8,9513.0,100000.0,82.0,Free,0.0,Everyone 10+
European War 6: 1804,FAMILY,4.2,1330.0,10000.0,96.0,Paid,0.99,Teen
Eurosport,SPORTS,4.0,121003.0,10000000.0,,Free,0.0,Everyone
Eurostat Country Profiles,PRODUCTIVITY,3.7,87.0,10000.0,2.0,Free,0.0,Everyone
Ev Dizayn,LIFESTYLE,3.6,30.0,5000.0,5.2,Free,0.0,Everyone
Evasion.bz,SOCIAL,4.1,8.0,100.0,4.4,Free,0.0,Teen
"Eve Period Tracker - Love, Sex & Relationships App",HEALTH_AND_FITNESS,4.6,20326.0,1000000.0,28.0,Free,0.0,Teen
"Even - organize your money, get paid early",FINANCE,4.8,12304.0,100000.0,21.0,Free,0.0,Everyone
Event Manager - AllEvents.in,EVENTS,4.7,120.0,10000.0,5.1,Free,0.0,Everyone
Eventbrite - Discover popular events & nearby fun,FAMILY,4.4,63773.0,5000000.0,8.8,Free,0.0,Everyone
Events High - Meet Your City!,EVENTS,4.2,3200.0,100000.0,,Free,0.0,Everyone 10+
Ever After High™ Charmed Style,FAMILY,3.9,44062.0,1000000.0,54.0,Free,0.0,Everyone
Everbridge,COMMUNICATION,3.1,497.0,100000.0,36.0,Free,0.0,Everyone
Everlance: Free Mileage Log,FINANCE,4.7,7514.0,100000.0,14.0,Free,0.0,Everyone
"Evernote – Organizer, Planner for Notes & Memos",PRODUCTIVITY,4.6,1488397.0,100000000.0,,Free,0.0,Everyone
Evie Launcher,PERSONALIZATION,4.7,139258.0,5000000.0,,Free,0.0,Everyone
Evil Apples: A Dirty Card Game,GAME,4.3,137696.0,5000000.0,55.0,Free,0.0,Mature 17+
Evolution CP,FAMILY,3.6,13.0,500.0,4.7,Free,0.0,Everyone
Evolution CP & IV Calculator for pokemon,FAMILY,4.3,9465.0,500000.0,43.0,Free,0.0,Everyone
Evolution: Battle for Utopia,FAMILY,4.2,246705.0,1000000.0,27.0,Free,0.0,Teen
Evolve CP Calc. for PokemonGo,TOOLS,3.9,116.0,10000.0,3.3,Free,0.0,Everyone
Ex Explorer : Dual view exproler / file manager,TOOLS,3.9,361.0,50000.0,,Free,0.0,Everyone
Ex Quotes,LIFESTYLE,4.4,129.0,50000.0,8.1,Free,0.0,Everyone 10+
Ex Service Taxis,BUSINESS,3.5,15.0,1000.0,8.0,Free,0.0,Everyone
ExDialer - Dialer & Contacts,COMMUNICATION,4.2,125232.0,10000000.0,2.7,Free,0.0,Everyone
ExDialer PRO Key,COMMUNICATION,4.5,5474.0,100000.0,0.0166015625,Paid,3.99,Everyone
Exam Result BD,FAMILY,5.0,2.0,500.0,2.6,Free,0.0,Everyone
Exchange Bank - EB Mobile,FINANCE,4.6,8.0,1000.0,31.0,Free,0.0,Everyone
Exiled Kingdoms RPG,FAMILY,4.6,49210.0,1000000.0,99.0,Free,0.0,Everyone 10+
"Expedia Hotels, Flights & Car Rental Travel Deals",TRAVEL_AND_LOCAL,4.1,136633.0,10000000.0,14.0,Free,0.0,Everyone
Expense IQ Money Manager,FINANCE,4.4,21570.0,1000000.0,27.0,Free,0.0,Everyone
Experian - Free Credit Report,FINANCE,4.6,23130.0,1000000.0,46.0,Free,0.0,Everyone
Experiment Z - Zombie,GAME,4.0,229329.0,10000000.0,88.0,Free,0.0,Mature 17+
Expert C Programming - Learn C Coding Easily,FAMILY,4.4,77.0,5000.0,6.9,Free,0.0,Everyone
Explore British Columbia - BC Travel Guide,TRAVEL_AND_LOCAL,4.4,7.0,500.0,17.0,Free,0.0,Everyone
Explore Sedona & Northern AZ,TRAVEL_AND_LOCAL,3.8,43.0,10000.0,22.0,Free,0.0,Everyone
Exposure Ed,MEDICAL,3.0,2.0,500.0,16.0,Free,0.0,Everyone
Extreme Car Driving Simulator,GAME,4.3,2251012.0,100000000.0,52.0,Free,0.0,Everyone
Extreme Coupon Finder,SHOPPING,4.1,11798.0,1000000.0,,Free,0.0,Everyone
Extreme Match,GAME,4.5,696.0,100000.0,,Free,0.0,Everyone
Extreme Motorbike Jump 3D,FAMILY,4.0,94308.0,10000000.0,79.0,Free,0.0,Everyone
Extreme Racing 2 - Real driving RC cars game!,FAMILY,4.3,4207.0,500000.0,93.0,Free,0.0,Everyone
Extreme Rally Championship,AUTO_AND_VEHICLES,4.2,129.0,100000.0,54.0,Free,0.0,Everyone
Extreme Super Car Driving 3D,GAME,3.9,23104.0,1000000.0,48.0,Free,0.0,Everyone
Extreme X Ray Robot Stunts,GAME,4.3,10806.0,5000000.0,49.0,Free,0.0,Everyone
Extreme- Personal Voice Assistant,PRODUCTIVITY,4.4,25627.0,1000000.0,9.8,Free,0.0,Everyone
Exército Brasileiro,PRODUCTIVITY,4.7,1730.0,100000.0,16.0,Free,0.0,Everyone
Ey Sey Storytime រឿងនិទានតាឥសី,FAMILY,4.7,1327.0,10000.0,44.0,Free,0.0,Everyone
Eye Transplant : ER Emergency Hospital,FAMILY,3.9,1938.0,1000000.0,62.0,Free,0.0,Teen
EyeCloud,LIBRARIES_AND_DEMO,3.1,1267.0,100000.0,55.0,Free,0.0,Everyone
EyeEm - Camera & Photo Filter,PHOTOGRAPHY,4.2,215343.0,10000000.0,44.0,Free,0.0,Everyone
Eyeliner step by step 2018,BEAUTY,4.3,18.0,5000.0,3.2,Free,0.0,Everyone
Eyes - The Scary Horror Game Adventure,GAME,4.4,499483.0,10000000.0,99.0,Free,0.0,Teen
Eyes Makeup Beauty Tips,BEAUTY,4.2,30.0,10000.0,2.9,Free,0.0,Everyone
Eyewitness Travel Phrase Book,FAMILY,3.8,10.0,1000.0,25.0,Free,0.0,Everyone
Ez Mirror Match,GAME,4.4,3344.0,500000.0,36.0,Free,0.0,Everyone
Ez Screen Recorder (no ad),VIDEO_PLAYERS,4.7,8696.0,100000.0,14.0,Free,0.0,Everyone
Ez Texting,BUSINESS,3.3,49.0,10000.0,0.0498046875,Free,0.0,Everyone
Ez iCam,PHOTOGRAPHY,3.1,7300.0,1000000.0,46.0,Free,0.0,Teen
EzCalculator,TOOLS,4.1,1657.0,100000.0,2.0,Free,0.0,Everyone
F & M Mobile Banking,FINANCE,4.0,43.0,5000.0,13.0,Free,0.0,Everyone
F N Bail Bonds,LIFESTYLE,3.8,4.0,500.0,14.0,Free,0.0,Everyone
F&M Bank - EZ Banking,FINANCE,3.9,49.0,10000.0,3.9,Free,0.0,Everyone
F*ck This Game,GAME,4.6,8.0,100.0,6.3,Paid,0.99,Teen
F-Gas Solutions,BUSINESS,4.2,127.0,10000.0,1.4,Free,0.0,Everyone
F-Secure AV Test,TOOLS,4.5,1250.0,50000.0,0.2353515625,Free,0.0,Everyone
F-Secure Freedome for Business,BUSINESS,3.8,183.0,50000.0,9.9,Free,0.0,Everyone
F-Secure KEY Password manager,TOOLS,4.2,2588.0,100000.0,7.6,Free,0.0,Everyone
F-Secure Mobile Security,TOOLS,4.2,13096.0,500000.0,9.2,Free,0.0,Everyone
F-Secure SAFE,TOOLS,4.3,9433.0,500000.0,9.3,Free,0.0,Everyone
F-Secure SENSE,TOOLS,4.6,57.0,5000.0,13.0,Free,0.0,Everyone
F-Sim Space Shuttle,FAMILY,4.4,5427.0,100000.0,,Paid,4.99,Everyone
F-Stop Gallery,PHOTOGRAPHY,4.2,12726.0,1000000.0,15.0,Free,0.0,Everyone
F-Stop Gallery Pro,PHOTOGRAPHY,4.4,1302.0,10000.0,0.056640625,Paid,4.99,Everyone
F05WatchFace for Android Wear,PRODUCTIVITY,3.9,127.0,1000.0,5.9,Paid,0.99,Everyone
FA Part 1 & 2 Past Papers Solved Free – Offline,BOOKS_AND_REFERENCE,3.9,46.0,5000.0,3.0,Free,0.0,Everyone
FA Player Essentials,SPORTS,5.0,7.0,100.0,68.0,Free,0.0,Everyone
FANDOM for: DC,FAMILY,4.4,6715.0,500000.0,9.5,Free,0.0,Mature 17+
FANDOM for: GTA,FAMILY,3.9,39038.0,5000000.0,9.5,Free,0.0,Mature 17+
FANDOM: Arrow and The Flash,FAMILY,4.5,3935.0,100000.0,9.5,Free,0.0,Mature 17+
FAST EO,EVENTS,5.0,1.0,10.0,,Free,0.0,Everyone
FAV KWGT,PERSONALIZATION,4.9,88.0,1000.0,66.0,Paid,0.99,Everyone
FB Live,BUSINESS,3.7,27.0,5000.0,18.0,Free,0.0,Everyone
FB Photographie,PHOTOGRAPHY,4.7,37.0,1000.0,10.0,Free,0.0,Everyone
FBReader: Favorite Book Reader,BOOKS_AND_REFERENCE,4.5,203130.0,10000000.0,,Free,0.0,Everyone
FC BARCELONA EVENTS,SPORTS,4.3,6.0,100.0,11.0,Free,0.0,Everyone
FC Barcelona Fantasy Manager: Real football mobile,SPORTS,4.4,15221.0,1000000.0,30.0,Free,0.0,Everyone
FC Barcelona Official App,SPORTS,4.6,92522.0,5000000.0,56.0,Free,0.0,Everyone
FC Barcelona Official Keyboard,SPORTS,4.7,5229.0,500000.0,20.0,Free,0.0,Everyone
FC Bayern Munich,SPORTS,4.6,37140.0,1000000.0,71.0,Free,0.0,Everyone
FC Browser - Focus Privacy Browser,COMMUNICATION,4.1,26.0,1000.0,4.6,Free,0.0,Everyone
FC Porto,SPORTS,4.9,15883.0,100000.0,21.0,Free,0.0,Everyone
FC Red Bull Salzburg App,SPORTS,4.5,1526.0,50000.0,89.0,Free,0.0,Everyone
FC Zenit official Android app,SPORTS,4.5,5675.0,100000.0,49.0,Free,0.0,Everyone
FCB Connect - FC Barcelona,SOCIAL,4.5,795.0,50000.0,21.0,Free,0.0,Teen
"FD Calculator (EMI, SIP, RD & Loan Eligilibility)",FINANCE,5.0,104.0,1000.0,2.3,Free,0.0,Everyone
FD Calculator | Term Deposit | Fixed Deposit,FINANCE,4.8,12.0,1000.0,2.7,Free,0.0,Everyone
FD Community FCU Mobile,FINANCE,4.7,175.0,1000.0,12.0,Free,0.0,Everyone
FD Interest Calculator,FINANCE,4.2,17.0,5000.0,4.7,Free,0.0,Everyone
FD Mobile,FAMILY,3.9,53.0,5000.0,7.9,Free,0.0,Everyone
FD Shift Calendar Widget,TOOLS,4.1,981.0,100000.0,0.0712890625,Free,0.0,Everyone
FD VR - Virtual 3D Web Browser,FAMILY,3.8,729.0,100000.0,30.0,Free,0.0,Everyone
FD VR - Virtual App Launcher,LIBRARIES_AND_DEMO,4.1,1463.0,100000.0,7.4,Free,0.0,Everyone
FD VR - Virtual Photo Gallery,FAMILY,3.5,179.0,10000.0,7.4,Free,0.0,Everyone
FD VR - Virtual Reality Camera,FAMILY,4.0,1007.0,100000.0,7.4,Free,0.0,Everyone
FD VR Cardboard Featured 360 Videos,FAMILY,4.2,76.0,10000.0,35.0,Free,0.0,Everyone
FD VR Music Videos - MTV Pop and Rap in 360,FAMILY,4.9,15.0,1000.0,26.0,Free,0.0,Everyone
FD VR Player - for 360 Youtube,FAMILY,3.9,100.0,10000.0,9.1,Free,0.0,Everyone
FD VR Player - for Youtube 3D,FAMILY,4.0,2378.0,500000.0,9.1,Free,0.0,Everyone
FD VR Store -VR Games and Apps,FAMILY,4.0,105.0,10000.0,7.5,Free,0.0,Everyone
FD VR Theater - for Youtube VR,FAMILY,4.1,4585.0,1000000.0,9.1,Free,0.0,Everyone
FD VR Video Player - (Stored),FAMILY,3.9,751.0,100000.0,17.0,Free,0.0,Everyone
FD e-paper,NEWS_AND_MAGAZINES,3.1,183.0,10000.0,7.1,Free,0.0,Everyone
FE CPS,FINANCE,3.0,62.0,10000.0,17.0,Free,0.0,Everyone
FE CREDIT - TET VUI,FINANCE,4.1,125.0,50000.0,15.0,Free,0.0,Everyone
FE Civil Engineering Exam Prep,FAMILY,2.8,9.0,1000.0,21.0,Free,0.0,Everyone
FE Connect,TOOLS,4.8,24.0,5000.0,4.5,Free,0.0,Everyone
FE Mechanical Engineering Prep,FAMILY,1.0,2.0,1000.0,21.0,Free,0.0,Everyone
FE Mobile,BUSINESS,3.0,2.0,10.0,8.0,Free,0.0,Everyone
"FEABIE: Feedees, BBW, BHM & FA",DATING,3.7,1212.0,100000.0,,Free,0.0,Mature 17+
FERZU - Furries Social Network,DATING,3.9,1576.0,10000.0,,Free,0.0,Mature 17+
FG Mobile,FAMILY,3.3,130.0,5000.0,13.0,Free,0.0,Everyone
FG On-The-Go,TOOLS,4.9,55.0,1000.0,25.0,Free,0.0,Everyone
FG VOC,BUSINESS,4.8,6.0,1000.0,7.7,Free,0.0,Everyone
FH App,BUSINESS,4.9,27.0,100.0,6.0,Free,0.0,Everyone
FH School,FAMILY,5.0,4.0,100.0,5.8,Free,0.0,Everyone
FH WiFiCam,PHOTOGRAPHY,2.6,201.0,10000.0,2.5,Free,0.0,Everyone
FHR 5-Tier 2.0,MEDICAL,5.0,2.0,500.0,1.2,Paid,2.99,Everyone
FH® Cost Lookup / FH® CCSalud,MEDICAL,4.5,30.0,1000.0,4.1,Free,0.0,Everyone
FI CFL,FINANCE,3.7,112.0,10000.0,3.9,Free,0.0,Everyone
"FIFA - Tournaments, Soccer News & Live Scores",SPORTS,4.2,342912.0,10000000.0,6.0,Free,0.0,Everyone
FIFA 16 Soccer,SPORTS,4.1,820577.0,10000000.0,30.0,Free,0.0,Everyone
FIFA Soccer,SPORTS,4.2,3909032.0,100000000.0,51.0,Free,0.0,Everyone
FILL EC,BUSINESS,4.1,13.0,100.0,3.8,Free,0.0,Everyone
FINAL FANTASY BRAVE EXVIUS,GAME,4.6,745684.0,5000000.0,83.0,Free,0.0,Teen
FINAL FANTASY DIMENSIONS,FAMILY,4.3,8450.0,100000.0,1.1,Paid,13.99,Everyone
FINAL FANTASY V,FAMILY,4.5,15924.0,100000.0,4.2,Paid,7.99,Teen
FJ 4x4 Cruiser Offroad Driving,FAMILY,4.1,3543.0,500000.0,49.0,Free,0.0,Everyone
FJ 4x4 Cruiser Snow Driving,FAMILY,4.2,1619.0,500000.0,43.0,Free,0.0,Everyone
FJ Drive: Mercedes-Benz Lease,AUTO_AND_VEHICLES,4.6,107.0,10000.0,27.0,Free,0.0,Everyone
"FJ Final Join , Circles Game",GAME,4.7,32.0,1000.0,24.0,Free,0.0,Teen
FK,MEDICAL,4.4,1517.0,100000.0,8.5,Free,0.0,Everyone
FK Atlantas,SPORTS,1.5,2.0,5.0,26.0,Free,0.0,Everyone
FK CLASSIC FOR YOU,BUSINESS,5.0,1.0,10.0,3.5,Free,0.0,Everyone
FK Crvena Zvezda Izzy,TOOLS,4.8,1456.0,50000.0,15.0,Free,0.0,Everyone
FK Crvena zvezda,SPORTS,4.9,1211.0,10000.0,15.0,Free,0.0,Everyone
FK Dedinje BGD,SPORTS,5.0,36.0,100.0,2.6,Free,0.0,Everyone
FK Željezničar,SPORTS,4.9,1420.0,10000.0,20.0,Free,0.0,Everyone
FK Željezničar Izzy,FAMILY,4.9,119.0,1000.0,17.0,Free,0.0,Everyone
FL Drone 2,PHOTOGRAPHY,3.3,41.0,5000.0,7.8,Free,0.0,Everyone
FL House,PRODUCTIVITY,4.4,29.0,1000.0,,Free,0.0,Everyone
FL Lottery Results,FAMILY,4.6,1481.0,50000.0,3.1,Free,0.0,Teen
FL Racing Manager 2015 Pro,SPORTS,4.4,656.0,5000.0,22.0,Paid,0.99,Everyone
FL Racing Manager 2018 Lite,SPORTS,4.0,1338.0,100000.0,15.0,Free,0.0,Everyone
FL Racing Manager 2018 Pro,SPORTS,4.3,340.0,5000.0,15.0,Paid,1.99,Everyone
FL SW Fishing Regulations,SPORTS,4.6,60.0,1000.0,24.0,Paid,1.99,Everyone
FL State Parks Guide,TRAVEL_AND_LOCAL,3.7,871.0,100000.0,45.0,Free,0.0,Everyone
FL Tax-Verify,BUSINESS,3.8,17.0,5000.0,6.1,Free,0.0,Everyone
FML F*ck my life + widget,FAMILY,4.2,1415.0,100000.0,0.2041015625,Free,0.0,Everyone
FN,BUSINESS,5.0,14.0,50.0,3.3,Free,0.0,Everyone
FN Cam,PHOTOGRAPHY,3.4,181.0,10000.0,10.0,Free,0.0,Everyone
FO Bixby,PERSONALIZATION,5.0,5.0,100.0,0.8408203125,Paid,0.99,Everyone
FORUM Credit Union CU Online,FINANCE,4.1,196.0,10000.0,7.3,Free,0.0,Everyone
FOSSIL Q: DESIGN YOUR DIAL,LIFESTYLE,4.3,985.0,500000.0,16.0,Free,0.0,Everyone
FOX,ENTERTAINMENT,3.7,197774.0,10000000.0,44.0,Free,0.0,Mature 17+
FOX 5 DC,NEWS_AND_MAGAZINES,4.5,1440.0,100000.0,12.0,Free,0.0,Everyone
FOX NOW - On Demand & Live TV,ENTERTAINMENT,3.9,60841.0,5000000.0,,Free,0.0,Teen
"FOX Sports: Live Streaming, Scores & News",SPORTS,4.0,28895.0,5000000.0,82.0,Free,0.0,Teen
FP BW LCD View,FAMILY,3.4,16.0,500.0,1.2,Free,0.0,Everyone
FP Charging Daydream,PERSONALIZATION,3.5,96.0,5000.0,3.8,Free,0.0,Everyone
FP Click sound changer,PERSONALIZATION,3.5,178.0,10000.0,1.4,Free,0.0,Everyone
FP FCU,FINANCE,3.6,48.0,5000.0,26.0,Free,0.0,Everyone
FP Legacy,MAPS_AND_NAVIGATION,4.0,3.0,1000.0,44.0,Free,0.0,Everyone
FP Notebook,MEDICAL,4.5,410.0,50000.0,60.0,Free,0.0,Everyone
FP Runner,GAME,3.7,38.0,1000.0,29.0,Free,0.0,Everyone
FP Разбитый дисплей,FAMILY,4.5,922.0,50000.0,0.5390625,Free,0.0,Everyone
FQ METER,PRODUCTIVITY,3.9,17.0,1000.0,2.4,Free,0.0,Everyone
FR Calculator,FAMILY,4.0,7.0,500.0,2.6,Free,0.0,Everyone
FR Roster,TOOLS,4.1,174.0,5000.0,12.0,Free,0.0,Everyone
FR Tides,WEATHER,3.8,1195.0,100000.0,0.568359375,Free,0.0,Everyone
FR: My Famous Lover,FAMILY,4.0,185.0,10000.0,28.0,Free,0.0,Teen
FR: My Secret Pets! ,FAMILY,4.0,785.0,50000.0,31.0,Free,0.0,Teen
FRANCE 24,NEWS_AND_MAGAZINES,4.3,47069.0,5000000.0,,Free,0.0,Everyone 10+
FREE LIVE TALK,DATING,4.9,776.0,5000.0,4.9,Free,0.0,Mature 17+
FREE Stock Market Trading Tips,FINANCE,3.9,714.0,50000.0,3.6,Free,0.0,Everyone
FREE VIDEO CHAT - LIVE VIDEO AND TEXT CHAT,DATING,4.8,84.0,1000.0,4.5,Free,0.0,Mature 17+
FREEDOME VPN Unlimited anonymous Wifi Security,TOOLS,4.3,39833.0,1000000.0,9.9,Free,0.0,Everyone
FRONTLINE COMMANDO,GAME,4.4,1351833.0,10000000.0,12.0,Free,0.0,Teen
FRONTLINE COMMANDO: D-DAY,GAME,4.5,1736105.0,10000000.0,14.0,Free,0.0,Mature 17+
"FUN Keyboard – Emoji Keyboard, Sticker,Theme & GIF",PERSONALIZATION,4.7,12089.0,500000.0,27.0,Free,0.0,Everyone
FVD - Free Video Downloader,TOOLS,4.0,327914.0,10000000.0,,Free,0.0,Everyone
FVD Ad-Free,TOOLS,4.4,1774.0,10000.0,4.1,Paid,1.99,Everyone
FX LITE BO,FINANCE,3.6,73.0,10000.0,14.0,Free,0.0,Everyone
"FXNOW: Movies, Shows & Live TV",FAMILY,3.9,31552.0,1000000.0,,Free,0.0,Teen
FaFaFa™ Gold Casino: Free slot machines,GAME,4.3,11051.0,1000000.0,44.0,Free,0.0,Teen
"Fabulous: Motivate Me! Meditate, Relax, Sleep",HEALTH_AND_FITNESS,4.6,205299.0,5000000.0,31.0,Free,0.0,Everyone
"Face Filter, Selfie Editor - Sweet Camera",PHOTOGRAPHY,4.7,142758.0,10000000.0,22.0,Free,0.0,Everyone
FaceApp,PHOTOGRAPHY,4.4,346681.0,10000000.0,7.1,Free,0.0,Everyone
FaceQ,FAMILY,4.4,591411.0,10000000.0,19.0,Free,0.0,Teen
Facebook,SOCIAL,4.1,78158306.0,1000000000.0,,Free,0.0,Teen
Facebook Ads Manager,BUSINESS,4.1,19051.0,1000000.0,,Free,0.0,Everyone
Facebook Creator,SOCIAL,4.2,3895.0,1000000.0,,Free,0.0,Teen
Facebook Face to Face Events,BUSINESS,4.4,4518.0,1000000.0,26.0,Free,0.0,Everyone
Facebook Lite,SOCIAL,4.3,8606259.0,500000000.0,,Free,0.0,Teen
Facebook Local,SOCIAL,4.2,4751.0,1000000.0,,Free,0.0,Teen
Facebook Pages Manager,BUSINESS,4.0,1279800.0,50000000.0,,Free,0.0,Everyone
Facejjang,PHOTOGRAPHY,4.1,100179.0,10000000.0,96.0,Free,0.0,Everyone
Faceoff DP Battle App,FAMILY,4.8,38.0,1000.0,6.7,Free,0.0,Everyone
Facetune - For Free,PHOTOGRAPHY,4.4,49553.0,1000000.0,48.0,Paid,5.99,Everyone
Facial Wrinkle Reduction,BEAUTY,4.6,184.0,10000.0,21.0,Free,0.0,Everyone
Fairy Kingdom: World of Magic and Farming,FAMILY,4.4,129542.0,1000000.0,63.0,Free,0.0,Everyone
Fake Call - Fake Caller ID,PRODUCTIVITY,4.3,154668.0,10000000.0,,Free,0.0,Everyone
Fake Call From Wengie Prank,FAMILY,3.5,352.0,50000.0,3.8,Free,0.0,Everyone
Fake Chat (Direct Message),SOCIAL,4.4,5985.0,500000.0,5.9,Free,0.0,Everyone
Faketalk - Chatbot,GAME,4.2,63056.0,1000000.0,8.1,Free,0.0,Teen
Fallout Shelter,FAMILY,4.6,2721923.0,10000000.0,25.0,Free,0.0,Teen
"Fame Boom for Real Followers, Likes",SOCIAL,4.7,896118.0,5000000.0,6.6,Free,0.0,Everyone
Familial Hypercholesterolaemia Handbook,MEDICAL,1.0,2.0,100.0,33.0,Free,0.0,Everyone
Family Album Mitene: Private Photo & Video Sharing,PARENTING,4.7,34336.0,1000000.0,,Free,0.0,Everyone
Family Dollar,SHOPPING,4.3,2588.0,1000000.0,21.0,Free,0.0,Everyone
Family GPS Tracker and Chat + Baby Monitor Online,PARENTING,4.4,9073.0,500000.0,,Free,0.0,Everyone
Family GPS tracker KidControl + GPS by SMS Locator,SOCIAL,4.5,57146.0,1000000.0,,Free,0.0,Everyone
Family Guy The Quest for Stuff,GAME,4.0,995002.0,10000000.0,,Free,0.0,Mature 17+
Family Guy- Another Freakin' Mobile Game,FAMILY,4.5,221691.0,5000000.0,94.0,Free,0.0,Teen
Family Locator - GPS Tracker,LIFESTYLE,4.4,726074.0,10000000.0,45.0,Free,0.0,Everyone
Family Savings CU Mobile,FINANCE,4.3,323.0,10000.0,17.0,Free,0.0,Everyone
Family convenience store FamilyMart,LIFESTYLE,3.3,9663.0,1000000.0,19.0,Free,0.0,Everyone
FamilySearch Tree,BOOKS_AND_REFERENCE,4.3,17506.0,1000000.0,17.0,Free,0.0,Everyone
Familyfirst Messenger,MEDICAL,4.0,1.0,10.0,3.3,Free,0.0,Everyone
Fan App for Portsmouth FC,SPORTS,4.5,53.0,1000.0,12.0,Free,0.0,Teen
Fan App for Reading FC,SPORTS,3.6,9.0,500.0,13.0,Free,0.0,Teen
FanDuel: Daily Fantasy Sports,SPORTS,4.6,29673.0,1000000.0,57.0,Free,0.0,Mature 17+
Fancy,SHOPPING,4.2,39735.0,5000000.0,18.0,Free,0.0,Teen
Fancy Pants Adventures,GAME,4.7,55952.0,1000000.0,61.0,Free,0.0,Everyone 10+
Fancy Widgets,PERSONALIZATION,4.2,37237.0,5000000.0,3.9,Free,0.0,Everyone
Fandango Movies - Times + Tickets,ENTERTAINMENT,4.6,243747.0,10000000.0,,Free,0.0,Teen
Fandom: Five Nights at Freddys,FAMILY,4.4,17945.0,1000000.0,9.5,Free,0.0,Mature 17+
Fanfic-FR,BOOKS_AND_REFERENCE,3.3,52.0,5000.0,3.6,Free,0.0,Teen
Fantastic Chefs: Match 'n Cook,FAMILY,4.7,8600.0,500000.0,91.0,Free,0.0,Everyone
Fantasy Football,SPORTS,3.5,50179.0,1000000.0,23.0,Free,0.0,Everyone
Fantasy Football & NFL News,SPORTS,4.5,2943.0,100000.0,8.1,Free,0.0,Everyone
Fantasy Football Manager (FPL),SPORTS,4.4,63650.0,1000000.0,4.6,Free,0.0,Everyone
Fantasy Squad W,FAMILY,4.3,2142.0,50000.0,47.0,Free,0.0,Everyone 10+
Fantasy theme dark bw black building,ART_AND_DESIGN,4.8,41.0,5000.0,1.9,Free,0.0,Everyone
Farm Fruit Pop: Party Time,GAME,4.4,9305.0,1000000.0,14.0,Free,0.0,Everyone
Farm Heroes Saga,FAMILY,4.4,7615646.0,100000000.0,71.0,Free,0.0,Everyone
FarmersOnly Dating,DATING,3.0,1146.0,100000.0,1.4,Free,0.0,Mature 17+
Farming Simulator 14,FAMILY,4.5,530904.0,10000000.0,51.0,Free,0.0,Everyone
Farming Simulator 16,FAMILY,4.2,32812.0,500000.0,14.0,Paid,2.99,Everyone
Farming Simulator 18,GAME,4.5,18125.0,100000.0,15.0,Paid,4.99,Everyone
Farsi Keyboard,TOOLS,4.3,9716.0,1000000.0,1.3,Free,0.0,Everyone
Fart sound pranks,FAMILY,3.8,283823.0,50000000.0,,Free,0.0,Everyone 10+
Fashion Girls Dress up Makeup,FAMILY,4.4,115.0,10000.0,31.0,Free,0.0,Everyone
Fashion Pony Girls Dress Up Makeup Game,FAMILY,4.5,256.0,10000.0,30.0,Free,0.0,Everyone
Fashion in Vogue,LIFESTYLE,3.8,1797.0,100000.0,6.8,Free,0.0,Everyone
Fast Download Manager,TOOLS,4.0,18478.0,1000000.0,1.7,Free,0.0,Everyone
Fast Motorcycle Driver 2016,GAME,4.2,28151.0,1000000.0,49.0,Free,0.0,Everyone 10+
Fast News,NEWS_AND_MAGAZINES,4.4,84957.0,1000000.0,,Free,0.0,Everyone 10+
Fast Notes FJ,PRODUCTIVITY,4.2,12.0,500.0,2.2,Free,0.0,Everyone
Fast Racing Car Simulator,GAME,3.8,8482.0,1000000.0,45.0,Free,0.0,Everyone
Fast Scanner : Free PDF Scan,BUSINESS,4.5,103755.0,10000000.0,14.0,Free,0.0,Everyone
Fast Secure VPN,TOOLS,4.3,56848.0,1000000.0,9.6,Free,0.0,Everyone
Fast Tract Diet,HEALTH_AND_FITNESS,4.4,35.0,1000.0,2.4,Paid,7.99,Everyone
Fast like a Fox,GAME,4.3,104389.0,5000000.0,12.0,Free,0.0,Everyone
"FastMeet: Chat, Dating, Love",DATING,4.2,22545.0,1000000.0,5.9,Free,0.0,Mature 17+
Faster Social for Facebook,SOCIAL,4.2,1236.0,100000.0,3.3,Free,0.0,Teen
Faster for Facebook Lite,SOCIAL,4.3,24456.0,1000000.0,4.6,Free,0.0,Teen
Fat Burning Workout - Home Weight lose,HEALTH_AND_FITNESS,4.5,706.0,100000.0,9.4,Free,0.0,Everyone
Fat No More - Be the Biggest Loser in the Gym!,FAMILY,3.8,48545.0,1000000.0,38.0,Free,0.0,Everyone
Fatal Raid - No.1 Mobile FPS,GAME,4.3,56496.0,1000000.0,81.0,Free,0.0,Teen
Fate GO Ap Counter,TOOLS,4.6,70.0,1000.0,3.2,Free,0.0,Everyone
Fate/Grand Order (English),GAME,4.4,16601.0,500000.0,55.0,Free,0.0,Teen
Faustop Sounds,COMICS,4.7,1677.0,100000.0,40.0,Free,0.0,Everyone
Favorite children's songs,PARENTING,4.7,39.0,10000.0,95.0,Free,0.0,Everyone
Fayr - Co-Parenting Simplified,PRODUCTIVITY,3.5,16.0,1000.0,21.0,Free,0.0,Everyone
FeaturePoints: Free Gift Cards,FAMILY,3.9,121321.0,5000000.0,46.0,Free,0.0,Everyone
Feed Baby - Baby Tracker,PARENTING,4.5,76795.0,1000000.0,18.0,Free,0.0,Everyone
Feeder.co,NEWS_AND_MAGAZINES,3.2,77.0,5000.0,11.0,Free,0.0,Everyone
Feel Performer,COMMUNICATION,2.2,62.0,10000.0,34.0,Free,0.0,Everyone
Female Daily,BEAUTY,3.9,4354.0,100000.0,42.0,Free,0.0,Teen
Fernanfloo,GAME,4.8,526595.0,10000000.0,49.0,Free,0.0,Everyone 10+
Fertility Friend Ovulation App,HEALTH_AND_FITNESS,4.5,12955.0,1000000.0,7.2,Free,0.0,Teen
Fertilizer Removal By Crop,BOOKS_AND_REFERENCE,4.1,295.0,50000.0,6.9,Free,0.0,Everyone
Fever,EVENTS,4.0,20611.0,1000000.0,12.0,Free,0.0,Teen
Fever Care,MEDICAL,3.5,19.0,5000.0,2.2,Free,0.0,Everyone
Fever Meter,MEDICAL,3.6,26.0,5000.0,0.9521484375,Free,0.0,Everyone
FiSwitch,TOOLS,4.8,615.0,10000.0,2.0,Paid,1.99,Everyone
FidMe Loyalty Cards & Deals at Grocery Supermarket,SHOPPING,4.2,33758.0,1000000.0,,Free,0.0,Everyone
Fidget Spinner,GAME,4.2,307398.0,10000000.0,9.9,Free,0.0,Everyone
Field Goal Tournament,SPORTS,3.7,2980.0,100000.0,21.0,Free,0.0,Everyone
Fields of Battle,GAME,4.1,71476.0,1000000.0,50.0,Free,0.0,Everyone 10+
"Fiesta by Tango - Find, Meet and Make New Friends",SOCIAL,4.3,112223.0,1000000.0,34.0,Free,0.0,Mature 17+
Fifa World Cup 2018: Photo Frame Editor & DP Maker,PHOTOGRAPHY,4.6,666.0,100000.0,8.7,Free,0.0,Everyone
Fifth Edition DM Tools,FAMILY,4.1,942.0,100000.0,3.0,Free,0.0,Everyone
Figment AR,FAMILY,3.7,22.0,5000.0,90.0,Free,0.0,Everyone
File Browser by Astro (File Manager),PRODUCTIVITY,4.3,609182.0,50000000.0,9.2,Free,0.0,Everyone
File Commander - File Manager/Explorer,BUSINESS,4.3,758590.0,100000000.0,12.0,Free,0.0,Everyone
File Ex - ES File Explorer,TOOLS,4.2,24.0,1000.0,5.0,Free,0.0,Everyone
File Explorer,PRODUCTIVITY,4.1,979.0,100000.0,0.703125,Free,0.0,Everyone
File Manager,TOOLS,4.6,739329.0,50000000.0,,Free,0.0,Everyone
File Manager -- Take Command of Your Files Easily,TOOLS,4.2,127223.0,10000000.0,7.6,Free,0.0,Everyone
File Manager by Xiaomi: release file storage space,TOOLS,4.8,337532.0,10000000.0,15.0,Free,0.0,Everyone
File Viewer for Android,TOOLS,4.1,7063.0,1000000.0,,Free,0.0,Everyone
Files Go by Google: Free up space on your phone,TOOLS,4.6,315585.0,10000000.0,8.5,Free,0.0,Everyone
Files To SD Card Pro,TOOLS,4.2,994.0,100000.0,2.8,Free,0.0,Everyone
Fill 'er Up,TRAVEL_AND_LOCAL,3.2,58.0,5000.0,0.017578125,Free,0.0,Everyone
Filmi Gaane,FAMILY,4.4,572.0,100000.0,,Free,0.0,Everyone
FilmoraGo - Free Video Editor,VIDEO_PLAYERS,4.4,238459.0,10000000.0,35.0,Free,0.0,Everyone
FilterGrid - Cam&Photo Editor,PHOTOGRAPHY,4.6,126338.0,1000000.0,9.6,Free,0.0,Everyone
Filters for B Live,BEAUTY,4.4,2280.0,500000.0,24.0,Free,0.0,Everyone
Filters for Selfie,BEAUTY,4.3,8572.0,1000000.0,25.0,Free,0.0,Everyone
Final Fantasy XV: A New Empire,GAME,4.0,484981.0,10000000.0,,Free,0.0,Everyone 10+
Financial Calculator BA Chien.,FINANCE,4.2,23.0,500.0,0.931640625,Paid,3.99,Everyone
Financial Calculator India,FINANCE,4.6,13819.0,1000000.0,3.9,Free,0.0,Everyone
Financial Calculator Pro EF,FINANCE,4.3,634.0,50000.0,2.0,Free,0.0,Everyone
Financial Times,NEWS_AND_MAGAZINES,4.2,27104.0,1000000.0,8.2,Free,0.0,Everyone 10+
Find Dining Restaurant Finder,TRAVEL_AND_LOCAL,4.1,427.0,100000.0,26.0,Free,0.0,Everyone
Find Fast Food,SHOPPING,3.3,272.0,100000.0,0.7666015625,Free,0.0,Everyone
Find My Friends,SOCIAL,4.2,305367.0,10000000.0,46.0,Free,0.0,Everyone
Find Real Love — YouLove Premium Dating,DATING,4.5,212626.0,10000000.0,11.0,Free,0.0,Mature 17+
Find a Way: Addictive Puzzle,FAMILY,4.8,39480.0,500000.0,14.0,Free,0.0,Everyone
Find&Save - Local Shopping,SHOPPING,4.0,4602.0,500000.0,6.2,Free,0.0,Everyone
FindLoving,DATING,3.8,24.0,1000.0,19.0,Free,0.0,Mature 17+
FindShip,MAPS_AND_NAVIGATION,4.2,23279.0,1000000.0,8.5,Free,0.0,Everyone
"Fines of the State Traffic Safety Inspectorate are official: inspection, payment of fines",AUTO_AND_VEHICLES,4.8,116986.0,5000000.0,35.0,Free,0.0,Everyone
Finger Scanner Gestures,TOOLS,4.2,2531.0,100000.0,3.3,Free,0.0,Everyone
Fingerprint Lock Screen Prank,TOOLS,4.1,10786.0,1000000.0,4.3,Free,0.0,Everyone
Fingerprint Quick Action,TOOLS,4.2,8484.0,1000000.0,1.7,Free,0.0,Everyone
Fire Emblem Heroes,FAMILY,4.6,407694.0,5000000.0,,Free,0.0,Teen
Firefighters First CU,FINANCE,4.8,495.0,5000.0,12.0,Free,0.0,Everyone
Firefox Browser fast & private,COMMUNICATION,4.4,3075118.0,100000000.0,,Free,0.0,Everyone
Firefox Focus: The privacy browser,COMMUNICATION,4.4,36981.0,1000000.0,4.0,Free,0.0,Everyone
First Credit Union (AZ) Mobile,FINANCE,3.5,100.0,10000.0,11.0,Free,0.0,Everyone
First Federal Bank of Florida,FINANCE,4.3,133.0,10000.0,30.0,Free,0.0,Everyone
First Hawaiian Bank Mobile,FINANCE,2.1,232.0,10000.0,29.0,Free,0.0,Everyone
First Tech Federal CU,FINANCE,4.3,4290.0,50000.0,24.0,Free,0.0,Everyone
"FirstCry Baby & Kids Shopping, Fashion & Parenting",SHOPPING,4.1,41074.0,5000000.0,16.0,Free,0.0,Everyone
Fishdom,GAME,4.6,2158580.0,10000000.0,,Free,0.0,Everyone
Fisher-Price® Smart Connect™,TOOLS,2.7,422.0,50000.0,72.0,Free,0.0,Everyone
Fish|Hunt FL,LIFESTYLE,3.6,853.0,100000.0,34.0,Free,0.0,Everyone
Fists For Fighting (Fx3),SPORTS,3.9,138739.0,10000000.0,44.0,Free,0.0,Teen
Fit the Fat 2,SPORTS,3.8,35746.0,5000000.0,55.0,Free,0.0,Everyone
FitConsole,HEALTH_AND_FITNESS,2.6,219.0,50000.0,1.8,Free,0.0,Everyone
Fitbit,HEALTH_AND_FITNESS,3.9,357417.0,10000000.0,,Free,0.0,Everyone
Fitbit Coach,HEALTH_AND_FITNESS,4.6,28951.0,1000000.0,60.0,Free,0.0,Everyone
Fitness & Bodybuilding,HEALTH_AND_FITNESS,4.6,95201.0,5000000.0,61.0,Free,0.0,Everyone
Fitness Dance for Zum.ba Workout Exercise,HEALTH_AND_FITNESS,4.2,287.0,50000.0,12.0,Free,0.0,Everyone
Five Nights at Flappy's,GAME,4.7,4041.0,10000.0,24.0,Free,0.0,Everyone
Five Nights at Freddy's,GAME,4.6,100805.0,1000000.0,50.0,Paid,2.99,Teen
Five Nights at Freddy's 2,FAMILY,4.6,73919.0,500000.0,40.0,Paid,2.99,Teen
Five Nights at Freddy's 2 Demo,FAMILY,4.3,1503544.0,50000000.0,40.0,Free,0.0,Teen
Five Nights at Freddy's 3,GAME,4.7,27856.0,100000.0,50.0,Paid,2.99,Teen
Five Nights at Freddy's 3 Demo,GAME,4.5,1041836.0,10000000.0,50.0,Free,0.0,Teen
Five Nights at Freddy's 4,GAME,4.6,21266.0,100000.0,45.0,Paid,2.99,Teen
Five Nights at Freddy's 4 Demo,GAME,4.4,889425.0,10000000.0,45.0,Free,0.0,Teen
Five Nights at Freddy's: SL,GAME,4.5,16162.0,100000.0,99.0,Paid,2.99,Teen
Five Nights at Neighbor House,GAME,4.2,2180.0,100000.0,55.0,Free,0.0,Everyone 10+
Five Nights at Pizzeria,GAME,3.5,1976.0,100000.0,21.0,Free,0.0,Teen
Five Tries At Love Dating Sim,FAMILY,4.2,37165.0,1000000.0,22.0,Free,0.0,Teen
Five nights at Minecraft,FAMILY,3.5,9335.0,1000000.0,12.0,Free,0.0,Everyone
Fix Deposit Calculator (FD),FINANCE,4.1,7.0,1000.0,2.1,Free,0.0,Everyone
Fix Error Google Playstore,BOOKS_AND_REFERENCE,4.3,18.0,1000.0,5.7,Free,0.0,Everyone
Flag Of European Union LWP,PERSONALIZATION,4.3,88.0,1000.0,4.2,Free,0.0,Everyone
Flag of European Union,PERSONALIZATION,4.2,36.0,1000.0,5.3,Free,0.0,Everyone
Flame - درب عقلك يوميا,EDUCATION,4.6,56065.0,1000000.0,37.0,Free,0.0,Everyone
Flash Light on Call & SMS,TOOLS,4.1,25438.0,1000000.0,3.2,Free,0.0,Everyone
FlashLight F.Light,TOOLS,4.3,3943.0,100000.0,11.0,Free,0.0,Everyone
FlashLight HD LED Pro,TOOLS,4.7,4928.0,50000.0,,Paid,2.99,Everyone
Flashlight,TOOLS,4.5,162335.0,10000000.0,4.9,Free,0.0,Everyone
Flashlight & LED Torch,TOOLS,4.3,111507.0,10000000.0,,Free,0.0,Everyone
Flashlight - Torch LED Light,TOOLS,4.4,192661.0,10000000.0,8.5,Free,0.0,Everyone
Flashlight Free w/ compass,TOOLS,4.0,75.0,10000.0,1.9,Free,0.0,Everyone
Flashlight HD LED,TOOLS,4.3,618918.0,50000000.0,,Free,0.0,Everyone
Flashlight Ultimate,TOOLS,4.6,16936.0,1000000.0,5.0,Free,0.0,Everyone
Flashlight X,TOOLS,4.6,20418.0,1000000.0,4.3,Free,0.0,Everyone
Flat Pack,GAME,4.4,862.0,100000.0,44.0,Free,0.0,Everyone 10+
FlexBook,FAMILY,4.3,104.0,10000.0,12.0,Free,0.0,Everyone
Flexiroam X,TRAVEL_AND_LOCAL,4.0,875.0,100000.0,21.0,Free,0.0,Everyone
Flickr,PHOTOGRAPHY,4.3,251951.0,10000000.0,16.0,Free,0.0,Mature 17+
Flight & Hotel Booking App - ixigo,TRAVEL_AND_LOCAL,4.4,45562.0,5000000.0,,Free,0.0,Everyone
Flight Simulator X 2016 Free,FAMILY,3.8,44636.0,1000000.0,,Free,0.0,Everyone
Flight Simulator: Fly Plane 3D,FAMILY,4.0,660613.0,50000000.0,21.0,Free,0.0,Everyone
Flightradar24 Flight Tracker,TRAVEL_AND_LOCAL,4.3,171889.0,10000000.0,,Free,0.0,Everyone
Flights,TRAVEL_AND_LOCAL,4.4,18039.0,1000000.0,3.1,Free,0.0,Everyone
Flim Af Somali Hindi Fanproj,FAMILY,3.9,12.0,1000.0,3.5,Free,0.0,Everyone
Flip the Gun - Simulator Game,GAME,4.2,195558.0,10000000.0,86.0,Free,0.0,Everyone
FlipaClip - Cartoon animation,ART_AND_DESIGN,4.3,194216.0,5000000.0,39.0,Free,0.0,Everyone
Flipboard: News For Our Time,NEWS_AND_MAGAZINES,4.4,1284018.0,500000000.0,,Free,0.0,Everyone 10+
Flipkart Online Shopping App,SHOPPING,4.4,6012719.0,100000000.0,,Free,0.0,Teen
Flipp - Weekly Shopping,SHOPPING,4.6,85858.0,10000000.0,,Free,0.0,Everyone
Flipped Out! - Powerpuff Girls,FAMILY,4.4,412.0,10000.0,22.0,Paid,2.99,Everyone 10+
Flippy Axe : Flip The Knife & Axe Simulator,GAME,5.0,7.0,100.0,15.0,Free,0.0,Everyone
Flippy Campus - Buy & sell on campus at a discount,EDUCATION,4.0,889.0,500000.0,7.4,Free,0.0,Everyone
FlirtChat - ♥Free Dating/Flirting App♥,DATING,4.3,2433.0,500000.0,13.0,Free,0.0,Mature 17+
Flo's CH Boss Timer,FAMILY,3.5,163.0,1000.0,3.4,Free,0.0,Everyone
Floor Plan Creator,ART_AND_DESIGN,4.1,36639.0,5000000.0,,Free,0.0,Everyone
Florida - Pocket Brainbook,BOOKS_AND_REFERENCE,4.6,7.0,1000.0,12.0,Free,0.0,Everyone
Florida 511,TOOLS,3.2,148.0,50000.0,9.2,Free,0.0,Everyone
Florida Beach Wallpapers HD,TRAVEL_AND_LOCAL,5.0,3.0,100.0,12.0,Free,0.0,Everyone
Florida Blue,HEALTH_AND_FITNESS,3.2,499.0,100000.0,34.0,Free,0.0,Everyone
Florida Cooling Supply HVAC,PRODUCTIVITY,4.2,6.0,500.0,43.0,Free,0.0,Everyone
Florida DMV Permit Test -Fl,FAMILY,4.3,87.0,10000.0,30.0,Free,0.0,Everyone
Florida Driver License Test,FAMILY,4.5,65.0,5000.0,0.458984375,Free,0.0,Everyone
Florida HSMV Driver License,FAMILY,3.9,14.0,1000.0,11.0,Free,0.0,Everyone
Florida Keys,TRAVEL_AND_LOCAL,4.2,92.0,10000.0,20.0,Free,0.0,Everyone
Florida Lottery Results,NEWS_AND_MAGAZINES,4.1,763.0,100000.0,2.2,Free,0.0,Everyone
Florida Map offline,TRAVEL_AND_LOCAL,4.6,8.0,1000.0,18.0,Free,0.0,Everyone
Florida Offline Road Map,TRAVEL_AND_LOCAL,3.8,144.0,10000.0,8.7,Free,0.0,Everyone
Florida State Gameday,SPORTS,4.7,1566.0,50000.0,26.0,Free,0.0,Everyone
Florida Statutes (FL Code),BOOKS_AND_REFERENCE,3.2,5.0,1000.0,8.2,Free,0.0,Everyone
Florida Storms,WEATHER,3.8,116.0,10000.0,36.0,Free,0.0,Everyone
Florida Tech Mobile,FAMILY,3.8,87.0,5000.0,5.4,Free,0.0,Everyone
Florida Tides & Weather,WEATHER,3.8,30.0,1000.0,2.0,Paid,6.99,Everyone
Florida Today,NEWS_AND_MAGAZINES,3.3,202.0,10000.0,38.0,Free,0.0,Everyone 10+
Florida Travel Guide,TRAVEL_AND_LOCAL,3.8,11.0,1000.0,86.0,Free,0.0,Everyone
Florida Travel Guide - TOURIAS,TRAVEL_AND_LOCAL,3.8,80.0,10000.0,37.0,Free,0.0,Everyone
Florida Wildflowers,FAMILY,5.0,5.0,1000.0,69.0,Free,0.0,Everyone
Flow Free,GAME,4.3,1295625.0,100000000.0,11.0,Free,0.0,Everyone
Flowers Live Wallpaper,PERSONALIZATION,4.1,118459.0,10000000.0,3.3,Free,0.0,Everyone
Flud (Ad free),VIDEO_PLAYERS,4.8,5639.0,10000.0,,Paid,1.49,Everyone
Fly Delta,TRAVEL_AND_LOCAL,3.7,27560.0,5000000.0,46.0,Free,0.0,Everyone
Flybook,BOOKS_AND_REFERENCE,3.9,1778.0,500000.0,4.9,Free,0.0,Mature 17+
Fo File Manager,TOOLS,4.5,1916.0,100000.0,0.35546875,Free,0.0,Everyone
Fo Fo Fish,GAME,3.4,5.0,50.0,21.0,Free,0.0,Everyone
Fodbold DK Pro,SPORTS,4.6,315.0,1000.0,4.3,Paid,2.99,Everyone
FollowMeter for Instagram,SOCIAL,4.4,90082.0,1000000.0,8.8,Free,0.0,Everyone
FollowMyHealth®,MEDICAL,4.6,73118.0,1000000.0,37.0,Free,0.0,Everyone
Fon WiFi App – WiFi Connect,TOOLS,4.1,222.0,50000.0,16.0,Free,0.0,Everyone
Font Studio- Photo Texts Image,PHOTOGRAPHY,4.2,197295.0,10000000.0,24.0,Free,0.0,Everyone
Food Calorie Calculator,HEALTH_AND_FITNESS,4.2,1324.0,100000.0,4.0,Free,0.0,Everyone
Food Network,FAMILY,4.1,7823.0,500000.0,,Free,0.0,Teen
Food-Aw - Order Food Online in Aruba,FOOD_AND_DRINK,5.0,1.0,100.0,24.0,Free,0.0,Everyone
Foods Co,SHOPPING,4.3,199.0,10000.0,25.0,Free,0.0,Everyone
Fooducate Healthy Weight Loss & Calorie Counter,HEALTH_AND_FITNESS,4.4,14402.0,1000000.0,,Free,0.0,Everyone
"Foot Mercato: transfers, results, news, live",SPORTS,4.3,39878.0,1000000.0,6.1,Free,0.0,Everyone
Foot Surgery Hospital Simulator: ER Doctor Games,FAMILY,3.9,314.0,100000.0,28.0,Free,0.0,Everyone
Football Live Scores,SPORTS,4.5,107724.0,5000000.0,6.5,Free,0.0,Everyone
Football Manager Mobile 2018,SPORTS,3.9,11460.0,100000.0,,Paid,8.99,Everyone
Football-CB GO Clock Theme,PERSONALIZATION,4.7,26.0,1000.0,5.6,Free,0.0,Everyone
Footej Camera,PHOTOGRAPHY,4.3,13258.0,1000000.0,,Free,0.0,Everyone
Foothills CP,FAMILY,5.0,4.0,100.0,7.8,Free,0.0,Teen
FoothillsVet,MEDICAL,5.0,2.0,50.0,29.0,Free,0.0,Everyone
Force LTE Only,TOOLS,4.1,10426.0,1000000.0,7.2,Free,0.0,Everyone
ForecaWeather,WEATHER,4.2,18425.0,1000000.0,5.3,Free,0.0,Everyone
Forgotten Hill Mementoes,GAME,4.6,2027.0,100000.0,56.0,Free,0.0,Teen
Forgotten Hill: Fall,GAME,4.4,1063.0,50000.0,18.0,Free,0.0,Teen
Forgotten Hill: Puppeteer,GAME,4.5,2917.0,100000.0,22.0,Free,0.0,Teen
Forgotten Hill: Surgery,GAME,4.5,2431.0,100000.0,24.0,Free,0.0,Teen
Formula Cartoon All Stars,FAMILY,3.9,1213.0,10000.0,18.0,Paid,2.99,Everyone
Formula DRIFT,SPORTS,4.6,169.0,10000.0,19.0,Free,0.0,Everyone
Fortune City - A Finance App,FINANCE,4.6,49275.0,500000.0,91.0,Free,0.0,Everyone
Fortune Quest: Savior,FAMILY,3.6,135.0,10000.0,75.0,Free,0.0,Everyone 10+
Fossil Q,LIFESTYLE,2.9,6627.0,500000.0,18.0,Free,0.0,Everyone
Fossil Q Legacy,LIFESTYLE,2.6,680.0,50000.0,60.0,Free,0.0,Everyone
FotMob - Live Soccer Scores,SPORTS,4.7,410395.0,10000000.0,,Free,0.0,Everyone
Fotor Photo Editor - Photo Collage & Photo Effects,PHOTOGRAPHY,4.5,597068.0,10000000.0,,Free,0.0,Everyone
Four In A Line,GAME,3.8,22191.0,1000000.0,3.0,Free,0.0,Everyone
Four In A Line Free,GAME,4.3,133195.0,5000000.0,11.0,Free,0.0,Everyone
Foursquare City Guide,FOOD_AND_DRINK,4.1,483960.0,10000000.0,,Free,0.0,Teen
Foursquare Swarm: Check In,TRAVEL_AND_LOCAL,3.9,421800.0,10000000.0,,Free,0.0,Teen
Fox Business,FINANCE,3.7,2594.0,500000.0,,Free,0.0,Everyone
"Fox News – Breaking News, Live Video & News Alerts",NEWS_AND_MAGAZINES,4.5,249919.0,10000000.0,,Free,0.0,Everyone 10+
Fr Agnel Ambarnath,FAMILY,4.2,117.0,5000.0,13.0,Free,0.0,Everyone
Fr Agnel Pune,FAMILY,4.1,80.0,1000.0,13.0,Free,0.0,Everyone
Fr Daoud Lamei,SOCIAL,4.7,2036.0,100000.0,6.8,Free,0.0,Everyone
Fr Ignacio Outreach,FAMILY,4.9,52.0,1000.0,19.0,Free,0.0,Everyone
Fr Lupupa Sermons,BUSINESS,4.8,19.0,100.0,21.0,Free,0.0,Everyone
Fr. Daoud Lamei,FAMILY,5.0,22.0,1000.0,8.6,Free,0.0,Teen
Fr. Mike Schmitz Audio Teachings,FAMILY,5.0,4.0,100.0,3.6,Free,0.0,Everyone
Fraction Calculator Plus Free,TOOLS,4.5,148506.0,5000000.0,11.0,Free,0.0,Everyone
Free & Premium VPN - FinchVPN,TOOLS,4.2,19096.0,1000000.0,10.0,Free,0.0,Everyone
Free Adblocker Browser - Adblock & Popup Blocker,COMMUNICATION,4.4,152470.0,10000000.0,,Free,0.0,Everyone
Free Book Reader,BOOKS_AND_REFERENCE,3.4,1680.0,100000.0,4.0,Free,0.0,Everyone
Free Books - Spirit Fanfiction and Stories,BOOKS_AND_REFERENCE,4.8,116507.0,1000000.0,5.0,Free,0.0,Teen
Free CV Creator,TOOLS,3.9,37.0,10000.0,21.0,Free,0.0,Everyone
Free Cam Girls - Live Webcam,DATING,3.5,35.0,1000.0,16.0,Free,0.0,Mature 17+
Free Coupons for Burger King,LIFESTYLE,2.8,17.0,5000.0,3.1,Free,0.0,Everyone
Free DS Emulator,GAME,4.1,22896.0,1000000.0,19.0,Free,0.0,Everyone
Free Dating & Flirt Chat - Choice of Love,DATING,4.0,42197.0,5000000.0,,Free,0.0,Mature 17+
Free Dating App & Flirt Chat - Cheers,DATING,4.4,667.0,10000.0,27.0,Free,0.0,Mature 17+
Free Dating App & Flirt Chat - Match with Singles,DATING,4.4,172460.0,5000000.0,3.1,Free,0.0,Mature 17+
Free Dating App - Meet Local Singles - Flirt Chat,DATING,4.1,825.0,100000.0,,Free,0.0,Mature 17+
"Free Dating App - YoCutie - Flirt, Chat & Meet",DATING,4.1,97699.0,1000000.0,7.9,Free,0.0,Mature 17+
Free Dating Hook Up Messenger,DATING,3.3,1157.0,100000.0,21.0,Free,0.0,Mature 17+
Free E B Garamond Cool Font,PERSONALIZATION,4.2,410.0,100000.0,6.1,Free,0.0,Everyone
Free Florida DMV Test 2018,FAMILY,4.1,665.0,50000.0,5.3,Free,0.0,Everyone
Free Foreclosure Real Estate Search by USHUD.com,HOUSE_AND_HOME,3.4,287.0,100000.0,27.0,Free,0.0,Everyone
Free Fur All – We Bare Bears,FAMILY,4.2,256916.0,10000000.0,25.0,Free,0.0,Everyone
Free GPS Navigation,MAPS_AND_NAVIGATION,4.2,618562.0,50000000.0,,Free,0.0,Everyone
Free Hypnosis,MEDICAL,4.2,4303.0,100000.0,,Free,0.0,Everyone
Free Live Talk-Video Call,DATING,4.7,158.0,10000.0,4.5,Free,0.0,Mature 17+
Free Meditation - Take a Break,HEALTH_AND_FITNESS,4.2,1608.0,100000.0,39.0,Free,0.0,Everyone
"Free Messages, Video, Chat,Text for Messenger Plus",SOCIAL,4.3,6086.0,1000000.0,3.1,Free,0.0,Teen
Free Panda Radio Music,BOOKS_AND_REFERENCE,4.5,418.0,100000.0,4.2,Free,0.0,Everyone
Free Poker Games : Downtown Casino - Texas Holdem,GAME,4.5,2032.0,50000.0,50.0,Free,0.0,Teen
"Free Professional Resume Builder, CV, Cover Letter",BUSINESS,4.2,831.0,50000.0,11.0,Free,0.0,Everyone
Free Radar Detector,TRAVEL_AND_LOCAL,4.3,15680.0,1000000.0,11.0,Free,0.0,Everyone
Free Resume App,BUSINESS,4.6,15830.0,1000000.0,,Free,0.0,Everyone
Free Resume Builder – CV Maker,BUSINESS,4.4,25.0,5000.0,12.0,Free,0.0,Everyone
Free Slideshow Maker & Video Editor,PHOTOGRAPHY,4.2,162564.0,10000000.0,11.0,Free,0.0,Everyone
Free Sports TV,SPORTS,4.3,1802.0,100000.0,9.8,Free,0.0,Everyone
"Free TV Shows App:News, TV Series, Episode, Movies",NEWS_AND_MAGAZINES,4.6,29706.0,1000000.0,11.0,Free,0.0,Teen
Free TV series,VIDEO_PLAYERS,3.7,400.0,100000.0,7.2,Free,0.0,Teen
Free VIN Report for Used Cars,AUTO_AND_VEHICLES,4.6,2431.0,100000.0,2.4,Free,0.0,Everyone
Free Wi-fi HotspoT,COMMUNICATION,4.1,382.0,50000.0,2.3,Free,0.0,Everyone
Free WiFi Connect,COMMUNICATION,3.9,167229.0,10000000.0,9.7,Free,0.0,Everyone
Free Z Glass GO Keyboard Theme,PERSONALIZATION,4.3,71829.0,5000000.0,8.8,Free,0.0,Everyone
Free antivirus and VPN,TOOLS,4.3,27749.0,1000000.0,16.0,Free,0.0,Everyone
Free coupons and vouchers,FINANCE,5.0,4.0,100.0,5.9,Free,0.0,Everyone
Free english course,EDUCATION,4.7,142632.0,5000000.0,6.9,Free,0.0,Everyone
Free games: Masha and the Bear,FAMILY,4.3,34514.0,5000000.0,60.0,Free,0.0,Everyone
Free intellectual training game application |,EDUCATION,4.2,5741.0,1000000.0,84.0,Free,0.0,Everyone
Free live weather on screen,WEATHER,4.4,15370.0,1000000.0,21.0,Free,0.0,Everyone
"Free phone calls, free texting SMS on free number",SOCIAL,4.5,412888.0,10000000.0,35.0,Free,0.0,Everyone
Free resume builder CV maker templates PDF formats,BUSINESS,4.4,9555.0,1000000.0,4.7,Free,0.0,Everyone
FreePrints – Free Photos Delivered,PHOTOGRAPHY,4.8,109500.0,1000000.0,37.0,Free,0.0,Everyone
Freecell CY,GAME,4.0,387.0,50000.0,1.1,Free,0.0,Everyone
Freedom CU,FINANCE,3.6,117.0,10000.0,25.0,Free,0.0,Everyone
FreedomPop Diagnostics,TOOLS,2.9,452.0,100000.0,7.0,Free,0.0,Everyone
FreedomPop Friends for Free Data,TOOLS,4.4,58.0,5000.0,2.5,Free,0.0,Everyone
FreedomPop Messaging Phone/SIM,COMMUNICATION,3.6,9894.0,500000.0,39.0,Free,0.0,Everyone
"Freeform – Stream Full Episodes, Movies, & Live TV",FAMILY,3.7,29229.0,1000000.0,,Free,0.0,Teen
Freeletics: Personal Trainer & Fitness Workouts,HEALTH_AND_FITNESS,4.5,130104.0,10000000.0,25.0,Free,0.0,Everyone
Freeme Launcher—Stylish Theme,PERSONALIZATION,4.1,2828.0,100000.0,7.4,Free,0.0,Everyone
Freitas Auctioneer Official,EVENTS,3.7,100.0,50000.0,27.0,Free,0.0,Everyone
French Chat Room,DATING,4.2,24.0,1000.0,4.9,Free,0.0,Mature 17+
French to English Speaking - Apprendre l' Anglais,FAMILY,4.5,4251.0,1000000.0,13.0,Free,0.0,Everyone
Frequencies,TOOLS,4.2,11.0,500.0,3.1,Paid,0.99,Everyone
Frequencies Free,TOOLS,3.5,382.0,100000.0,3.1,Free,0.0,Everyone
Fresh EBT - Food Stamp Balance,FINANCE,4.5,19870.0,1000000.0,7.4,Free,0.0,Everyone
Fresh News,NEWS_AND_MAGAZINES,4.4,2207.0,100000.0,9.8,Free,0.0,Everyone
FreshBooks Classic,BUSINESS,4.1,1802.0,100000.0,26.0,Free,0.0,Everyone
Friday: Smart Personal Assistant,PRODUCTIVITY,4.4,2087.0,100000.0,8.3,Free,0.0,Everyone
Friendly for Facebook,SOCIAL,4.5,42621.0,1000000.0,23.0,Free,0.0,Teen
Frigo Magic: Easy recipe idea and anti-waste,FOOD_AND_DRINK,4.1,2473.0,500000.0,14.0,Free,0.0,Everyone
Frim: get new friends on local chat rooms,SOCIAL,4.0,88486.0,5000000.0,,Free,0.0,Mature 17+
Frontback - Social Photos,SOCIAL,3.8,19446.0,1000000.0,,Free,0.0,Mature 17+
Frontline Terrorist Battle Shoot: Free FPS Shooter,GAME,4.2,9183.0,1000000.0,49.0,Free,0.0,Mature 17+
FrostWire: Torrent Downloader & Music Player,VIDEO_PLAYERS,4.1,253207.0,10000000.0,13.0,Free,0.0,Everyone
Frozen Free Fall,FAMILY,4.3,1574546.0,50000000.0,37.0,Free,0.0,Everyone
Fruit Block - Puzzle Legend,GAME,4.6,125647.0,10000000.0,33.0,Free,0.0,Everyone
Fruit Boom,FAMILY,4.4,17753.0,1000000.0,16.0,Free,0.0,Everyone
Fruit Cube Blast,FAMILY,4.6,9199.0,500000.0,80.0,Free,0.0,Everyone
Fruit Ninja Classic,GAME,4.3,85468.0,1000000.0,36.0,Paid,0.99,Everyone
Fruit Ninja®,GAME,4.3,5091448.0,100000000.0,41.0,Free,0.0,Everyone
Fruits Bomb,GAME,4.4,74695.0,10000000.0,17.0,Free,0.0,Everyone
Fu*** Weather (Funny Weather),WEATHER,4.7,20001.0,1000000.0,,Free,0.0,Mature 17+
Fuel Calculator for EY,TOOLS,4.7,32.0,1000.0,2.7,Free,0.0,Everyone
Fuel Rewards® program,LIFESTYLE,4.6,32433.0,1000000.0,46.0,Free,0.0,Everyone
Fuelio: Gas log & costs,AUTO_AND_VEHICLES,4.6,65786.0,1000000.0,,Free,0.0,Everyone
Fulham FC,SPORTS,4.3,401.0,10000.0,2.8,Free,0.0,Everyone
Full Screen Caller ID,COMMUNICATION,4.2,104990.0,5000000.0,10.0,Free,0.0,Everyone
Fun Kid Racing,FAMILY,4.0,79667.0,10000000.0,,Free,0.0,Everyone
Fun Kid Racing - Motocross,FAMILY,4.1,59768.0,10000000.0,,Free,0.0,Everyone
Fun Texas Hold'em Poker,GAME,4.5,32831.0,500000.0,24.0,Free,0.0,Teen
FunForMobile Ringtones & Chat,SOCIAL,4.4,68358.0,5000000.0,7.2,Free,0.0,Mature 17+
Funny Alarm Clock Ringtones,PERSONALIZATION,4.5,15633.0,1000000.0,14.0,Free,0.0,Everyone
Funny Jokes,FAMILY,3.9,2505.0,100000.0,2.9,Free,0.0,Mature 17+
Funny Jokes Photos,COMICS,4.4,39.0,10000.0,4.3,Free,0.0,Everyone 10+
Funny Jokes and Stories 2018,COMICS,4.2,21.0,5000.0,6.7,Free,0.0,Everyone
Funny Pics,ENTERTAINMENT,3.9,9941.0,1000000.0,,Free,0.0,Teen
Funny Quotes Free,ENTERTAINMENT,4.2,23666.0,1000000.0,3.6,Free,0.0,Teen
Funny Ringtones,PERSONALIZATION,4.4,7146.0,1000000.0,14.0,Free,0.0,Everyone 10+
Funny videos for whatsapp,VIDEO_PLAYERS,4.4,3066.0,1000000.0,9.0,Free,0.0,Everyone
FunnyPixels - Color by number Sandbox,FAMILY,4.6,1977.0,100000.0,3.8,Free,0.0,Everyone
Furrion ES Control,VIDEO_PLAYERS,1.8,26.0,5000.0,2.7,Free,0.0,Everyone
Futbol24,SPORTS,4.3,31908.0,1000000.0,,Free,0.0,Everyone
Future Cloud,PRODUCTIVITY,4.6,1075.0,100000.0,,Free,0.0,Everyone
FutureNet your social app,SOCIAL,4.2,2093.0,100000.0,7.0,Free,0.0,Teen
Fuzzy Numbers: Pre-K Number Foundation,EDUCATION,4.7,21.0,1000.0,44.0,Paid,5.99,Everyone
Fuzzy Seasons: Animal Forest,FAMILY,4.8,12137.0,100000.0,63.0,Free,0.0,Everyone 10+
G Cloud Apps Backup Key * root,TOOLS,4.5,1034.0,5000.0,0.19140625,Paid,4.99,Everyone
G Cloud Backup,PRODUCTIVITY,4.6,267189.0,5000000.0,,Free,0.0,Everyone
G Guide Program Guide (SOFTBANK EMOBILE WILLCOM version),VIDEO_PLAYERS,3.1,2689.0,1000000.0,,Free,0.0,Everyone
"G Theme 2 for LG V30, LG G6",PERSONALIZATION,4.3,25.0,500.0,15.0,Paid,1.49,Everyone
G-Download Manager,TOOLS,4.1,802.0,50000.0,9.4,Free,0.0,Everyone
G-Force Driving Assistant,SPORTS,4.6,10.0,100.0,6.1,Paid,3.88,Everyone
G-Homa,LIFESTYLE,3.1,777.0,50000.0,14.0,Free,0.0,Everyone
G-NetTrack Pro,TOOLS,4.3,255.0,5000.0,1.6,Paid,14.99,Everyone
G-NetWiFi Pro,TOOLS,3.3,6.0,100.0,1.5,Paid,5.99,Everyone
G-Pix [Android P] Dark EMUI 8/5 THEME,PERSONALIZATION,4.1,169.0,10000.0,24.0,Free,0.0,Everyone
G-Pix [Android P] EMUI 8/5 THEME,PERSONALIZATION,4.1,720.0,100000.0,10.0,Free,0.0,Everyone
G-Playlists,TOOLS,1.8,53.0,1000.0,3.4,Paid,1.49,Everyone
G-REMOTE,HOUSE_AND_HOME,4.5,30.0,1000.0,25.0,Free,0.0,Everyone
G-SHOCK Connected,LIFESTYLE,3.0,543.0,50000.0,94.0,Free,0.0,Everyone
G-SHOCK+,LIFESTYLE,3.0,4710.0,100000.0,,Free,0.0,Everyone
G-Switch,GAME,3.8,4116.0,100000.0,8.8,Free,0.0,Everyone
G-Switch 2,GAME,4.4,12683.0,1000000.0,19.0,Free,0.0,Everyone
G-Switch 3,GAME,4.6,3656.0,100000.0,39.0,Free,0.0,Everyone
GALAK-Z: Variant Mobile,GAME,3.9,145.0,10000.0,79.0,Free,0.0,Everyone
GANMA! - All original stories free of charge for all original comics,COMICS,4.7,57106.0,1000000.0,27.0,Free,0.0,Teen
GATE CS Engineering 2019 Exam Prep App,FAMILY,4.2,162.0,10000.0,6.2,Free,0.0,Everyone
GATE Syllabus for EC 2018 & Notifications,FAMILY,4.7,23.0,1000.0,4.3,Free,0.0,Everyone
"GCash - Buy Load, Pay Bills, Send Money",FINANCE,4.0,25508.0,1000000.0,,Free,0.0,Everyone
GEM™,TOOLS,4.3,6.0,500.0,33.0,Free,0.0,Everyone
GF - BF Chat Stories - Hindi English Convesation,FAMILY,4.1,32.0,10000.0,4.1,Free,0.0,Everyone
GITZ.bz,SHOPPING,4.0,4.0,10.0,2.4,Free,0.0,Everyone
GKPB FP Online Church,LIFESTYLE,5.0,32.0,1000.0,7.9,Free,0.0,Everyone
GLASS GO Launcher EX Theme,PERSONALIZATION,4.2,18280.0,1000000.0,6.0,Free,0.0,Everyone
GMAT Math Flashcards,EDUCATION,4.4,1769.0,100000.0,,Free,0.0,Everyone
GMAT Question Bank,EDUCATION,4.2,240.0,10000.0,29.0,Free,0.0,Everyone
GMX Mail,COMMUNICATION,4.3,258556.0,10000000.0,,Free,0.0,Everyone
GO Contacts EX Black & Grey,PERSONALIZATION,3.7,21.0,500.0,0.3671875,Paid,0.99,Everyone
"GO Keyboard - Cute Emojis, Themes and GIFs",TOOLS,4.5,4594198.0,100000000.0,,Free,0.0,Everyone
"GO Keyboard - Emoticon keyboard, Free Theme, GIF",PERSONALIZATION,4.4,2591941.0,100000000.0,,Free,0.0,Everyone
GO Launcher - 3D parallax Themes & HD Wallpapers,PERSONALIZATION,4.5,7464996.0,100000000.0,,Free,0.0,Everyone
GO Launcher EX UI5.0 theme,PERSONALIZATION,4.3,111634.0,5000000.0,13.0,Free,0.0,Everyone
GO Notifier,COMMUNICATION,4.2,124346.0,10000000.0,0.6787109375,Free,0.0,Everyone
GO SMS PRO EMOJI PLUGIN,PERSONALIZATION,3.5,84779.0,5000000.0,8.5,Free,0.0,Everyone
"GO SMS Pro - Messenger, Free Themes, Emoji",COMMUNICATION,4.4,2876500.0,100000000.0,24.0,Free,0.0,Everyone
GO SMS Pro Z Glass Theme EX,PERSONALIZATION,3.8,24198.0,1000000.0,2.2,Free,0.0,Everyone
"GO Security－AntiVirus, AppLock, Booster",TOOLS,4.7,1251479.0,10000000.0,,Free,0.0,Everyone
"GO Weather - Widget, Theme, Wallpaper, Efficient",WEATHER,4.5,1422858.0,50000000.0,,Free,0.0,Everyone
GO Weather EX Theme White,WEATHER,4.2,8723.0,500000.0,4.6,Free,0.0,Everyone
GPS Map Free,TRAVEL_AND_LOCAL,4.0,33782.0,5000000.0,7.6,Free,0.0,Everyone
GPS Navigation & Offline Maps Sygic,MAPS_AND_NAVIGATION,4.4,1421884.0,50000000.0,33.0,Free,0.0,Everyone
GPS Speedometer - Trip Meter - Altimeter,MAPS_AND_NAVIGATION,4.3,32225.0,1000000.0,3.2,Free,0.0,Everyone
GPS Speedometer and Odometer,MAPS_AND_NAVIGATION,4.8,15865.0,1000000.0,3.3,Free,0.0,Everyone
"GPS Speedometer, Distance Meter",MAPS_AND_NAVIGATION,4.6,16094.0,1000000.0,5.4,Free,0.0,Everyone
GPS Status & Toolbox,TRAVEL_AND_LOCAL,4.5,149723.0,10000000.0,4.1,Free,0.0,Everyone
GPS Traffic Speedcam Route Planner by ViaMichelin,MAPS_AND_NAVIGATION,4.3,63920.0,5000000.0,29.0,Free,0.0,Everyone
GRE Flashcards,EDUCATION,4.5,13791.0,500000.0,,Free,0.0,Everyone
GRE Prep & Practice by Magoosh,EDUCATION,4.4,3963.0,100000.0,,Free,0.0,Everyone
GRE Tutor,EDUCATION,4.0,275.0,50000.0,2.3,Free,0.0,Everyone
GRE® Flashcards by Kaplan,EDUCATION,4.0,316.0,50000.0,29.0,Free,0.0,Everyone
GS SHOP,SHOPPING,3.8,44255.0,10000000.0,15.0,Free,0.0,Everyone
GT-R R35 Drift Simulator,FAMILY,4.4,1852.0,100000.0,62.0,Free,0.0,Everyone
GTS-M,TOOLS,4.2,38.0,5000.0,0.2451171875,Free,0.0,Everyone
GUN ZOMBIE,GAME,4.4,243121.0,5000000.0,38.0,Free,0.0,Teen
GUNSHIP BATTLE: Helicopter 3D,GAME,4.3,2151039.0,50000000.0,75.0,Free,0.0,Teen
GUYZ - Gay Chat & Gay Dating,SOCIAL,4.4,41269.0,1000000.0,,Free,0.0,Mature 17+
Gainesville Bus Tracker,MAPS_AND_NAVIGATION,4.2,63.0,10000.0,1.6,Free,0.0,Everyone
Gainesville Florida Police Department,LIFESTYLE,4.8,4.0,500.0,15.0,Free,0.0,Everyone
Galactic Core Free Wallpaper,PERSONALIZATION,4.1,69417.0,10000000.0,0.8330078125,Free,0.0,Everyone
Galaxian(FC),GAME,4.5,2.0,100.0,7.8,Paid,1.99,Everyone
Galaxies of Hope,MEDICAL,5.0,2.0,50.0,24.0,Free,0.0,Everyone
Galaxy Attack: Alien Shooter,GAME,4.6,506593.0,10000000.0,,Free,0.0,Everyone
Galaxy Defense,FAMILY,4.1,78142.0,5000000.0,17.0,Free,0.0,Everyone
Galaxy Gift,LIFESTYLE,4.4,95557.0,10000000.0,16.0,Free,0.0,Everyone
Galaxy Live Wallpaper,PERSONALIZATION,4.2,58052.0,5000000.0,4.0,Free,0.0,Teen
Galaxy at War Online,FAMILY,3.9,65119.0,1000000.0,46.0,Free,0.0,Everyone 10+
Game for KIDS: KIDS match'em,FAMILY,4.4,7006.0,1000000.0,6.9,Free,0.0,Everyone
Game of Thrones: Conquest™,GAME,4.0,90218.0,1000000.0,97.0,Free,0.0,Teen
"Gametime - Tickets to Sports, Concerts, Theater",EVENTS,4.5,8800.0,1000000.0,24.0,Free,0.0,Everyone
Gang Wars of San Andreas,GAME,4.1,9898.0,1000000.0,63.0,Free,0.0,Mature 17+
Gangstar Vegas - mafia game,GAME,4.5,4830407.0,50000000.0,32.0,Free,0.0,Mature 17+
Gangster City Auto Theft,GAME,4.3,350.0,50000.0,67.0,Free,0.0,Everyone
Gangster Town,GAME,4.1,74842.0,5000000.0,99.0,Free,0.0,Teen
Gangster Town: Vice District,FAMILY,4.3,65146.0,10000000.0,100.0,Free,0.0,Mature 17+
Gaode Map,TRAVEL_AND_LOCAL,3.9,13275.0,1000000.0,71.0,Free,0.0,Everyone
Garden Coloring Book,ART_AND_DESIGN,4.4,13791.0,1000000.0,33.0,Free,0.0,Everyone
Garden Fever - Free!,FAMILY,3.9,13253.0,1000000.0,12.0,Free,0.0,Everyone
Garden Fruit Legend,FAMILY,4.6,4289.0,500000.0,33.0,Free,0.0,Everyone
Garden Photo Frames - Garden Photo Editor,PHOTOGRAPHY,4.4,1864.0,500000.0,13.0,Free,0.0,Everyone
Gardenscapes,GAME,4.6,4129665.0,50000000.0,,Free,0.0,Everyone
Garena Free Fire,GAME,4.5,5534114.0,100000000.0,53.0,Free,0.0,Teen
Garmin Connect™,HEALTH_AND_FITNESS,3.9,232153.0,10000000.0,,Free,0.0,Everyone
Gas Prices (Germany only),AUTO_AND_VEHICLES,4.4,805.0,50000.0,5.6,Free,0.0,Everyone
Gas Station,AUTO_AND_VEHICLES,4.0,1288.0,100000.0,4.5,Free,0.0,Everyone
GasBuddy: Find Cheap Gas,TRAVEL_AND_LOCAL,4.6,751551.0,10000000.0,42.0,Free,0.0,Mature 17+
Gate Of Death Ep: 1,GAME,4.4,7.0,100.0,34.0,Free,0.0,Everyone
Gay Sugar Daddy Dating & Hookup – Sudy Gay,DATING,4.1,2212.0,100000.0,41.0,Free,0.0,Mature 17+
Gaydorado,FAMILY,3.9,8419.0,100000.0,47.0,Free,0.0,Teen
Gayvox - Gay Lesbian Bi Dating,SOCIAL,3.4,3640.0,500000.0,9.1,Free,0.0,Mature 17+
Gboard - the Google Keyboard,TOOLS,4.2,1859115.0,500000000.0,,Free,0.0,Everyone
Gear.Club - True Racing,GAME,4.4,140658.0,1000000.0,37.0,Free,0.0,Everyone
GearBest Online Shopping,SHOPPING,4.5,245104.0,5000000.0,35.0,Free,0.0,Everyone
Gems or jewels ?,GAME,4.7,171448.0,10000000.0,13.0,Free,0.0,Teen
Genius Scan - PDF Scanner,BUSINESS,4.4,42492.0,1000000.0,,Free,0.0,Everyone
Geo Tracker - GPS tracker,TRAVEL_AND_LOCAL,4.5,42849.0,1000000.0,,Free,0.0,Everyone
Geocaching®,HEALTH_AND_FITNESS,4.1,62616.0,5000000.0,,Free,0.0,Teen
Geometry Dash Lite,GAME,4.5,6181640.0,100000000.0,58.0,Free,0.0,Everyone
Geometry Dash Meltdown,GAME,4.6,1591129.0,50000000.0,48.0,Free,0.0,Everyone
Geometry Dash SubZero,GAME,4.6,260527.0,10000000.0,49.0,Free,0.0,Everyone
Geometry Dash World,GAME,4.6,760628.0,10000000.0,63.0,Free,0.0,Everyone
German Listening,FAMILY,4.8,18298.0,500000.0,8.0,Free,0.0,Everyone
German Vocabulary Trainer,FAMILY,3.3,1218.0,100000.0,1.0,Free,0.0,Everyone
Get 'Em,GAME,4.1,7904.0,500000.0,21.0,Free,0.0,Everyone 10+
Get Free V-bucks_fortnite Hints,FAMILY,4.7,1997.0,5000.0,1.8,Free,0.0,Everyone
Get Over Your Ex,DATING,4.1,10.0,5000.0,11.0,Free,0.0,Everyone
GetThemAll Any File Downloader,TOOLS,4.2,91186.0,5000000.0,6.3,Free,0.0,Everyone
Ghost Detector,FAMILY,3.5,35337.0,5000000.0,7.4,Free,0.0,Teen
Ghost Hunting camera,GAME,3.5,3048.0,500000.0,24.0,Free,0.0,Teen
Ghost In Photo,PHOTOGRAPHY,3.9,28429.0,5000000.0,14.0,Free,0.0,Teen
Ghost Snap AR Horror Survival,GAME,3.8,898.0,100000.0,33.0,Free,0.0,Teen
Ghostery Privacy Browser,COMMUNICATION,4.1,13100.0,1000000.0,2.2,Free,0.0,Everyone
Ghosts'n Goblins MOBILE,GAME,3.8,466.0,10000.0,28.0,Paid,0.99,Everyone
Ghouls'n Ghosts MOBILE,GAME,3.9,168.0,5000.0,49.0,Paid,1.99,Everyone 10+
GialloZafferano: Recipes,FOOD_AND_DRINK,4.3,30224.0,1000000.0,,Free,0.0,Everyone
"Ginger Keyboard - Emoji, GIFs, Themes & Games",PRODUCTIVITY,4.4,162831.0,5000000.0,43.0,Free,0.0,Everyone
GirlTalk.dk,SOCIAL,4.3,3.0,100.0,5.3,Free,0.0,Teen
Girls Craft: Exploration,FAMILY,3.8,130689.0,5000000.0,57.0,Free,0.0,Everyone 10+
Girls Hairstyles,BEAUTY,4.1,3595.0,500000.0,,Free,0.0,Everyone
Girls Live Chat - Free Text & Video Chat,DATING,4.8,110.0,10000.0,4.9,Free,0.0,Mature 17+
Girls Live Talk - Free Text and Video Chat,DATING,5.0,6.0,100.0,5.0,Free,0.0,Mature 17+
Girls Nancy Ajram Without Net,LIBRARIES_AND_DEMO,4.7,2639.0,500000.0,19.0,Free,0.0,Everyone
Girls Online Talk - Free Text and Video Chat,DATING,4.7,791.0,10000.0,3.7,Free,0.0,Mature 17+
Girls hairstyles 2018,BEAUTY,4.2,62.0,10000.0,3.1,Free,0.0,Everyone
Girls' Frontline,GAME,4.2,2055.0,100000.0,96.0,Free,0.0,Teen
Girly Lock Screen Wallpaper with Quotes,ENTERTAINMENT,4.2,32458.0,5000000.0,18.0,Free,0.0,Everyone
Girly Wallpapers Backgrounds,LIFESTYLE,4.4,13565.0,1000000.0,3.3,Free,0.0,Everyone
Glam - Premium Dating App,DATING,4.3,23170.0,500000.0,9.0,Free,0.0,Mature 17+
Glam Doll Salon - Chic Fashion,FAMILY,4.0,93898.0,10000000.0,44.0,Free,0.0,Everyone
GlassesOff,MEDICAL,3.5,1288.0,100000.0,38.0,Free,0.0,Everyone
Glide - Video Chat Messenger,COMMUNICATION,4.3,350154.0,10000000.0,,Free,0.0,Everyone
Glitch Fixers: Powerpuff Girls,GAME,4.4,39698.0,5000000.0,51.0,Free,0.0,Everyone
Glitter Color By Number - Glitter Number Coloring,FAMILY,3.5,1380.0,500000.0,6.9,Free,0.0,Everyone
Glow Hockey,GAME,4.1,1703479.0,100000000.0,,Free,0.0,Everyone
Glowing Flowers Live Wallpaper,PERSONALIZATION,4.2,66730.0,5000000.0,7.0,Free,0.0,Everyone
Gmail,COMMUNICATION,4.3,4604483.0,1000000000.0,,Free,0.0,Everyone
Gnoche entertainment news · sports news is also free,NEWS_AND_MAGAZINES,3.8,54256.0,5000000.0,,Free,0.0,Everyone
Go,PERSONALIZATION,4.6,89.0,5000.0,11.0,Paid,0.99,Everyone
Go Go Coupons - Free Coupon and Discount,SHOPPING,3.0,4.0,1000.0,1.2,Free,0.0,Everyone
Go-Go-Goat! Free Game,FAMILY,4.5,66740.0,1000000.0,23.0,Free,0.0,Everyone
GoAction,VIDEO_PLAYERS,3.6,1522.0,100000.0,65.0,Free,0.0,Everyone
GoBank,FINANCE,4.4,5950.0,500000.0,12.0,Free,0.0,Everyone
GoPlus Cam,VIDEO_PLAYERS,3.5,3484.0,500000.0,41.0,Free,0.0,Everyone
GoPro (formerly Capture),PHOTOGRAPHY,4.0,157506.0,10000000.0,47.0,Free,0.0,Everyone
Goal Live Scores,SPORTS,4.4,232423.0,5000000.0,35.0,Free,0.0,Everyone
"Goal Meter: Goal Tracker, Habit Changer,To-Do List",PRODUCTIVITY,4.6,7969.0,100000.0,20.0,Free,0.0,Everyone
Gods Wars Ex : Vampire,FAMILY,3.9,1550.0,100000.0,21.0,Free,0.0,Teen
Gogo Vision (Biz Av),FAMILY,3.3,11.0,1000.0,7.3,Free,0.0,Teen
Goibibo - Flight Hotel Bus Car IRCTC Booking App,TRAVEL_AND_LOCAL,4.3,459851.0,10000000.0,,Free,0.0,Everyone
Going Abroad,FAMILY,3.0,606.0,50000.0,42.0,Free,0.0,Everyone 10+
Goku Wallpaper Art,PERSONALIZATION,4.7,6342.0,1000000.0,38.0,Free,0.0,Everyone
Gold Butterfly Keyboard Theme,HOUSE_AND_HOME,4.3,10054.0,1000000.0,9.1,Free,0.0,Everyone
Gold Teeth Photo Editor,PHOTOGRAPHY,2.8,1022.0,100000.0,3.8,Free,0.0,Everyone
Gold Wallpapers,PERSONALIZATION,4.5,43.0,10000.0,28.0,Free,0.0,Everyone
Golden Dictionary (EN-AR),BOOKS_AND_REFERENCE,4.4,51269.0,1000000.0,6.1,Free,0.0,Everyone
Golden Dictionary (FR-AR),BOOKS_AND_REFERENCE,4.2,5775.0,500000.0,4.9,Free,0.0,Everyone
Golden HoYeah Slots - Real Casino Slots,GAME,4.4,201537.0,5000000.0,68.0,Free,0.0,Teen
Golden Launcher,PERSONALIZATION,4.4,32794.0,5000000.0,12.0,Free,0.0,Everyone
Golden telegram,SOCIAL,4.3,374.0,50000.0,20.0,Free,0.0,Everyone
Goldstar: Live Event Tickets,EVENTS,4.5,1953.0,100000.0,,Free,0.0,Teen
Golf Channel,SPORTS,4.1,19230.0,1000000.0,88.0,Free,0.0,Everyone
Golf GPS Rangefinder: Golf Pad,SPORTS,4.6,13098.0,1000000.0,,Free,0.0,Everyone
Golf GPS by SwingxSwing,SPORTS,4.6,37167.0,1000000.0,,Free,0.0,Everyone
GolfLogix GPS + Putt Breaks,SPORTS,4.0,11085.0,1000000.0,61.0,Free,0.0,Everyone
"GolfNow: Tee Time Deals at Golf Courses, Golf GPS",SPORTS,4.5,26102.0,1000000.0,,Free,0.0,Everyone
Golfshot Plus: Golf GPS,SPORTS,4.1,3387.0,50000.0,25.0,Paid,29.99,Everyone
Golfshot: Golf GPS + Tee Times,SPORTS,4.3,7543.0,500000.0,25.0,Free,0.0,Everyone
GollerCepte 1903,SPORTS,4.7,25172.0,500000.0,30.0,Free,0.0,Everyone
GollerCepte Live Score,SPORTS,4.2,9992.0,1000000.0,31.0,Free,0.0,Everyone
Good house to buy a house,HOUSE_AND_HOME,3.8,491.0,100000.0,15.0,Free,0.0,Everyone
Good room network fast rent,HOUSE_AND_HOME,3.7,2758.0,500000.0,8.6,Free,0.0,Everyone
Good&Co: Career match tests,BUSINESS,4.4,26572.0,1000000.0,41.0,Free,0.0,Everyone
GoodRx Drug Prices and Coupons,MEDICAL,4.8,59158.0,1000000.0,11.0,Free,0.0,Everyone
Goodbox - Mega App,COMMUNICATION,4.3,3429.0,100000.0,,Free,0.0,Everyone
Goody.ba,FAMILY,4.7,303.0,10000.0,42.0,Free,0.0,Everyone
Google,TOOLS,4.4,8033493.0,1000000000.0,,Free,0.0,Everyone
Google AdSense,PRODUCTIVITY,4.3,52677.0,1000000.0,2.9,Free,0.0,Everyone
Google Ads,BUSINESS,4.3,29331.0,5000000.0,20.0,Free,0.0,Everyone
Google Allo,COMMUNICATION,4.3,347086.0,10000000.0,,Free,0.0,Everyone
Google Analytics,BUSINESS,4.5,78662.0,1000000.0,22.0,Free,0.0,Everyone
Google Arts & Culture,FAMILY,3.7,24137.0,5000000.0,,Free,0.0,Everyone
Google Assistant,PRODUCTIVITY,4.2,58675.0,10000000.0,1.3,Free,0.0,Everyone
Google Assistant Go,TOOLS,3.7,315.0,500000.0,4.6,Free,0.0,Everyone
Google Calendar,PRODUCTIVITY,4.2,858230.0,500000000.0,,Free,0.0,Everyone
Google Chrome: Fast & Secure,COMMUNICATION,4.3,9643041.0,1000000000.0,,Free,0.0,Everyone
Google Classroom,EDUCATION,4.2,69498.0,10000000.0,,Free,0.0,Everyone
Google Docs,PRODUCTIVITY,4.3,815981.0,100000000.0,,Free,0.0,Everyone
Google Drive,PRODUCTIVITY,4.4,2731211.0,1000000000.0,,Free,0.0,Everyone
Google Duo - High Quality Video Calls,COMMUNICATION,4.6,2083237.0,500000000.0,,Free,0.0,Everyone
Google Earth,TRAVEL_AND_LOCAL,4.3,2339098.0,100000000.0,,Free,0.0,Everyone
Google Fit - Fitness Tracking,HEALTH_AND_FITNESS,3.9,249855.0,10000000.0,,Free,0.0,Everyone
Google Handwriting Input,TOOLS,4.3,94427.0,10000000.0,,Free,0.0,Everyone
Google I/O 2018,BOOKS_AND_REFERENCE,4.3,22401.0,500000.0,4.6,Free,0.0,Everyone
Google Keep,PRODUCTIVITY,4.4,691474.0,100000000.0,,Free,0.0,Everyone
Google Korean Input,TOOLS,3.5,74819.0,100000000.0,,Free,0.0,Everyone
Google My Business,BUSINESS,4.4,70991.0,5000000.0,,Free,0.0,Everyone
Google News,NEWS_AND_MAGAZINES,3.9,878065.0,1000000000.0,13.0,Free,0.0,Teen
Google Now Launcher,TOOLS,4.2,857215.0,100000000.0,7.9,Free,0.0,Everyone
Google PDF Viewer,PRODUCTIVITY,4.2,226456.0,10000000.0,,Free,0.0,Everyone
Google Pay,FINANCE,4.2,348132.0,100000000.0,,Free,0.0,Everyone
Google Photos,PHOTOGRAPHY,4.5,10859051.0,1000000000.0,,Free,0.0,Everyone
Google Play Books,BOOKS_AND_REFERENCE,3.9,1433233.0,1000000000.0,,Free,0.0,Teen
Google Play Games,FAMILY,4.3,7168735.0,1000000000.0,,Free,0.0,Teen
Google Play Movies & TV,VIDEO_PLAYERS,3.7,906384.0,1000000000.0,,Free,0.0,Teen
Google Primer,BUSINESS,4.4,62272.0,10000000.0,18.0,Free,0.0,Everyone
Google Sheets,PRODUCTIVITY,4.3,496399.0,100000000.0,,Free,0.0,Everyone
Google Slides,PRODUCTIVITY,4.2,244567.0,100000000.0,,Free,0.0,Everyone
Google Street View,TRAVEL_AND_LOCAL,4.2,2129707.0,1000000000.0,,Free,0.0,Everyone
Google Translate,TOOLS,4.4,5745093.0,500000000.0,,Free,0.0,Everyone
Google Trips - Travel Planner,TRAVEL_AND_LOCAL,4.1,26871.0,5000000.0,,Free,0.0,Everyone
Google Voice,COMMUNICATION,4.2,171052.0,10000000.0,,Free,0.0,Everyone
Google app for Android TV,TOOLS,3.0,66.0,10000000.0,,Free,0.0,Everyone
Google+,SOCIAL,4.2,4831125.0,1000000000.0,,Free,0.0,Teen
Gormey: Find Best Restaurants,TRAVEL_AND_LOCAL,4.3,34.0,1000.0,7.6,Free,0.0,Everyone
Governor of Poker 2 - OFFLINE POKER GAME,GAME,4.3,246538.0,5000000.0,60.0,Free,0.0,Teen
Gps Route Finder,MAPS_AND_NAVIGATION,4.4,652.0,100000.0,3.4,Free,0.0,Everyone
Grab Driver,MAPS_AND_NAVIGATION,4.2,301413.0,5000000.0,48.0,Free,0.0,Everyone
Grabo.bg,SHOPPING,4.6,8175.0,100000.0,3.2,Free,0.0,Everyone
Graffiti Letters (A-Z),LIFESTYLE,3.9,386.0,50000.0,7.9,Free,0.0,Everyone
Grand Bat Superhero Flying Assault Rescue Mission,GAME,4.4,1094.0,500000.0,37.0,Free,0.0,Teen
Grand Gangsters 3D,GAME,4.2,401643.0,10000000.0,,Free,0.0,Teen
Grand Stickman Cover V,GAME,4.0,1744.0,100000.0,37.0,Free,0.0,Mature 17+
Grand Theft Auto V: The Manual,FAMILY,4.1,182103.0,5000000.0,6.9,Free,0.0,Teen
Grand Theft Auto: San Andreas,GAME,4.4,348962.0,1000000.0,26.0,Paid,6.99,Mature 17+
Granny,GAME,4.5,1138239.0,50000000.0,59.0,Free,0.0,Teen
Graphing Calculator,TOOLS,3.9,12388.0,1000000.0,5.3,Free,0.0,Everyone
Greater London A-Z 2016,TRAVEL_AND_LOCAL,3.7,40.0,1000.0,9.0,Paid,8.49,Everyone
Green Build - An unofficial Travis CI client,TOOLS,3.9,7.0,100.0,3.2,Free,0.0,Everyone
Greeting Cards & Wishes,SOCIAL,4.5,17350.0,500000.0,12.0,Free,0.0,Everyone
Grenada Co-operative Bank,FINANCE,4.4,137.0,10000.0,0.390625,Free,0.0,Everyone
Grenade Practice for CS:GO,FAMILY,4.4,431.0,10000.0,17.0,Free,0.0,Everyone
Grim Soul: Dark Fantasy Survival,GAME,4.5,189773.0,5000000.0,95.0,Free,0.0,Teen
Grim Tales: The Wishes CE,GAME,4.3,4923.0,100000.0,20.0,Free,0.0,Everyone 10+
Grindr - Gay chat,SOCIAL,3.6,284795.0,10000000.0,31.0,Free,0.0,Mature 17+
Groovebook Photo Books & Gifts,PHOTOGRAPHY,4.0,21159.0,500000.0,36.0,Free,0.0,Everyone
GroupMe,COMMUNICATION,4.5,330761.0,10000000.0,,Free,0.0,Everyone
"Groupon - Shop Deals, Discounts & Coupons",SHOPPING,4.6,1371082.0,50000000.0,,Free,0.0,Teen
"Grow Stone Online : 2d pixel RPG, MMORPG game",FAMILY,4.7,84389.0,1000000.0,48.0,Free,0.0,Everyone
Grubhub: Food Delivery,FOOD_AND_DRINK,4.5,155944.0,5000000.0,35.0,Free,0.0,Everyone
Guardian Hunter: SuperBrawlRPG,FAMILY,4.5,364013.0,1000000.0,27.0,Free,0.0,Everyone 10+
Guardians of Ancora,FAMILY,4.4,969.0,50000.0,26.0,Free,0.0,Everyone
Guess The Emoji,GAME,4.5,76627.0,5000000.0,23.0,Free,0.0,Everyone
Guess the Class 🔥 AQW,GAME,4.7,57.0,1000.0,12.0,Free,0.0,Everyone
Guide (for X-MEN),BOOKS_AND_REFERENCE,4.6,586.0,100000.0,17.0,Free,0.0,Everyone
Guide for CS:GO,FAMILY,4.4,16459.0,500000.0,88.0,Free,0.0,Everyone
Guide for DB Xenoverse,BOOKS_AND_REFERENCE,4.2,459.0,10000.0,11.0,Free,0.0,Everyone
Guide for DB Xenoverse 2,BOOKS_AND_REFERENCE,4.4,121.0,10000.0,8.7,Free,0.0,Everyone
Gun Builder ELITE,GAME,4.1,88941.0,1000000.0,34.0,Free,0.0,Teen
Gun Club Armory,GAME,4.2,55014.0,1000000.0,28.0,Free,0.0,Teen
Gun Disassembly 2,FAMILY,4.1,26347.0,1000000.0,48.0,Free,0.0,Everyone 10+
Gun Mod: Guns in Minecraft PE,FAMILY,3.6,33812.0,5000000.0,12.0,Free,0.0,Teen
Gun Shoot War Q,GAME,4.2,26893.0,1000000.0,20.0,Free,0.0,Teen
Gun Simulator - Gun Games,FAMILY,4.4,134.0,10000.0,,Free,0.0,Teen
Gun Strike Shoot,GAME,4.1,94761.0,10000000.0,17.0,Free,0.0,Teen
Guns - Shot Sounds,FAMILY,3.8,29544.0,10000000.0,10.0,Free,0.0,Everyone
Guns Royale - Multiplayer Blocky Battle Royale,GAME,4.6,19070.0,100000.0,90.0,Free,0.0,Everyone 10+
Guns of Boom - Online Shooter,GAME,4.6,1226514.0,10000000.0,99.0,Free,0.0,Teen
Guns of Glory,GAME,4.0,120592.0,10000000.0,77.0,Free,0.0,Everyone 10+
Guns'n'Glory,FAMILY,4.4,89947.0,5000000.0,22.0,Free,0.0,Everyone 10+
Guns'n'Glory Heroes Premium,FAMILY,4.3,923.0,10000.0,,Paid,2.99,Everyone
Guns'n'Glory Premium,FAMILY,4.4,3570.0,100000.0,21.0,Paid,2.99,Everyone 10+
Guns'n'Glory WW2 Premium,FAMILY,4.5,4656.0,100000.0,20.0,Paid,2.99,Everyone 10+
Guns'n'Glory Zombies Premium,FAMILY,4.1,313.0,5000.0,34.0,Paid,2.99,Everyone 10+
Gunship III Vietnam People AF,FAMILY,4.3,726.0,5000.0,19.0,Paid,4.99,Everyone
Gunship Modern Combat 3D,GAME,4.2,3247.0,500000.0,26.0,Free,0.0,Teen
Gyft - Mobile Gift Card Wallet,SHOPPING,4.1,9701.0,500000.0,14.0,Free,0.0,Everyone
Gymnastics Superstar - Spin your way to gold!,FAMILY,4.6,305765.0,10000000.0,34.0,Free,0.0,Everyone
H Band,HEALTH_AND_FITNESS,4.0,214.0,10000.0,8.9,Free,0.0,Everyone
H Band 2.0,HEALTH_AND_FITNESS,2.9,4031.0,500000.0,8.9,Free,0.0,Everyone
H Pack,LIFESTYLE,4.3,9412.0,1000000.0,1.7,Free,0.0,Everyone
H TV,ENTERTAINMENT,4.3,103078.0,5000000.0,5.6,Free,0.0,Everyone
H!LooK - Dating,DATING,4.2,46.0,10000.0,26.0,Free,0.0,Mature 17+
H&M,LIFESTYLE,3.7,41941.0,10000000.0,14.0,Free,0.0,Everyone
H*nest Meditation,LIFESTYLE,4.9,145.0,5000.0,48.0,Paid,1.99,Mature 17+
H-Connect,HEALTH_AND_FITNESS,4.0,50.0,5000.0,15.0,Free,0.0,Everyone
H-Kakashi - theme Xperia™,PERSONALIZATION,4.6,621.0,50000.0,5.4,Free,0.0,Everyone
HAL-9000 - FN Theme,PERSONALIZATION,3.5,159.0,10000.0,0.2509765625,Free,0.0,Everyone
HANGAME Casino - Baccarat & Texas Hold'em,GAME,4.1,8608.0,500000.0,46.0,Free,0.0,Teen
HAWK – Force of an Arcade Shooter. Shoot 'em up,GAME,4.6,190274.0,5000000.0,46.0,Free,0.0,Everyone
HBO GO: Stream with TV Package,FAMILY,3.8,87734.0,10000000.0,32.0,Free,0.0,Teen
HBO NOW: Stream TV & Movies,FAMILY,3.9,61230.0,10000000.0,,Free,0.0,Teen
HCP Anywhere,BUSINESS,4.7,114.0,5000.0,8.6,Free,0.0,Everyone
HD Camera,PHOTOGRAPHY,4.3,49680.0,5000000.0,8.7,Free,0.0,Everyone
HD Camera - Best Cam with filters & panorama,PHOTOGRAPHY,4.5,38953.0,5000000.0,9.7,Free,0.0,Everyone
HD Camera - Quick Snap Photo & Video,PHOTOGRAPHY,4.5,21841.0,1000000.0,7.7,Free,0.0,Everyone
HD Camera - silent shutter,PHOTOGRAPHY,4.0,26530.0,1000000.0,3.9,Free,0.0,Everyone
HD Camera Pro for Android,PHOTOGRAPHY,4.1,49211.0,1000000.0,1.9,Free,0.0,Everyone
HD Camera Ultra,PHOTOGRAPHY,4.3,462152.0,10000000.0,1.5,Free,0.0,Everyone
HD Camera for Android,PHOTOGRAPHY,4.1,351255.0,10000000.0,4.0,Free,0.0,Everyone
HD Mickey Minnie Wallpapers,ART_AND_DESIGN,4.7,118.0,50000.0,23.0,Free,0.0,Everyone
HD Movie Video Player,VIDEO_PLAYERS,4.5,18699.0,1000000.0,4.1,Free,0.0,Everyone
HD Themes Toyota Cruiser 200,PERSONALIZATION,3.7,3.0,100.0,15.0,Free,0.0,Teen
HD Themes Toyota Cruiser 70,PERSONALIZATION,4.5,86.0,10000.0,17.0,Free,0.0,Teen
HD Themes Volvo FH Trucks,PERSONALIZATION,4.4,40.0,5000.0,13.0,Free,0.0,Teen
HD Video Download for Facebook,VIDEO_PLAYERS,4.4,20755.0,1000000.0,17.0,Free,0.0,Everyone
HD Video Downloader : 2018 Best video mate,VIDEO_PLAYERS,3.7,430643.0,50000000.0,4.9,Free,0.0,Everyone
HD Video Player,VIDEO_PLAYERS,4.3,1551.0,1000000.0,2.9,Free,0.0,Everyone
"HD Video Player (wmv,avi,mp4,flv,av,mpg,mkv)2017",VIDEO_PLAYERS,3.3,171.0,10000.0,4.8,Free,0.0,Everyone
HD Video Player - Video & MP3 Player | AV Player |,VIDEO_PLAYERS,4.4,22.0,5000.0,19.0,Free,0.0,Everyone
HD VideoDownlaoder For Fb : XXVideo Downloader,VIDEO_PLAYERS,4.2,61.0,10000.0,6.1,Free,0.0,Everyone
HD Widgets,PERSONALIZATION,4.3,58617.0,1000000.0,26.0,Paid,0.99,Everyone
HDFC Bank MobileBanking,FINANCE,4.2,208463.0,10000000.0,,Free,0.0,Everyone
HEAD TRAUMA CT EVALUATION,MEDICAL,4.5,18.0,10000.0,13.0,Free,0.0,Everyone
HESI A2 Pocket Prep,MEDICAL,4.3,2108.0,50000.0,28.0,Free,0.0,Everyone
HISTORY: Watch TV Show Full Episodes & Specials,ENTERTAINMENT,4.1,33387.0,1000000.0,20.0,Free,0.0,Teen
HOLLA Live: Meet New People via Random Video Chat,SOCIAL,4.6,216513.0,5000000.0,,Free,0.0,Mature 17+
HOLSTON EC,TOOLS,4.1,7.0,1000.0,4.2,Free,0.0,Everyone
HON. B.J. ACS COLLEGE ALE,FAMILY,5.0,3.0,100.0,1.8,Free,0.0,Mature 17+
HOTEL DEALS,TRAVEL_AND_LOCAL,4.2,1609.0,100000.0,4.0,Free,0.0,Everyone
HOW TO WRITE A CV,BUSINESS,4.1,489.0,100000.0,20.0,Free,0.0,Everyone
HPlus,HEALTH_AND_FITNESS,2.9,1786.0,100000.0,5.9,Free,0.0,Everyone
"HSL - Tickets, route planner and information",TRAVEL_AND_LOCAL,3.3,256.0,100000.0,17.0,Free,0.0,Everyone
HSPA+ Tweaker (3G booster),TOOLS,4.3,99290.0,5000000.0,3.9,Free,0.0,Everyone
HTC Calendar,PRODUCTIVITY,3.9,6949.0,10000000.0,,Free,0.0,Everyone
HTC File Manager,PRODUCTIVITY,4.2,13500.0,10000000.0,,Free,0.0,Everyone
HTC Gallery,VIDEO_PLAYERS,4.1,45744.0,10000000.0,,Free,0.0,Everyone
HTC Help,BOOKS_AND_REFERENCE,4.2,8342.0,10000000.0,,Free,0.0,Everyone
HTC Lock Screen,TOOLS,4.1,28250.0,10000000.0,,Free,0.0,Everyone
HTC Mail,PRODUCTIVITY,3.1,6572.0,10000000.0,,Free,0.0,Everyone
HTC Sense Input,TOOLS,3.4,17030.0,10000000.0,,Free,0.0,Everyone
HTC Sense Input - BG,TOOLS,3.3,218.0,10000.0,4.1,Free,0.0,Everyone
HTC Sense Input - CZ,TOOLS,4.3,87.0,10000.0,7.3,Free,0.0,Everyone
HTC Sense Input - EN,TOOLS,4.3,24175.0,5000000.0,8.5,Free,0.0,Everyone
HTC Sense Input - ES,TOOLS,4.3,3509.0,1000000.0,6.5,Free,0.0,Everyone
HTC Sense Input - FA,TOOLS,4.6,1420.0,100000.0,1.6,Free,0.0,Everyone
HTC Sense Input - FR,TOOLS,4.0,885.0,100000.0,8.0,Free,0.0,Everyone
HTC Sense Input-AR,TOOLS,3.8,1420.0,100000.0,2.7,Free,0.0,Everyone
HTC Sense Input-BG,TOOLS,2.7,198.0,100000.0,2.8,Free,0.0,Everyone
HTC Sense Input-CA,TOOLS,3.1,124.0,100000.0,1.9,Free,0.0,Everyone
HTC Sense Input-LV,TOOLS,3.6,59.0,50000.0,2.3,Free,0.0,Everyone
HTC Service － DLNA,VIDEO_PLAYERS,3.9,3484.0,10000000.0,3.0,Free,0.0,Everyone
HTC Service—Video Player,VIDEO_PLAYERS,4.2,6449.0,5000000.0,,Free,0.0,Everyone
HTC Social Plugin - Facebook,SOCIAL,3.6,13223.0,10000000.0,2.8,Free,0.0,Mature 17+
HTC Speak,LIFESTYLE,3.5,6145.0,10000000.0,13.0,Free,0.0,Everyone
HTC Transfer Tool,TOOLS,4.3,40907.0,5000000.0,2.6,Free,0.0,Everyone
HTC Weather,WEATHER,3.9,22154.0,10000000.0,,Free,0.0,Everyone
Habbo - Virtual World,FAMILY,3.8,159398.0,5000000.0,28.0,Free,0.0,Teen
Hacker's Keyboard,PRODUCTIVITY,4.4,41418.0,1000000.0,1.2,Free,0.0,Everyone
Hactar Go,FAMILY,4.8,97.0,1000.0,3.5,Paid,2.99,Everyone
Hadith du jour,FAMILY,4.4,276.0,50000.0,,Free,0.0,Everyone
Hafizi Quran 15 lines per page,BOOKS_AND_REFERENCE,4.7,55011.0,1000000.0,68.0,Free,0.0,Everyone
Hair Salon - Fun Games,FAMILY,3.8,484226.0,50000000.0,27.0,Free,0.0,Teen
Hair saloon - Spa salon,FAMILY,4.2,38473.0,10000000.0,23.0,Free,0.0,Everyone
Haircut Tutorials/Haircut Videos,BEAUTY,4.6,38.0,10000.0,7.1,Free,0.0,Everyone
Hairstyles step by step,BEAUTY,4.6,4369.0,100000.0,14.0,Free,0.0,Everyone
Halalguur,DATING,4.3,6.0,100.0,9.0,Free,0.0,Mature 17+
Hallmark Channel Everywhere,FAMILY,4.2,6784.0,500000.0,13.0,Free,0.0,Everyone
Halloween Sandbox Number Coloring- Color By Number,FAMILY,4.4,289.0,100000.0,19.0,Free,0.0,Everyone
Ham DX Cluster & Spots Finder,COMMUNICATION,4.5,115.0,5000.0,2.8,Free,0.0,Everyone
Ham Radio Prefixes,COMMUNICATION,3.7,218.0,10000.0,3.7,Free,0.0,Everyone
Hambo,GAME,4.4,125578.0,5000000.0,17.0,Free,0.0,Everyone
Hamilton — The Official App,ENTERTAINMENT,4.5,1575.0,100000.0,43.0,Free,0.0,Everyone
Hand Doctor Games ER Surgery Simulator,FAMILY,4.1,120.0,10000.0,32.0,Free,0.0,Everyone
Hands 'n Guns Simulator,FAMILY,3.9,19727.0,1000000.0,76.0,Free,0.0,Teen
Hangman,FAMILY,4.4,23302.0,5000000.0,12.0,Free,0.0,Everyone
Hangouts,COMMUNICATION,4.0,3419513.0,1000000000.0,,Free,0.0,Everyone
Hangouts Dialer - Call Phones,COMMUNICATION,4.0,122512.0,10000000.0,0.0771484375,Free,0.0,Everyone
Happify,HEALTH_AND_FITNESS,3.7,1812.0,100000.0,37.0,Free,0.0,Everyone
Happy Birthday Songs Offline,EVENTS,4.4,464.0,100000.0,8.9,Free,0.0,Everyone
Happy Fruits Bomb - Cube Blast,FAMILY,4.5,2150.0,500000.0,20.0,Free,0.0,Everyone
Happy Street,FAMILY,4.5,110877.0,1000000.0,,Free,0.0,Everyone 10+
Hard Time (Prison Sim),GAME,4.3,275843.0,10000000.0,41.0,Free,0.0,Teen
Harkins Theatres,ENTERTAINMENT,4.3,1511.0,100000.0,12.0,Free,0.0,Everyone
Harley Quinn wallpapers HD,ART_AND_DESIGN,4.8,192.0,10000.0,6.0,Free,0.0,Everyone
Harris J Lyrics,FAMILY,4.7,36.0,1000.0,7.1,Free,0.0,Everyone
Harry Potter: Hogwarts Mystery,GAME,4.4,1107310.0,10000000.0,,Free,0.0,Teen
Hashtags For Likes.co,SOCIAL,4.3,420.0,50000.0,18.0,Free,0.0,Everyone
Hausa Radio,NEWS_AND_MAGAZINES,4.4,3375.0,100000.0,4.2,Free,0.0,Everyone
HauteLook,SHOPPING,4.1,7193.0,500000.0,7.3,Free,0.0,Everyone
Have your say on Europe,COMMUNICATION,3.8,19.0,500.0,21.0,Free,0.0,Everyone
Hay Day,FAMILY,4.5,10053186.0,100000000.0,94.0,Free,0.0,Everyone
Haystack TV: Local & World News - Free,NEWS_AND_MAGAZINES,4.3,3684.0,100000.0,,Free,0.0,Everyone 10+
Headspace: Meditation & Mindfulness,HEALTH_AND_FITNESS,4.6,77563.0,10000000.0,39.0,Free,0.0,Everyone
Health and Nutrition Guide,HEALTH_AND_FITNESS,4.3,7895.0,500000.0,3.3,Free,0.0,Everyone
HealtheLife,MEDICAL,3.6,190.0,100000.0,7.7,Free,0.0,Everyone
Healthy Recipes Free,FOOD_AND_DRINK,4.0,1077.0,100000.0,17.0,Free,0.0,Everyone
Heart Surgery Doctor - ER Emergency Game,FAMILY,3.9,2510.0,500000.0,48.0,Free,0.0,Everyone 10+
Heart Surgery Emergency Doctor,FAMILY,4.1,2248.0,100000.0,29.0,Free,0.0,Teen
Heart mill,DATING,3.3,4631.0,100000.0,45.0,Free,0.0,Mature 17+
Heart of Vegas™ Slots – Free Slot Casino Games,GAME,4.5,264282.0,10000000.0,48.0,Free,0.0,Teen
Heavy Bus Simulator,FAMILY,4.4,252006.0,5000000.0,26.0,Free,0.0,Everyone
Height Converter feet-inch cm,TOOLS,4.2,498.0,100000.0,0.5830078125,Free,0.0,Everyone
Heirs & Graces,GAME,4.3,125.0,5000.0,70.0,Free,0.0,Teen
Helix,GAME,3.9,2454.0,500000.0,37.0,Free,0.0,Everyone
Helix Jump,GAME,4.2,1500999.0,100000000.0,33.0,Free,0.0,Everyone
Hello English: Learn English,FAMILY,4.6,750321.0,10000000.0,,Free,0.0,Everyone
Hello Kitty Lunchbox,FAMILY,4.2,51838.0,5000000.0,15.0,Free,0.0,Everyone
Hello Kitty Nail Salon,FAMILY,4.2,369378.0,50000000.0,24.0,Free,0.0,Everyone
Hello Stars,GAME,4.6,101686.0,10000000.0,31.0,Free,0.0,Everyone
"HelloTalk — Chat, Speak & Learn Foreign Languages",EDUCATION,4.4,84311.0,5000000.0,41.0,Free,0.0,Everyone
Helper for CS:GO,TOOLS,4.4,208.0,10000.0,6.0,Free,0.0,Everyone
Helper for Clash Royale (All-in-1),FAMILY,4.3,6078.0,500000.0,37.0,Free,0.0,Everyone
Helping BD,LIFESTYLE,5.0,15.0,100.0,4.5,Free,0.0,Everyone
Hemnet,HOUSE_AND_HOME,3.6,4087.0,500000.0,9.2,Free,0.0,Everyone
Henry Danger Crime Warp,FAMILY,4.6,9626.0,1000000.0,28.0,Free,0.0,Everyone
Hercules CP Mobile,TOOLS,1.4,20.0,1000.0,4.1,Free,0.0,Everyone
Hero Fighter X,GAME,4.5,24210.0,500000.0,45.0,Free,0.0,Teen
Hero Hunters,GAME,4.4,70747.0,5000000.0,99.0,Free,0.0,Teen
Heroes Arena,GAME,4.2,336386.0,10000000.0,88.0,Free,0.0,Everyone 10+
Heroes of Dragon Age,GAME,4.2,70389.0,1000000.0,28.0,Free,0.0,Teen
Heroes of Order & Chaos,FAMILY,4.2,690148.0,10000000.0,25.0,Free,0.0,Teen
"Herpes Dating: 1,000K+ Singles",DATING,4.0,738.0,10000.0,27.0,Free,0.0,Mature 17+
Herpes Positive Singles Dating,DATING,4.4,198.0,10000.0,28.0,Free,0.0,Mature 17+
Hesab.af - Send money in Afghanistan,FINANCE,4.7,51.0,1000.0,11.0,Free,0.0,Everyone
Hey AJ! It's Bedtime!,FAMILY,5.0,1.0,10.0,63.0,Paid,4.99,Everyone
Hey AJ! It's Saturday!,BOOKS_AND_REFERENCE,5.0,12.0,100.0,50.0,Paid,3.99,Everyone
Hey That's Pretty Good!,TOOLS,4.6,222.0,10000.0,10.0,Free,0.0,Everyone
Hi-Smart AC,TOOLS,2.2,32.0,1000.0,9.4,Free,0.0,Everyone
Hidden Camera Detector,TOOLS,3.9,167.0,10000.0,2.5,Free,0.0,Everyone
Hidden Object Florida Vacation Adventure Fun Game,FAMILY,3.7,126.0,10000.0,45.0,Free,0.0,Everyone
Hidden Objects Treasure Hunt Adventure Games,FAMILY,4.3,275.0,10000.0,29.0,Free,0.0,Everyone
"Hide App, Private Dating, Safe Chat - PrivacyHider",DATING,4.4,35206.0,1000000.0,7.2,Free,0.0,Everyone
Hide N Seek : Mini Game,GAME,3.8,4719.0,500000.0,54.0,Free,0.0,Everyone
"Hide Something - Photo, Video",SOCIAL,4.6,225103.0,5000000.0,5.3,Free,0.0,Everyone
Hideman VPN,TOOLS,4.1,88675.0,5000000.0,9.6,Free,0.0,Everyone
High Blood Pressure,MEDICAL,3.8,4.0,1000.0,2.9,Free,0.0,Everyone
High Blood Pressure Symptoms,MEDICAL,4.0,531.0,100000.0,2.3,Free,0.0,Everyone
High School Simulator 2017,FAMILY,4.2,123136.0,5000000.0,80.0,Free,0.0,Mature 17+
High-Powered Flashlight,TOOLS,4.5,429580.0,10000000.0,,Free,0.0,Everyone
"High-Speed Camera (GIF,Burst)",PHOTOGRAPHY,4.1,78140.0,5000000.0,10.0,Free,0.0,Everyone
Hill Climb Racing,GAME,4.4,8923847.0,100000000.0,63.0,Free,0.0,Everyone
Hill Climb Racing 2,GAME,4.6,2750645.0,100000000.0,,Free,0.0,Everyone
"Hily: Dating, Chat, Match, Meet & Hook up",DATING,4.1,2560.0,100000.0,56.0,Free,0.0,Mature 17+
Hinge: Dating & Relationships,DATING,4.2,7779.0,500000.0,12.0,Free,0.0,Mature 17+
HipChat - Chat Built for Teams,BUSINESS,3.8,5868.0,500000.0,20.0,Free,0.0,Everyone
HipChat - beta version,COMMUNICATION,4.1,1035.0,50000.0,20.0,Free,0.0,Everyone
Hipmunk Hotels & Flights,TRAVEL_AND_LOCAL,4.3,16734.0,1000000.0,10.0,Free,0.0,Everyone
Hisnul Al Muslim - Hisn Invocations & Adhkaar,BOOKS_AND_REFERENCE,4.6,3234.0,100000.0,85.0,Free,0.0,Everyone
Hitman GO,FAMILY,4.6,84114.0,500000.0,23.0,Paid,0.99,Everyone 10+
Hitman Sniper,GAME,4.6,408292.0,10000000.0,29.0,Paid,0.99,Mature 17+
Hitwe - meet people and chat,DATING,4.2,243950.0,10000000.0,21.0,Free,0.0,Mature 17+
Hiya - Caller ID & Block,COMMUNICATION,4.4,177703.0,10000000.0,13.0,Free,0.0,Mature 17+
Hojiboy Tojiboyev Life Hacks,COMICS,5.0,15.0,1000.0,37.0,Free,0.0,Everyone
"Hola Launcher- Theme,Wallpaper",PERSONALIZATION,4.5,3277209.0,100000000.0,7.6,Free,0.0,Everyone
Hole.io,GAME,4.2,145353.0,10000000.0,85.0,Free,0.0,Teen
"Hole19: Golf GPS App, Rangefinder & Scorecard",SPORTS,4.4,6106.0,100000.0,,Free,0.0,Everyone
Holl & Co Barbers,LIFESTYLE,4.7,12.0,500.0,6.0,Free,0.0,Everyone
Hollywood U: Rising Stars,FAMILY,4.2,233588.0,5000000.0,74.0,Free,0.0,Teen
Holy Knight EN,FAMILY,4.0,26202.0,1000000.0,41.0,Free,0.0,Teen
Home & Shopping - Only in apps. 10% off + 10% off,SHOPPING,4.2,42750.0,10000000.0,9.9,Free,0.0,Everyone
Home Decor Showpiece Art making: Medium Difficulty,HOUSE_AND_HOME,4.3,273.0,50000.0,7.0,Free,0.0,Everyone
Home Decoration Game,FAMILY,4.0,17543.0,5000000.0,19.0,Free,0.0,Everyone
Home Pony 2,FAMILY,4.0,20977.0,1000000.0,26.0,Free,0.0,Everyone
Home Scouting® MLS Mobile,LIFESTYLE,4.3,1533.0,100000.0,7.7,Free,0.0,Everyone
Home Security Camera WardenCam - reuse old phones,HOUSE_AND_HOME,4.3,43847.0,1000000.0,,Free,0.0,Everyone
Home Workout - No Equipment,HEALTH_AND_FITNESS,4.8,432160.0,10000000.0,15.0,Free,0.0,Everyone
Home Workout for Men - Bodybuilding,HEALTH_AND_FITNESS,4.8,12705.0,1000000.0,15.0,Free,0.0,Everyone
"Home workouts - fat burning, abs, legs, arms,chest",HEALTH_AND_FITNESS,4.3,4848.0,1000000.0,13.0,Free,0.0,Everyone
HomeAway Vacation Rentals,TRAVEL_AND_LOCAL,4.3,30403.0,5000000.0,,Free,0.0,Everyone
HomeWork,EDUCATION,4.3,16195.0,1000000.0,5.2,Free,0.0,Everyone
Homeopathic Medicine Finder,MEDICAL,3.6,10.0,1000.0,15.0,Free,0.0,Everyone
"Homes.com 🏠 For Sale, Rent",HOUSE_AND_HOME,4.0,6000.0,1000000.0,18.0,Free,0.0,Everyone
Homescapes,GAME,4.6,3093932.0,10000000.0,,Free,0.0,Everyone
Homesnap Real Estate & Rentals,HOUSE_AND_HOME,4.3,3834.0,500000.0,30.0,Free,0.0,Everyone
Homestyler Interior Design & Decorating Ideas,LIFESTYLE,4.1,78298.0,5000000.0,29.0,Free,0.0,Everyone
Homework Planner,EDUCATION,4.0,2525.0,100000.0,1.2,Free,0.0,Everyone
HondaLink EV,TOOLS,2.8,44.0,10000.0,41.0,Free,0.0,Everyone
Hondata Mobile,MAPS_AND_NAVIGATION,4.3,334.0,10000.0,0.66015625,Free,0.0,Everyone
Honkai Impact 3rd,GAME,4.7,59017.0,1000000.0,82.0,Free,0.0,Teen
Hopeless Land: Fight for Survival,GAME,4.2,250197.0,5000000.0,44.0,Free,0.0,Teen
Hopper - Watch & Book Flights,TRAVEL_AND_LOCAL,4.4,52029.0,5000000.0,,Free,0.0,Everyone
"Horn, free country requirements",SHOPPING,4.5,37186.0,1000000.0,7.9,Free,0.0,Everyone
Hornet - Gay Social Network,SOCIAL,4.0,163679.0,5000000.0,,Free,0.0,Mature 17+
Horoscopes – Daily Zodiac Horoscope and Astrology,LIFESTYLE,4.6,161143.0,10000000.0,11.0,Free,0.0,Everyone 10+
Horror Hospital,GAME,3.7,63986.0,1000000.0,26.0,Free,0.0,Teen
Horses Live Wallpaper,PERSONALIZATION,4.2,28806.0,1000000.0,7.1,Free,0.0,Everyone
Hospital ER Emergency Heart Surgery: Doctor Games,FAMILY,3.8,1652.0,100000.0,71.0,Free,0.0,Everyone
Hospitalist Handbook,MEDICAL,4.8,12.0,1000.0,18.0,Paid,19.99,Everyone
Hostelworld: Hostels & Cheap Hotels Travel App,TRAVEL_AND_LOCAL,4.4,17878.0,1000000.0,28.0,Free,0.0,Everyone
Hot Bhojpuri Video Song 2018 - Free Movies,FAMILY,4.4,447.0,100000.0,3.7,Free,0.0,Mature 17+
Hot Bhojpuri Video songs,FAMILY,4.1,28892.0,5000000.0,6.3,Free,0.0,Teen
Hot Wheels: Race Off,FAMILY,4.5,520654.0,10000000.0,,Free,0.0,Everyone
Hot or Not - Find someone right now,DATING,4.1,305737.0,10000000.0,,Free,0.0,Mature 17+
HotSpot Tethering Free/WiFi AP,TOOLS,3.9,478.0,100000.0,2.0,Free,0.0,Everyone
Hotel Insanity,GAME,4.2,3816.0,100000.0,31.0,Free,0.0,Teen
HotelTonight: Book amazing deals at great hotels,TRAVEL_AND_LOCAL,4.4,57573.0,5000000.0,,Free,0.0,Everyone
Hotels Combined - Cheap deals,TRAVEL_AND_LOCAL,4.1,17202.0,5000000.0,12.0,Free,0.0,Everyone
Hotels.com: Book Hotel Rooms & Find Vacation Deals,TRAVEL_AND_LOCAL,4.5,260133.0,10000000.0,,Free,0.0,Everyone
Hotspot Shield Free VPN Proxy & Wi-Fi Security,TOOLS,4.2,1116393.0,50000000.0,8.2,Free,0.0,Everyone
Hotstar,ENTERTAINMENT,4.3,4885646.0,100000000.0,,Free,0.0,Teen
Hotwire Hotel & Car Rental App,TRAVEL_AND_LOCAL,4.3,10323.0,1000000.0,,Free,0.0,Everyone
Houlihan Lawrence,LIFESTYLE,4.4,33.0,5000.0,23.0,Free,0.0,Everyone
House app: beautiful everyday ~,HOUSE_AND_HOME,4.6,2669.0,500000.0,10.0,Free,0.0,Teen
House party - live chat,DATING,1.0,1.0,10.0,9.2,Free,0.0,Mature 17+
Housing-Real Estate & Property,LIFESTYLE,4.1,28301.0,1000000.0,,Free,0.0,Everyone
Houzz Interior Design Ideas,HOUSE_AND_HOME,4.6,353813.0,10000000.0,,Free,0.0,Everyone
Hovercraft Racer,SPORTS,4.0,218.0,100000.0,28.0,Free,0.0,Everyone
How Do I Look,PHOTOGRAPHY,2.7,3032.0,500000.0,2.8,Free,0.0,Everyone
How Old am I?,FAMILY,2.8,4635.0,1000000.0,3.9,Free,0.0,Everyone
How To Color Disney Princess - Coloring Pages,ART_AND_DESIGN,4.0,591.0,500000.0,9.4,Free,0.0,Everyone
How To Draw Food,ART_AND_DESIGN,4.3,845.0,100000.0,7.9,Free,0.0,Everyone
How To Get Your Ex Back Fast,LIFESTYLE,4.0,22.0,5000.0,19.0,Free,0.0,Everyone
How do I take care of my child?,PARENTING,4.8,190.0,100000.0,6.8,Free,0.0,Everyone
How it Works: FN SCAR assault rifle,FAMILY,4.6,44.0,10000.0,45.0,Free,0.0,Everyone
How it works: AK-74N,FAMILY,4.4,1031.0,100000.0,48.0,Free,0.0,Everyone
How to Write CV,BOOKS_AND_REFERENCE,4.6,244.0,100000.0,4.1,Free,0.0,Everyone
How to draw Ladybug and Cat Noir,ART_AND_DESIGN,3.8,564.0,100000.0,9.2,Free,0.0,Everyone
How well do you know me?,GAME,3.9,1290.0,100000.0,6.4,Free,0.0,Everyone
Howlr,DATING,3.9,105.0,5000.0,27.0,Free,0.0,Mature 17+
HuffPost - News,NEWS_AND_MAGAZINES,4.2,78154.0,1000000.0,12.0,Free,0.0,Everyone 10+
Huji Cam,PHOTOGRAPHY,4.4,40289.0,5000000.0,19.0,Free,0.0,Everyone
"Hulu: Stream TV, Movies & more",FAMILY,4.0,319777.0,10000000.0,,Free,0.0,Teen
Hum Ek Hain 2.02,SOCIAL,5.0,2.0,10.0,1.8,Free,0.0,Teen
Human Anatomy Atlas 2018: Complete 3D Human Body,MEDICAL,4.5,2923.0,100000.0,25.0,Paid,24.99,Everyone
Human Dx,MEDICAL,4.8,6.0,500.0,16.0,Free,0.0,Everyone
HumorCast - Authentic Weather,WEATHER,4.4,6495.0,100000.0,40.0,Free,0.0,Teen
HungerStation,FOOD_AND_DRINK,3.8,22513.0,1000000.0,11.0,Free,0.0,Everyone
Hungry Girl Diet Bk. Companion,HEALTH_AND_FITNESS,2.2,4.0,1000.0,28.0,Free,0.0,Everyone
Hungry Hearts Diner: A Tale of Star-Crossed Souls,FAMILY,4.9,46253.0,500000.0,56.0,Free,0.0,Everyone 10+
Hungry Shark Evolution,GAME,4.5,6074627.0,100000000.0,100.0,Free,0.0,Teen
Hungry Shark World,GAME,4.5,1243017.0,50000000.0,27.0,Free,0.0,Teen
Hunt Buddy BC,SPORTS,4.4,172.0,5000.0,49.0,Paid,2.99,Everyone
Hunting Safari 3D,SPORTS,4.2,36183.0,5000000.0,20.0,Free,0.0,Teen
Huntington Mobile,FINANCE,4.2,11264.0,1000000.0,24.0,Free,0.0,Everyone
"Hurdlr: Track Mileage, Expenses, and Log Receipts",FINANCE,4.6,3596.0,100000.0,19.0,Free,0.0,Everyone
Hush - Beauty for Everyone,BEAUTY,4.7,18900.0,500000.0,17.0,Free,0.0,Everyone
Hustle Castle: Fantasy Kingdom,GAME,4.7,584126.0,10000000.0,64.0,Free,0.0,Everyone 10+
Hymnes et Louanges,BOOKS_AND_REFERENCE,4.4,1877.0,100000.0,5.7,Free,0.0,Everyone
Hypertension Hi blood pressure,MEDICAL,3.8,292.0,100000.0,2.7,Free,0.0,Everyone
Hypertension High blood pressure,MEDICAL,3.8,292.0,100000.0,2.7,Free,0.0,Everyone
Hypocam,PHOTOGRAPHY,4.5,12572.0,1000000.0,8.5,Free,0.0,Everyone
I AM C.T.,HEALTH_AND_FITNESS,4.6,28.0,1000.0,20.0,Free,0.0,Mature 17+
I AM RICH,FAMILY,3.9,1455.0,10000.0,1.1,Free,0.0,Everyone
I AM RICH PRO PLUS,FINANCE,4.0,36.0,1000.0,41.0,Paid,399.99,Everyone
I Am Innocent,GAME,4.4,208501.0,1000000.0,56.0,Free,0.0,Teen
I Am Rich,FAMILY,3.6,217.0,10000.0,4.9,Paid,389.99,Everyone
I Am Rich Premium,FINANCE,4.1,1867.0,50000.0,4.7,Paid,399.99,Everyone
I Am Rich Pro,FAMILY,4.4,201.0,5000.0,2.7,Paid,399.99,Everyone
I Am Wizard,FAMILY,4.2,1493.0,100000.0,57.0,Free,0.0,Everyone
I Can't Wake Up!,TOOLS,4.7,963.0,10000.0,3.7,Paid,2.99,Everyone
I Can't Wake Up! Alarm Clock,TOOLS,4.5,70404.0,1000000.0,4.2,Free,0.0,Everyone
I Creative Idea,ART_AND_DESIGN,4.7,353.0,10000.0,4.2,Free,0.0,Teen
I Know Stuff,GAME,4.2,214923.0,5000000.0,,Free,0.0,Everyone
I LOVE PASTA,FAMILY,4.0,83875.0,1000000.0,43.0,Free,0.0,Everyone
I Love U Theme&Emoji Keyboard,PERSONALIZATION,4.6,655.0,100000.0,3.5,Free,0.0,Everyone
I Screen Dialer,TOOLS,4.1,8137.0,1000000.0,3.9,Free,0.0,Everyone
I am Bread,GAME,4.0,630.0,10000.0,20.0,Paid,4.99,Everyone
I am Dentist - Save my Teeth,FAMILY,4.3,7443.0,100000.0,33.0,Free,0.0,Everyone
I am Millionaire - Richest guy in the town,LIFESTYLE,3.6,126.0,5000.0,1.4,Paid,2.49,Everyone
I am Nose Doctor -Save my Nose,FAMILY,4.2,3133.0,500000.0,34.0,Free,0.0,Everyone
I am Rich,FINANCE,4.3,180.0,5000.0,3.8,Paid,399.99,Everyone
I am Rich Person,LIFESTYLE,4.2,134.0,1000.0,1.8,Paid,37.99,Everyone
I am Rich Plus,FAMILY,4.0,856.0,10000.0,8.7,Paid,399.99,Everyone
I am Rich Premium Plus,FINANCE,4.6,459.0,10000.0,2.0,Paid,18.99,Everyone
I am Rich!,FINANCE,3.8,93.0,1000.0,22.0,Paid,399.99,Everyone
I am extremely Rich,LIFESTYLE,2.9,41.0,1000.0,2.9,Paid,379.99,Everyone
I am rich,LIFESTYLE,3.8,3547.0,100000.0,1.8,Paid,399.99,Everyone
I am rich (Most expensive app),FINANCE,4.1,129.0,1000.0,2.7,Paid,399.99,Teen
I am rich VIP,LIFESTYLE,3.8,411.0,10000.0,2.6,Paid,299.99,Everyone
I am rich(premium),FINANCE,3.5,472.0,5000.0,0.9423828125,Paid,399.99,Everyone
I'm Ping Pong King :),SPORTS,4.4,29864.0,1000000.0,40.0,Free,0.0,Everyone
I'm Rich - Trump Edition,LIFESTYLE,3.6,275.0,10000.0,7.3,Paid,400.0,Everyone
IBM Micromedex Drug Info,MEDICAL,3.8,206.0,10000.0,9.5,Paid,2.99,Everyone
ICQ — Video Calls & Chat Messenger,COMMUNICATION,4.4,697939.0,10000000.0,,Free,0.0,Everyone
IDM Internet Download Manager,PRODUCTIVITY,3.9,1322.0,100000.0,4.2,Free,0.0,Everyone
IDM for Facebook ★ Downloader,PRODUCTIVITY,4.3,1905.0,100000.0,3.1,Free,0.0,Everyone
IFTTT,PRODUCTIVITY,4.3,117255.0,1000000.0,,Free,0.0,Everyone
IHG®: Hotel Deals & Rewards,TRAVEL_AND_LOCAL,4.3,18622.0,1000000.0,44.0,Free,0.0,Everyone
IHOP®,FOOD_AND_DRINK,4.2,441.0,100000.0,24.0,Free,0.0,Everyone
IHSS Help,MEDICAL,4.7,10.0,1000.0,4.3,Free,0.0,Everyone
IKEA Store,SHOPPING,3.4,25515.0,10000000.0,,Free,0.0,Everyone
IKO,FINANCE,4.7,167168.0,1000000.0,20.0,Free,0.0,Everyone
IMDb Movies & TV,ENTERTAINMENT,4.2,501498.0,100000000.0,12.0,Free,0.0,Teen
INFAMY RO,FAMILY,4.1,2167.0,50000.0,3.7,Free,0.0,Everyone
ING Banking,FINANCE,4.4,39041.0,1000000.0,,Free,0.0,Everyone
INTERACTIVE CALCULUS FOR MATHS AND PHYSICS,FAMILY,4.8,53.0,1000.0,4.4,Free,0.0,Everyone
IQ Test,PRODUCTIVITY,4.2,1623.0,100000.0,1.8,Free,0.0,Everyone
IRIS : Customer Service - DZ Algeria,TRAVEL_AND_LOCAL,4.7,57.0,1000.0,7.0,Free,0.0,Everyone
IRS W-9 form,BUSINESS,4.8,492.0,10000.0,27.0,Free,0.0,Everyone
IV Calc CP Calculator Toolkit,TOOLS,4.2,242.0,10000.0,3.2,Free,0.0,Everyone
IV Go（get IV for Pokemon）,GAME,4.6,132282.0,1000000.0,20.0,Free,0.0,Everyone
IZ2UUF Morse Koch CW,COMMUNICATION,4.6,649.0,50000.0,0.8173828125,Free,0.0,Everyone
"Ibotta: Cash Back Savings, Rewards & Coupons App",SHOPPING,4.5,315908.0,10000000.0,52.0,Free,0.0,Everyone
Ice Cream Jump,FAMILY,4.2,141363.0,10000000.0,8.7,Free,0.0,Everyone
Ice Crush 10.000 B.C.,FAMILY,4.4,31.0,100.0,4.2,Paid,0.99,Everyone
Ice Crush 2018 - A new Puzzle Matching Adventure,GAME,4.6,15403.0,1000000.0,25.0,Free,0.0,Everyone
"Ideal Weight, BMI Calculator",HEALTH_AND_FITNESS,4.2,112384.0,5000000.0,5.0,Free,0.0,Everyone
Identity V,GAME,4.2,109263.0,1000000.0,38.0,Free,0.0,Teen
Idle Heroes,FAMILY,4.7,417197.0,10000000.0,99.0,Free,0.0,Everyone 10+
Igitabo cy'Indirimbo,FAMILY,4.5,93.0,50000.0,1.6,Free,0.0,Everyone
"Ike - To-Do List, Task List",PRODUCTIVITY,4.6,6320.0,100000.0,6.3,Free,0.0,Everyone
Il Coccodrillo Come Fa,FAMILY,3.4,17.0,1000.0,0.240234375,Free,0.0,Everyone
Image 2 Wallpaper,TOOLS,4.3,81668.0,5000000.0,,Free,0.0,Everyone
"Imgur: Find funny GIFs, memes & watch viral videos",ENTERTAINMENT,4.3,160164.0,10000000.0,12.0,Free,0.0,Teen
InBrowser - Incognito Browsing,COMMUNICATION,4.2,27156.0,1000000.0,,Free,0.0,Everyone
Inbox.eu,COMMUNICATION,3.7,98.0,10000.0,9.7,Free,0.0,Everyone
Inch/cm/Foot Conversion,PRODUCTIVITY,4.0,319.0,100000.0,2.1,Free,0.0,Everyone
Inches to Centimeters,TOOLS,3.6,949.0,100000.0,0.4013671875,Free,0.0,Everyone
Inches to cm conversion,TOOLS,4.4,29.0,10000.0,0.068359375,Free,0.0,Everyone
Indeed Job Search,BUSINESS,4.3,674730.0,50000000.0,,Free,0.0,Everyone
IndiGo,TRAVEL_AND_LOCAL,4.0,48082.0,5000000.0,,Free,0.0,Everyone
"IndiaMART: Search Products, Buy, Sell & Trade",BUSINESS,4.5,207372.0,5000000.0,11.0,Free,0.0,Everyone
Inf VPN - Global Proxy & Unlimited Free WIFI VPN,TOOLS,4.7,61445.0,1000000.0,7.8,Free,0.0,Everyone
InfantRisk Center HCP,MEDICAL,2.6,41.0,1000.0,14.0,Paid,9.99,Everyone
Infinite Painter,ART_AND_DESIGN,4.1,36815.0,1000000.0,29.0,Free,0.0,Everyone
Infinity Dungeon VIP,FAMILY,4.3,21804.0,1000000.0,44.0,Paid,0.99,Everyone 10+
Info BMKG,WEATHER,4.3,21404.0,1000000.0,7.6,Free,0.0,Everyone
Ingress,GAME,4.3,391325.0,10000000.0,43.0,Free,0.0,Everyone
Injustice 2,GAME,4.3,504765.0,5000000.0,36.0,Free,0.0,Teen
Injustice: Gods Among Us,GAME,4.4,2440877.0,10000000.0,32.0,Free,0.0,Teen
Innovative: Learn 34 Languages,EDUCATION,4.5,14206.0,500000.0,21.0,Free,0.0,Everyone
Inputting Plus: Ctrl + Z/F/C/V,PRODUCTIVITY,4.2,1117.0,50000.0,3.0,Free,0.0,Everyone
Inquiry Fines and Debits of Vehicles,AUTO_AND_VEHICLES,4.4,2680.0,500000.0,2.2,Free,0.0,Everyone
Insave-Download for Instagram,PHOTOGRAPHY,4.3,46242.0,1000000.0,5.2,Free,0.0,Everyone
Inside Out Thought Bubbles,FAMILY,4.4,623398.0,10000000.0,58.0,Free,0.0,Everyone
Insight Timer - Free Meditation App,HEALTH_AND_FITNESS,4.6,20161.0,1000000.0,,Free,0.0,Everyone
Insightly CRM,BUSINESS,3.8,1383.0,100000.0,51.0,Free,0.0,Everyone
Inst Download - Video & Photo,VIDEO_PLAYERS,4.6,148715.0,10000000.0,3.3,Free,0.0,Everyone
Insta Square Profile DP,PHOTOGRAPHY,3.7,42.0,5000.0,11.0,Free,0.0,Everyone
InstaBeauty -Makeup Selfie Cam,PHOTOGRAPHY,4.3,654419.0,50000000.0,,Free,0.0,Everyone
InstaCam - Camera for Selfie,PHOTOGRAPHY,4.0,15098.0,1000000.0,10.0,Free,0.0,Everyone
InstaSize Photo Filters & Collage Editor,PHOTOGRAPHY,4.3,811714.0,50000000.0,50.0,Free,0.0,Everyone
Instabridge - Free WiFi Passwords and Hotspots,TOOLS,4.4,211308.0,10000000.0,,Free,0.0,Everyone
Instacart: Grocery Delivery,FOOD_AND_DRINK,4.4,17071.0,1000000.0,,Free,0.0,Everyone
Instachat 😜,SOCIAL,4.0,80987.0,5000000.0,25.0,Free,0.0,Teen
Instagram,SOCIAL,4.5,66577446.0,1000000000.0,,Free,0.0,Teen
Install images with music to make video without Net - 2018,ART_AND_DESIGN,4.6,1070.0,100000.0,26.0,Free,0.0,Everyone
Instant Ba-dum-tss,FAMILY,4.0,13.0,1000.0,2.0,Free,0.0,Everyone
Instant Buttons: The Best Soundboard,FAMILY,4.5,157322.0,5000000.0,9.2,Free,0.0,Teen
Instant DP Downloader for Instagram,SOCIAL,4.7,38.0,5000.0,4.1,Free,0.0,Everyone
Intellijoy Early Learning Academy,FAMILY,4.3,160.0,50000.0,67.0,Free,0.0,Everyone
Interactive CT & MRI Anat.Lite,MEDICAL,3.8,534.0,100000.0,14.0,Free,0.0,Everyone
Interactive CT and MRI Anatomy,MEDICAL,3.4,35.0,1000.0,24.0,Paid,15.46,Everyone
Interactive NPC DM Tool,FAMILY,2.8,5.0,50.0,0.6142578125,Paid,0.99,Everyone
Internet Speed Meter Lite,TOOLS,4.5,410303.0,10000000.0,,Free,0.0,Everyone
Interpret Chest X-Ray With 100 Cases,MEDICAL,4.6,5.0,100.0,11.0,Free,0.0,Everyone
Interracial Match Dating App,DATING,3.6,143.0,10000.0,27.0,Free,0.0,Mature 17+
InterracialCupid - Interracial Dating App,DATING,3.4,212.0,50000.0,3.0,Free,0.0,Mature 17+
Intesa Sanpaolo Mobile,FINANCE,3.6,35518.0,1000000.0,,Free,0.0,Everyone
Invasive Alien Species Europe,FAMILY,4.5,13.0,1000.0,13.0,Free,0.0,Everyone
Inventory & Barcode scanner & WIFI scanner,PRODUCTIVITY,4.6,1880.0,50000.0,18.0,Paid,1.49,Everyone
Investigation Discovery GO,ENTERTAINMENT,4.5,12216.0,1000000.0,13.0,Free,0.0,Teen
Invoice & Time Tracking - Zoho,BUSINESS,4.6,5800.0,100000.0,8.6,Free,0.0,Everyone
Invoice 2go — Professional Invoices and Estimates,BUSINESS,4.2,16422.0,1000000.0,28.0,Free,0.0,Everyone
Inwestor mobile,FINANCE,3.2,124.0,10000.0,7.2,Free,0.0,Everyone
Iqiyi (for tablet),VIDEO_PLAYERS,3.6,12764.0,1000000.0,25.0,Free,0.0,Teen
Iron Blade,GAME,4.4,161637.0,10000000.0,82.0,Free,0.0,Mature 17+
It's open.,PARENTING,4.4,1528.0,100000.0,16.0,Free,0.0,Everyone
Itau bank,FINANCE,4.2,957973.0,10000000.0,40.0,Free,0.0,Everyone
"Izneo, Read Manga, Comics & BD",COMICS,3.3,1476.0,500000.0,18.0,Free,0.0,Teen
I’m Expecting - Pregnancy App,HEALTH_AND_FITNESS,4.6,71269.0,1000000.0,49.0,Free,0.0,Everyone
J - Style Pro,HEALTH_AND_FITNESS,2.3,74.0,10000.0,2.6,Free,0.0,Everyone
J Dark Ice Substratum Theme,PERSONALIZATION,4.5,164.0,10000.0,33.0,Free,0.0,Everyone
J Touch,TOOLS,4.6,2176.0,100000.0,0.9306640625,Free,0.0,Everyone
J-Novel Club,FAMILY,3.3,162.0,10000.0,9.0,Free,0.0,Teen
J-Stars Victory VS Guide,GAME,4.1,609.0,10000.0,13.0,Free,0.0,Everyone
J-UFO,FAMILY,3.5,339.0,100000.0,,Free,0.0,Everyone
J. Cole Albums (2007-2017),FAMILY,4.6,7.0,1000.0,7.3,Free,0.0,Mature 17+
J. Cole Rapper Wallpaper HD,PERSONALIZATION,4.1,8.0,1000.0,3.1,Free,0.0,Everyone
J.ME Fly,FAMILY,3.9,28.0,1000.0,98.0,Free,0.0,Everyone
JAL (Domestic and international flights),TRAVEL_AND_LOCAL,3.4,2277.0,1000000.0,27.0,Free,0.0,Everyone
"JEFIT Workout Tracker, Weight Lifting, Gym Log App",HEALTH_AND_FITNESS,4.5,60096.0,5000000.0,27.0,Free,0.0,Teen
JH Blood Pressure Monitor,MEDICAL,3.7,9.0,500.0,2.9,Free,0.0,Everyone
JNews DZ - Algerian Newspapers,NEWS_AND_MAGAZINES,4.0,146.0,10000.0,3.0,Free,0.0,Everyone
JOANN - Crafts & Coupons,LIFESTYLE,4.6,34802.0,1000000.0,12.0,Free,0.0,Everyone
JOBS.bg,BUSINESS,4.4,1630.0,100000.0,2.2,Free,0.0,Everyone
JONACK (D Story Teller),FAMILY,4.4,152.0,10000.0,1.2,Free,0.0,Everyone
"JStock - Stock Market, Portfolio & News",FINANCE,4.6,11066.0,500000.0,9.1,Free,0.0,Everyone
JW Caleb y Sofia,FAMILY,4.6,5227.0,500000.0,1.9,Free,0.0,Everyone
JW Library,BOOKS_AND_REFERENCE,4.9,922752.0,10000000.0,,Free,0.0,Everyone
Jabbla BT,TOOLS,5.0,3.0,100.0,0.0537109375,Free,0.0,Everyone
Jabong Online Shopping App,SHOPPING,4.1,367290.0,10000000.0,11.0,Free,0.0,Everyone
JackThreads: Men's Shopping,SHOPPING,4.0,13085.0,1000000.0,2.7,Free,0.0,Teen
Jagobd - Bangla TV(Official),FAMILY,4.3,39109.0,1000000.0,4.0,Free,0.0,Everyone
JailBase - Arrests + Mugshots,NEWS_AND_MAGAZINES,4.0,17240.0,1000000.0,,Free,0.0,Everyone 10+
Jamaa Amino for Animal Jam,SOCIAL,4.7,3873.0,10000.0,63.0,Free,0.0,Teen
Japanese / English one-shop search dictionary - Free Japanese - English - Japanese dictionary application,EDUCATION,3.9,61.0,50000.0,18.0,Free,0.0,Mature 17+
Jarvis artificial intelligent,FAMILY,3.9,253.0,10000.0,14.0,Free,0.0,Everyone
"Jaumo Dating, Flirt & Live Video",SOCIAL,4.4,900064.0,10000000.0,13.0,Free,0.0,Mature 17+
Java Editor CR,TOOLS,3.8,434.0,50000.0,18.0,Free,0.0,Everyone
JavaScript Editor CR,TOOLS,3.9,114.0,5000.0,18.0,Free,0.0,Everyone
Jax Sheriff (FL),LIFESTYLE,4.2,53.0,5000.0,16.0,Free,0.0,Everyone
Jazz Wi-Fi,COMMUNICATION,3.4,49.0,10000.0,4.0,Free,0.0,Everyone
Je Parle ANGLAIS - Apprendre l’anglais Audio cours,FAMILY,4.4,499.0,100000.0,27.0,Free,0.0,Everyone
Jenga® AR,FAMILY,2.9,53.0,10000.0,82.0,Free,0.0,Everyone
Jeppesen CR Flight Computer,MAPS_AND_NAVIGATION,3.3,3.0,100.0,26.0,Paid,9.99,Everyone
JetBlue,TRAVEL_AND_LOCAL,4.4,24281.0,1000000.0,29.0,Free,0.0,Everyone
Jetpack Joyride,GAME,4.4,4638163.0,100000000.0,96.0,Free,0.0,Everyone 10+
Jetting for Honda CR dirt bike,SPORTS,4.1,7.0,100.0,3.4,Paid,3.49,Everyone
Jewels Crush- Match 3 Puzzle,FAMILY,4.4,14774.0,1000000.0,19.0,Free,0.0,Everyone
Jewels Legend - Match 3 Puzzle,GAME,4.6,280098.0,10000000.0,50.0,Free,0.0,Everyone
Jewels Star: OZ adventure,GAME,4.5,21892.0,1000000.0,14.0,Free,0.0,Everyone
Jewels classic Prince,GAME,4.4,47644.0,5000000.0,15.0,Free,0.0,Everyone
Jigsaw Volvo FH 16 Trucks,FAMILY,5.0,5.0,1000.0,8.1,Free,0.0,Teen
Jiji.ng,SHOPPING,4.4,25714.0,1000000.0,12.0,Free,0.0,Everyone
"Jingdong - pick good things, go to Jingdong",SHOPPING,3.3,9189.0,1000000.0,98.0,Free,0.0,Teen
Job CV Maker & Portfolio Maker,FAMILY,4.2,593.0,100000.0,4.9,Free,0.0,Everyone
"Job CV Maker-Portfolio Maker , Resume Maker",FAMILY,3.9,139.0,50000.0,4.8,Free,0.0,Everyone
Job Korea - Career Jobs,BUSINESS,4.3,10600.0,1000000.0,6.5,Free,0.0,Everyone
Job Search by ZipRecruiter,BUSINESS,4.8,148945.0,1000000.0,25.0,Free,0.0,Everyone
Job'Of - Emploi au Cameroun,BUSINESS,4.1,294.0,10000.0,9.8,Free,0.0,Everyone
Jobs in Alabama - Jobs in Alba,BUSINESS,4.1,11622.0,5000000.0,,Free,0.0,Everyone
Jobs in Canada - Emplois au Canada,BUSINESS,5.0,2.0,1000.0,14.0,Free,0.0,Teen
Jodel - The Hyperlocal App,SOCIAL,4.5,76480.0,1000000.0,20.0,Free,0.0,Mature 17+
Johns Hopkins Guides ABX...,MEDICAL,4.7,73.0,10000.0,6.3,Free,0.0,Everyone
Johny Johny Yes Papa Nursery Rhyme - offline Video,PARENTING,4.5,806.0,500000.0,11.0,Free,0.0,Everyone
"Join R, Community Engagement",SOCIAL,4.7,144.0,1000.0,12.0,Free,0.0,Teen
Jorte Calendar & Organizer,PRODUCTIVITY,4.3,198051.0,10000000.0,,Free,0.0,Everyone
"JotterPad - Writer, Screenplay, Novel",PRODUCTIVITY,4.6,57904.0,1000000.0,11.0,Free,0.0,Everyone
Journal Club: Medicine,MEDICAL,4.8,216.0,10000.0,,Paid,6.99,Everyone
"Journey - Diary, Journal",LIFESTYLE,4.6,50338.0,1000000.0,,Free,0.0,Everyone
JuiceNet - Smart EV Charging,MAPS_AND_NAVIGATION,3.5,106.0,5000.0,24.0,Free,0.0,Everyone
Jumia online shopping,SHOPPING,4.3,162655.0,10000000.0,8.1,Free,0.0,Teen
Jump'N'Shoot Attack,GAME,4.1,155.0,1000.0,32.0,Paid,2.49,Everyone
Jungle Marble Blast,GAME,4.3,18985.0,5000000.0,23.0,Free,0.0,Everyone
Jungle Monkey Run,GAME,4.4,54082.0,10000000.0,21.0,Free,0.0,Everyone
Jungle book-The Great Escape,GAME,3.9,2362.0,100000.0,25.0,Free,0.0,Everyone
Jurassic Life: T Rex Simulator,FAMILY,4.2,1088.0,10000.0,35.0,Paid,0.99,Everyone 10+
Jurassic World™ Alive,GAME,4.3,309176.0,5000000.0,70.0,Free,0.0,Everyone 10+
JusTalk - Free Video Calls and Fun Video Chat,COMMUNICATION,4.6,191032.0,5000000.0,26.0,Free,0.0,Everyone
Just A Regular Arcade,GAME,4.2,40847.0,1000000.0,94.0,Free,0.0,Everyone
Just Dance Now,GAME,4.2,794058.0,10000000.0,56.0,Free,0.0,Everyone
Just She - Top Lesbian Dating,DATING,1.9,954.0,100000.0,19.0,Free,0.0,Mature 17+
"Just a Line - Draw Anywhere, with AR",FAMILY,4.1,1152.0,100000.0,2.7,Free,0.0,Everyone
JustDating,DATING,4.0,13440.0,500000.0,49.0,Free,0.0,Mature 17+
JustSayHi- Dating App. Chat & Meet Singles Nearby,DATING,4.2,5152.0,100000.0,38.0,Free,0.0,Mature 17+
Justice League Action Run,GAME,4.3,22333.0,1000000.0,9.7,Free,0.0,Everyone 10+
K Health,HEALTH_AND_FITNESS,4.1,290.0,50000.0,40.0,Free,0.0,Teen
K PLUS,FINANCE,4.4,124424.0,10000000.0,,Free,0.0,Everyone
K keyboard - Myanmar,TOOLS,4.8,1955.0,100000.0,14.0,Free,0.0,Everyone
K-9 Mail,COMMUNICATION,4.2,88427.0,5000000.0,5.1,Free,0.0,Everyone
K-9 Material (unofficial),COMMUNICATION,4.4,64.0,5000.0,4.5,Free,0.0,Teen
K-@ Mail - Email App,COMMUNICATION,4.1,1760.0,100000.0,,Free,0.0,Everyone
K-@ Mail Pro - Email App,COMMUNICATION,4.2,1603.0,10000.0,,Paid,4.99,Everyone
K-Chiing VPN (Free),TOOLS,3.7,43.0,5000.0,10.0,Free,0.0,Mature 17+
K-Otic Universe,FAMILY,4.9,55.0,1000.0,40.0,Free,0.0,Everyone
K-Rain BL,TOOLS,4.0,9.0,1000.0,33.0,Free,0.0,Everyone
"K-Spapp, the K-Space app",FAMILY,4.8,39.0,1000.0,3.6,Free,0.0,Everyone
K-pop Music,FAMILY,4.0,369.0,10000.0,3.5,Free,0.0,Everyone
K.MOJI,FAMILY,4.8,16.0,500.0,8.9,Paid,1.99,Everyone
"KAYAK Flights, Hotels & Cars",TRAVEL_AND_LOCAL,4.5,216388.0,10000000.0,19.0,Free,0.0,Everyone
KBA-EZ Health Guide,MEDICAL,5.0,4.0,1.0,25.0,Free,0.0,Everyone
KDRAMA Amino for K-Drama Fans,SOCIAL,4.6,4046.0,100000.0,63.0,Free,0.0,Teen
KFC CZ,LIFESTYLE,2.8,1189.0,100000.0,18.0,Free,0.0,Everyone
KIM KARDASHIAN: HOLLYWOOD,GAME,4.3,1017408.0,10000000.0,34.0,Free,0.0,Teen
KISW 99.9 FM SEATTLE,FAMILY,4.0,1469.0,100000.0,5.2,Free,0.0,Everyone
KLM - Royal Dutch Airlines,TRAVEL_AND_LOCAL,3.7,7705.0,1000000.0,40.0,Free,0.0,Everyone
KMTV 3 News Now,NEWS_AND_MAGAZINES,3.8,265.0,10000.0,,Free,0.0,Everyone 10+
KPOP Amino for K-Pop Entertainment,SOCIAL,4.8,19047.0,100000.0,63.0,Free,0.0,Teen
KPS CHAUHAN DY/DX,FAMILY,4.9,37.0,100.0,10.0,Free,0.0,Everyone
KTB Netbank,FINANCE,3.8,42644.0,5000000.0,19.0,Free,0.0,Everyone
"KVAD Camera +: Selfie, Photo Filter, Grids",PHOTOGRAPHY,4.1,23440.0,1000000.0,30.0,Free,0.0,Everyone
Kairo XP (for HD Widgets),PERSONALIZATION,4.4,1591.0,10000.0,0.7607421875,Paid,0.99,Everyone
KakaoMap - Map / Navigation,TRAVEL_AND_LOCAL,4.1,76779.0,10000000.0,,Free,0.0,Everyone
KakaoTalk: Free Calls & Text,COMMUNICATION,4.3,2546549.0,100000000.0,,Free,0.0,Everyone
Kanji test · Han search Kanji training (free version),EDUCATION,4.2,6736.0,1000000.0,22.0,Free,0.0,Mature 17+
Kariyer.net,BUSINESS,3.9,45964.0,1000000.0,16.0,Free,0.0,Everyone
Karta GPS - Offline Navigation,MAPS_AND_NAVIGATION,4.5,53562.0,1000000.0,60.0,Free,0.0,Everyone
Kaspersky Mobile Antivirus: AppLock & Web Security,TOOLS,4.7,2598579.0,50000000.0,49.0,Free,0.0,Everyone
Kate Mobile for VK,SOCIAL,4.4,540930.0,10000000.0,5.3,Free,0.0,Teen
Kawaii Easy Drawing : How to draw Step by Step,LIFESTYLE,4.3,34327.0,5000000.0,8.1,Free,0.0,Everyone
Keep My Notes - Notepad & Memo,PRODUCTIVITY,4.6,122424.0,5000000.0,4.7,Free,0.0,Everyone
Keep Trainer - Workout Trainer & Fitness Coach,HEALTH_AND_FITNESS,4.7,14810.0,1000000.0,,Free,0.0,Everyone
Keeper: Free Password Manager & Secure Vault,PRODUCTIVITY,4.2,74146.0,10000000.0,32.0,Free,0.0,Everyone
Keepsafe Photo Vault: Hide Private Photos & Videos,PHOTOGRAPHY,4.6,1656808.0,50000000.0,,Free,0.0,Everyone
Keller Williams Real Estate,LIFESTYLE,4.4,13213.0,1000000.0,22.0,Free,0.0,Everyone
Kenmore Smart AC,LIFESTYLE,1.9,71.0,5000.0,24.0,Free,0.0,Everyone
Kernel Manager for Franco Kernel ✨,TOOLS,4.8,12700.0,100000.0,10.0,Paid,3.49,Everyone
Key Ring: Cards Coupon & Sales,SHOPPING,4.1,42871.0,1000000.0,23.0,Free,0.0,Everyone
"Keyboard - wallpapers , photos",PERSONALIZATION,4.4,55525.0,10000000.0,22.0,Free,0.0,Everyone
Keyboard ManMan,TOOLS,4.4,121304.0,10000000.0,,Free,0.0,Everyone
Keyboard Theme Dusk BK Purple,PERSONALIZATION,4.5,248.0,10000.0,2.8,Free,0.0,Mature 17+
Keyboard Theme Gate Flat BW,PERSONALIZATION,4.5,75.0,10000.0,2.6,Free,0.0,Mature 17+
Keyboard for Sony Xperia J,PERSONALIZATION,4.1,797.0,50000.0,6.7,Free,0.0,Everyone
Keypad Lock Screen,TOOLS,4.2,428581.0,10000000.0,4.7,Free,0.0,Everyone
Khan Academy,EDUCATION,4.6,85375.0,5000000.0,21.0,Free,0.0,Everyone
Kiamichi EC,TOOLS,4.6,7.0,1000.0,3.9,Free,0.0,Everyone
Kick the Buddy,GAME,4.3,1004709.0,50000000.0,,Free,0.0,Teen
Kicker U,LIFESTYLE,4.1,124.0,5000.0,37.0,Paid,3.99,Everyone
Kicker U Lite,LIFESTYLE,4.1,438.0,50000.0,26.0,Free,0.0,Everyone
Kiddopia - Preschool Learning Games,FAMILY,4.5,64.0,10000.0,81.0,Free,0.0,Everyone
Kidjo TV Kids Have Fun & Learn,ENTERTAINMENT,4.6,732.0,100000.0,,Free,0.0,Everyone
Kids A-Z,FAMILY,4.2,26426.0,1000000.0,30.0,Free,0.0,Everyone
Kids Animals Jigsaw Puzzles 😄,FAMILY,4.1,51895.0,10000000.0,22.0,Free,0.0,Everyone
Kids Balloon Pop Game Free 🎈,FAMILY,4.1,38021.0,10000000.0,19.0,Free,0.0,Everyone
Kids Corner: Interactive Tales and Games for kids,FAMILY,4.5,6404.0,500000.0,46.0,Free,0.0,Everyone
Kids Craft Ideas,PARENTING,4.1,99.0,10000.0,6.6,Free,0.0,Everyone
Kids Doctor ER Emergency Rescue Kids Hospital Game,FAMILY,3.8,515.0,100000.0,85.0,Free,0.0,Everyone
Kids Educational :All in One,FAMILY,4.5,1455.0,500000.0,8.9,Free,0.0,Everyone
Kids Educational Game 3 Free,FAMILY,4.3,24936.0,5000000.0,38.0,Free,0.0,Everyone
"Kids Fang - Infant Videos, Children's Songs, Fairy Tales, Lullaby Collections",PARENTING,4.6,349.0,100000.0,4.4,Free,0.0,Everyone
Kids Learn Languages by Mondly,EDUCATION,4.4,2078.0,100000.0,,Free,0.0,Everyone
Kids Mode,EDUCATION,3.8,2469.0,500000.0,11.0,Free,0.0,Everyone
Kids Paint Free - Drawing Fun,ART_AND_DESIGN,4.7,121.0,10000.0,3.1,Free,0.0,Everyone
Kids Photo Frames,PHOTOGRAPHY,4.6,15700.0,1000000.0,10.0,Free,0.0,Everyone
Kids Videos,PARENTING,4.1,559.0,100000.0,6.4,Free,0.0,Everyone
Kik,COMMUNICATION,4.3,2451136.0,100000000.0,,Free,0.0,Teen
Kill Shot Bravo: Sniper FPS,GAME,4.4,579519.0,10000000.0,99.0,Free,0.0,Mature 17+
Kimbrough AH,MEDICAL,5.0,5.0,100.0,28.0,Free,0.0,Everyone
KineMaster – Pro Video Editor,VIDEO_PLAYERS,4.5,1013867.0,50000000.0,32.0,Free,0.0,Everyone
King Burger Dash,FAMILY,3.6,445.0,50000.0,12.0,Free,0.0,Everyone
King of Avalon: Dragon Warfare,FAMILY,4.2,306652.0,10000000.0,64.0,Free,0.0,Everyone 10+
King of B.S.,FAMILY,4.0,4.0,100.0,0.8203125,Free,0.0,Everyone
King of Math,FAMILY,4.4,766.0,10000.0,14.0,Paid,2.99,Everyone
Kingdom in Chaos,FAMILY,4.3,5623.0,100000.0,28.0,Free,0.0,Everyone 10+
Kingdoms at War: Hardcore PVP,FAMILY,4.3,34898.0,1000000.0,92.0,Free,0.0,Teen
Kinot & Eichah for Tisha B'Av,BOOKS_AND_REFERENCE,4.4,98.0,10000.0,6.3,Free,0.0,Everyone
Kinot Tisha'a Be'av - Ashkenaz,LIFESTYLE,4.5,82.0,5000.0,8.7,Free,0.0,Everyone
Kiss Me! Lip Kissing Test,FAMILY,3.5,191.0,50000.0,5.0,Free,0.0,Everyone
Kitchen Island Ideas,HOUSE_AND_HOME,4.0,515.0,50000.0,5.8,Free,0.0,Everyone
Kitchen Stories - Recipes & Cooking,FOOD_AND_DRINK,4.6,22015.0,1000000.0,,Free,0.0,Everyone
Klara weather,WEATHER,4.6,36900.0,500000.0,4.8,Free,0.0,Everyone
Klart.se - Sweden's best weather,WEATHER,3.6,7623.0,1000000.0,19.0,Free,0.0,Everyone
Klix.ba,NEWS_AND_MAGAZINES,4.0,3647.0,100000.0,5.7,Free,0.0,Everyone
Knife Hit,GAME,4.5,462614.0,10000000.0,60.0,Free,0.0,Everyone
Knife&Axe Throwing,GAME,3.1,440.0,50000.0,9.1,Free,0.0,Everyone
Knightfall™ AR,FAMILY,4.2,254.0,10000.0,25.0,Free,0.0,Teen
Knights N Squires,FAMILY,4.4,148826.0,1000000.0,49.0,Free,0.0,Teen
Koch Morse Trainer Pro,COMMUNICATION,4.6,94.0,1000.0,1.1,Paid,2.49,Everyone
"Kohl's: Scan, Shop, Pay & Save",SHOPPING,4.5,79261.0,5000000.0,57.0,Free,0.0,Everyone
Koi Free Live Wallpaper,PERSONALIZATION,4.2,290241.0,50000000.0,4.1,Free,0.0,Everyone
Koi Live Wallpaper,PERSONALIZATION,4.6,14026.0,100000.0,12.0,Paid,0.99,Everyone
"Kolkata News:Anandbazar Patrika,ei samay&AllRating",NEWS_AND_MAGAZINES,5.0,10.0,100.0,5.0,Free,0.0,Everyone
Koran Read &MP3 30 Juz Offline,BOOKS_AND_REFERENCE,4.8,29551.0,1000000.0,67.0,Free,0.0,Everyone
Korean Dungeon: K-Word 1000,GAME,4.7,703.0,10000.0,40.0,Free,0.0,Everyone 10+
Korean English Translator,FAMILY,4.4,634.0,100000.0,1.8,Free,0.0,Everyone
Kpop Music Quiz (K-pop Game),FAMILY,4.2,6418.0,100000.0,59.0,Free,0.0,Everyone
Krazy Coupon Lady,SHOPPING,4.7,10318.0,1000000.0,32.0,Free,0.0,Everyone
Kristian Hla Bu,BOOKS_AND_REFERENCE,4.8,238.0,10000.0,27.0,Free,0.0,Everyone
Kroger,SHOPPING,4.3,38961.0,5000000.0,27.0,Free,0.0,Everyone
Kromium BW Theme for NEXT,PERSONALIZATION,4.3,1098.0,50000.0,18.0,Free,0.0,Everyone
Krypton by krypt.co,PRODUCTIVITY,4.6,38.0,1000.0,13.0,Free,0.0,Everyone
KudaGo - things to do in NY,EVENTS,4.4,4298.0,100000.0,4.4,Free,0.0,Everyone
Kung Fu Do Fighting,GAME,4.0,271214.0,10000000.0,,Free,0.0,Teen
Kurio - Read the Latest News,NEWS_AND_MAGAZINES,4.2,40167.0,1000000.0,8.7,Free,0.0,Everyone
Kymco AK 550,AUTO_AND_VEHICLES,4.3,47.0,1000.0,58.0,Free,0.0,Everyone
L.A. Crime Stories 2 Mad City Crime,GAME,4.2,3946.0,100000.0,42.0,Free,0.0,Teen
L.A. Crime Stories Mad City Crime,GAME,4.0,30008.0,1000000.0,99.0,Free,0.0,Mature 17+
L.O.L. Surprise Ball Pop,FAMILY,4.3,10088.0,1000000.0,,Free,0.0,Everyone
"L.POINT - 엘포인트 [ 포인트, 멤버십, 적립, 사용, 모바일 카드, 쿠폰, 롯데]",LIFESTYLE,4.0,45224.0,5000000.0,49.0,Free,0.0,Everyone
LA Stories 4 New Order Sandbox 2018,GAME,4.2,17453.0,1000000.0,99.0,Free,0.0,Mature 17+
LA Times: Your California News,NEWS_AND_MAGAZINES,3.6,3311.0,100000.0,10.0,Free,0.0,Everyone
"LALALAB prints your photos, photobooks and magnets",PHOTOGRAPHY,4.7,50424.0,1000000.0,82.0,Free,0.0,Everyone
LBB - Find New & Unique Things To Do Around You,EVENTS,4.6,3874.0,100000.0,14.0,Free,0.0,Everyone
LC-DB,PHOTOGRAPHY,3.0,1.0,10.0,2.5,Paid,3.49,Everyone
LED Flashlight,TOOLS,4.4,207706.0,10000000.0,4.3,Free,0.0,Everyone
LEDSHOWTW,TOOLS,4.2,5.0,500.0,31.0,Free,0.0,Everyone
LEGO Batman: DC Super Heroes,FAMILY,4.2,2557.0,50000.0,5.8,Paid,4.99,Everyone 10+
LEGO ® Batman: Beyond Gotham,FAMILY,4.1,10758.0,100000.0,8.0,Paid,4.99,Everyone 10+
LEGO® DC Mighty Micros,FAMILY,4.3,139545.0,10000000.0,63.0,Free,0.0,Everyone
LEGO® Friends,FAMILY,4.4,854.0,10000.0,6.9,Paid,4.99,Everyone
LEGO® Friends: Heartlake Rush,FAMILY,4.5,23671.0,1000000.0,91.0,Free,0.0,Everyone
LEGO® Juniors Create & Cruise,FAMILY,4.1,673203.0,50000000.0,73.0,Free,0.0,Everyone
LEGO® TV,FAMILY,3.7,17250.0,1000000.0,7.2,Free,0.0,Everyone 10+
LG AC Smart Diagnosis,LIFESTYLE,3.4,377.0,100000.0,6.1,Free,0.0,Everyone
LG AV REMOTE,TOOLS,3.4,2420.0,1000000.0,1.8,Free,0.0,Everyone
LG BT Reader Plus,TOOLS,3.7,2992.0,500000.0,0.5712890625,Free,0.0,Everyone
LG Health,HEALTH_AND_FITNESS,3.3,20098.0,10000000.0,25.0,Free,0.0,Everyone
LG Hi-Fi Plus Manager,TOOLS,3.5,154.0,10000.0,3.4,Free,0.0,Everyone
LIFULL HOME'S,HOUSE_AND_HOME,4.2,7573.0,1000000.0,18.0,Free,0.0,Everyone
LIKE – Magic Video Maker & Community,VIDEO_PLAYERS,4.6,921868.0,50000000.0,47.0,Free,0.0,Teen
LINE Camera - Photo editor,PHOTOGRAPHY,4.3,1517395.0,100000000.0,,Free,0.0,Everyone
LINE I Love Coffee,FAMILY,4.0,250257.0,5000000.0,50.0,Free,0.0,Everyone
LINE Launcher,PERSONALIZATION,4.4,733838.0,10000000.0,21.0,Free,0.0,Everyone
LINE WEBTOON - Free Comics,COMICS,4.5,1013944.0,10000000.0,,Free,0.0,Teen
LINE: Free Calls & Messages,COMMUNICATION,4.2,10790289.0,500000000.0,,Free,0.0,Everyone
LIVE VIDEO TALK,DATING,4.7,478.0,10000.0,4.5,Free,0.0,Mature 17+
LOBSTR - go on a lunch date,DATING,3.7,101.0,10000.0,15.0,Free,0.0,Mature 17+
LOCX Applock Lock Apps & Photo,PRODUCTIVITY,4.5,208543.0,10000000.0,,Free,0.0,Everyone
LOL Pics (Funny Pictures),ENTERTAINMENT,4.4,67554.0,1000000.0,7.7,Free,0.0,Teen
LOVOO,SOCIAL,4.0,852455.0,10000000.0,68.0,Free,0.0,Mature 17+
LTC AS Legal,MEDICAL,4.0,6.0,100.0,1.3,Paid,39.99,Everyone
La La-Shop Designer Brands Street,SHOPPING,4.5,5123.0,500000.0,14.0,Free,0.0,Everyone
La Liga - Spanish Soccer League Official,SPORTS,4.5,180938.0,10000000.0,29.0,Free,0.0,Everyone
La Poupée du Voyant,FAMILY,4.4,265.0,50000.0,8.2,Free,0.0,Everyone
La citadelle du musulman,BOOKS_AND_REFERENCE,4.5,314.0,50000.0,9.8,Free,0.0,Everyone
Lab Values + Medical Reference,MEDICAL,4.5,133.0,10000.0,2.8,Paid,2.99,Everyone
LabCorp | Patient,MEDICAL,3.6,27.0,10000.0,28.0,Free,0.0,Everyone
Labs on Demand,MEDICAL,5.0,1.0,10.0,22.0,Free,0.0,Everyone
LactMed,MEDICAL,4.3,573.0,100000.0,2.0,Free,0.0,Everyone
Ladies' Ab Workout FREE,HEALTH_AND_FITNESS,4.0,12906.0,1000000.0,8.5,Free,0.0,Everyone
"Laftel - Watching and Announcing Snooping, Streaming",COMICS,4.6,4895.0,100000.0,35.0,Free,0.0,Everyone
Lake Michigan CU Mobile,FINANCE,4.0,732.0,50000.0,5.5,Free,0.0,Everyone
Lakeside AG Moultrie,LIFESTYLE,5.0,3.0,50.0,8.6,Free,0.0,Everyone
Lalafo Pulsuz Elanlar,SHOPPING,4.4,61392.0,1000000.0,,Free,0.0,Everyone
Lanterns: The Harvest Festival,FAMILY,4.7,185.0,1000.0,72.0,Paid,4.99,Everyone
Lapse It • Time Lapse • Pro,PHOTOGRAPHY,4.3,12865.0,100000.0,6.9,Paid,2.99,Everyone
Lark - 24/7 Health Coach,HEALTH_AND_FITNESS,4.1,3405.0,100000.0,51.0,Free,0.0,Everyone
Larry H Miller Automotive,PRODUCTIVITY,3.1,67.0,10000.0,8.3,Free,0.0,Everyone
Las Vegas Lights FC,SPORTS,4.9,10.0,500.0,14.0,Free,0.0,Everyone
Last Day on Earth: Survival,GAME,4.5,2311785.0,10000000.0,87.0,Free,0.0,Teen
Last Empire - War Z: Strategy,FAMILY,4.2,853495.0,50000000.0,78.0,Free,0.0,Teen
Last Shelter: Survival,GAME,4.4,93033.0,5000000.0,98.0,Free,0.0,Teen
LateRooms: Find Hotel Deals,TRAVEL_AND_LOCAL,4.1,2419.0,1000000.0,13.0,Free,0.0,Everyone
Latest Barcelona News 24h,NEWS_AND_MAGAZINES,4.5,104.0,10000.0,3.0,Free,0.0,Everyone
Latest DP and Status Pro 2018,FAMILY,4.7,19.0,1000.0,5.7,Free,0.0,Everyone
Latest Emmanuella Comedy Video,PARENTING,4.6,60.0,10000.0,4.9,Free,0.0,Everyone
Laugh Out Loud by Kevin Hart,ENTERTAINMENT,4.3,1856.0,100000.0,20.0,Free,0.0,Teen
Launcher,PERSONALIZATION,4.5,102923.0,1000000.0,18.0,Free,0.0,Everyone
Launcher Oreo 8.1,PERSONALIZATION,4.5,13466.0,500000.0,3.4,Free,0.0,Everyone
Launcher Theme for LG K10 2018,PERSONALIZATION,4.0,649.0,100000.0,11.0,Free,0.0,Everyone
Lavender Emoji Keyboard Theme,PERSONALIZATION,4.1,12008.0,1000000.0,6.1,Free,0.0,Everyone
Law of Creation: A Playable Manga,GAME,4.5,13118.0,500000.0,47.0,Free,0.0,Teen
Lazada - Online Shopping & Deals,SHOPPING,4.2,1573054.0,50000000.0,,Free,0.0,Everyone
"Le Monde, the continuous news",NEWS_AND_MAGAZINES,4.2,83558.0,5000000.0,,Free,0.0,Everyone
Lead'er,FINANCE,4.1,54.0,5000.0,5.8,Free,0.0,Everyone
League of Gamers - Be an E-Sports Legend!,SPORTS,4.5,68072.0,5000000.0,40.0,Free,0.0,Everyone
League of Stickman 2018- Ninja Arena PVP(Dreamsky),GAME,4.4,32496.0,1000000.0,99.0,Paid,0.99,Teen
League18,SPORTS,4.3,14123.0,500000.0,13.0,Free,0.0,Everyone
Learn 50 languages,EDUCATION,4.4,55256.0,5000000.0,14.0,Free,0.0,Everyone
Learn Artificial Intelligence,FAMILY,4.6,27.0,10000.0,4.2,Free,0.0,Everyone
Learn Basic C - For Beginners,FAMILY,4.7,27.0,5000.0,0.75390625,Free,0.0,Everyone
Learn Body Parts in English,FAMILY,4.0,7243.0,1000000.0,42.0,Free,0.0,Everyone
Learn Bulgarian Free,FAMILY,4.7,3049.0,50000.0,,Free,0.0,Everyone
Learn C Programming (Examples) (OFFLINE),FAMILY,4.3,43.0,10000.0,3.7,Free,0.0,Everyone
Learn C [NEW],FAMILY,4.5,349.0,50000.0,11.0,Free,0.0,Everyone
Learn C# - .Net - C Sharp Programming Tutorial App,FAMILY,4.0,1320.0,100000.0,8.6,Free,0.0,Everyone
Learn C++,EDUCATION,4.6,73404.0,1000000.0,5.3,Free,0.0,Everyone
Learn CT Scan Of Head,BOOKS_AND_REFERENCE,4.1,10.0,5000.0,5.7,Free,0.0,Everyone
Learn DS [BETA],FAMILY,4.3,9.0,500.0,5.0,Free,0.0,Everyone
Learn English Daily,FAMILY,4.5,7881.0,500000.0,53.0,Free,0.0,Everyone
"Learn English Vocabulary - 6,000 Words",FAMILY,4.5,205914.0,10000000.0,54.0,Free,0.0,Everyone
Learn English Words Free,EDUCATION,4.6,172640.0,5000000.0,14.0,Free,0.0,Everyone
Learn English for beginners,EDUCATION,4.5,1929.0,500000.0,2.5,Free,0.0,Everyone
Learn English from Persian: Persian to English,EDUCATION,4.3,423.0,100000.0,21.0,Free,0.0,Everyone
Learn English with Aco,EDUCATION,4.6,75112.0,1000000.0,6.5,Free,0.0,Everyone
Learn English with El Chavo.,FAMILY,4.2,6133.0,100000.0,7.0,Free,0.0,Everyone
Learn English with Phrases,EDUCATION,4.2,5695.0,1000000.0,,Free,0.0,Everyone
Learn English with Wlingua,EDUCATION,4.7,314300.0,10000000.0,3.3,Free,0.0,Everyone
Learn German: Die Bienenretter,FAMILY,4.0,25.0,5000.0,79.0,Free,0.0,Everyone
Learn HTML,EDUCATION,4.7,61749.0,1000000.0,5.4,Free,0.0,Everyone
Learn Italian with MosaLingua,FAMILY,4.7,1719.0,50000.0,,Paid,4.99,Teen
"Learn Japanese, Korean, Chinese Offline & Free",EDUCATION,4.9,133136.0,1000000.0,26.0,Free,0.0,Everyone
Learn Java,EDUCATION,4.7,52743.0,1000000.0,5.4,Free,0.0,Everyone
Learn JavaScript,EDUCATION,4.6,25183.0,1000000.0,5.4,Free,0.0,Everyone
Learn Math with el Chavo,FAMILY,4.2,840.0,100000.0,60.0,Free,0.0,Everyone
Learn Morse Code - G0HYN Learn Morse,COMMUNICATION,4.0,27.0,5000.0,0.5859375,Free,0.0,Everyone
Learn Music Notes,FAMILY,4.7,143.0,1000.0,4.4,Paid,1.99,Everyone
Learn R - Programming Concepts,FAMILY,3.5,6.0,1000.0,2.9,Free,0.0,Everyone
Learn R Language Easy Way,FAMILY,4.1,17.0,10000.0,2.2,Free,0.0,Everyone
Learn SQL,EDUCATION,4.7,19277.0,1000000.0,5.3,Free,0.0,Everyone
Learn Spanish - Español,EDUCATION,4.7,32346.0,1000000.0,3.2,Free,0.0,Everyone
Learn To Draw Glow Flower,FAMILY,4.4,7320.0,1000000.0,10.0,Free,0.0,Everyone
Learn To Draw Glow Princess,FAMILY,4.5,3323.0,1000000.0,9.6,Free,0.0,Everyone
Learn To Draw Kawaii Characters,ART_AND_DESIGN,3.2,55.0,5000.0,2.7,Free,0.0,Everyone
Learn Top 300 English Words,FAMILY,4.7,61600.0,1000000.0,3.4,Free,0.0,Everyone
Learn alif ba ta,FAMILY,4.8,23.0,10000.0,35.0,Free,0.0,Everyone
"Learn languages, grammar & vocabulary with Memrise",EDUCATION,4.7,1107948.0,10000000.0,,Free,0.0,Everyone
Learn programming,EDUCATION,4.1,12733.0,1000000.0,,Free,0.0,Everyone
Learn to Read with Tommy Turtle,FAMILY,4.0,20763.0,5000000.0,,Free,0.0,Everyone
Learn to Speak English,EDUCATION,4.4,33646.0,1000000.0,7.0,Free,0.0,Everyone
Learn to code with el Chavo,FAMILY,3.9,5933.0,1000000.0,60.0,Free,0.0,Everyone
Learners Test Free: AU Driver Knowledge Test (DKT),FAMILY,3.9,623.0,100000.0,8.5,Free,0.0,Everyone
Left vs Right: Brain Training,FAMILY,4.5,75719.0,5000000.0,30.0,Free,0.0,Everyone
Legend - Animate Text in Video,SOCIAL,4.5,228737.0,10000000.0,,Free,0.0,Everyone
Leghe Fantagazzetta,SPORTS,4.1,79464.0,1000000.0,27.0,Free,0.0,Everyone
Legion of Heroes,FAMILY,4.3,143087.0,1000000.0,69.0,Free,0.0,Everyone 10+
Legit Check App by Ch Daniel,LIFESTYLE,4.9,66.0,1000.0,8.1,Free,0.0,Everyone
Leica CL,PHOTOGRAPHY,2.6,8.0,1000.0,2.4,Free,0.0,Everyone
Leica Q,PHOTOGRAPHY,3.1,133.0,10000.0,2.3,Free,0.0,Everyone
"Length Converter: convert mm,cm,m, feet,yard,mile",TOOLS,4.7,76.0,50000.0,2.2,Free,0.0,Everyone
Lennox iComfort Wi-Fi,LIFESTYLE,3.0,552.0,50000.0,7.6,Free,0.0,Everyone
Leo and Tig,FAMILY,4.5,47644.0,1000000.0,27.0,Free,0.0,Everyone
Lep's World 2 🍀🍀,GAME,4.3,798522.0,100000000.0,57.0,Free,0.0,Everyone 10+
Lep's World 3 🍀🍀🍀,GAME,4.3,771001.0,50000000.0,52.0,Free,0.0,Everyone 10+
Lep's World 🍀,GAME,4.3,696019.0,50000000.0,,Free,0.0,Everyone 10+
Lerni. Learn languages.,EDUCATION,4.0,3847.0,500000.0,6.9,Free,0.0,Everyone
Lesbian Chat & Dating - SPICY,SOCIAL,4.5,63765.0,1000000.0,11.0,Free,0.0,Mature 17+
Let us C - Example Programs,FAMILY,4.3,36.0,5000.0,1.1,Free,0.0,Everyone
Let's Learn Alif Ba Ta,FAMILY,4.6,32.0,10000.0,60.0,Free,0.0,Everyone
Let's Poke The Egg,GAME,3.4,9051.0,1000000.0,23.0,Free,0.0,Everyone
Lettre de motivation et CV,FAMILY,4.3,979.0,100000.0,9.9,Free,0.0,Everyone
Lettre et demande d'emploi,FAMILY,4.6,302.0,100000.0,9.9,Free,0.0,Everyone
Lezhin Comics - Daily Releases,COMICS,3.0,28447.0,1000000.0,15.0,Free,0.0,Teen
Libre Scan (Diabetes:M addon),MEDICAL,2.4,102.0,10000.0,1.2,Free,0.0,Everyone
Lie Detector,FAMILY,3.1,306.0,50000.0,2.9,Free,0.0,Everyone
Lie Detector Prank,FAMILY,3.9,80313.0,10000000.0,3.7,Free,0.0,Everyone
Lie Detector Test Prank,FAMILY,4.4,222308.0,10000000.0,6.9,Free,0.0,Everyone
Life market,SHOPPING,4.5,30834.0,1000000.0,13.0,Free,0.0,Everyone
Lifeguard Beach Rescue ER Emergency Hospital Games,FAMILY,3.9,519.0,100000.0,76.0,Free,0.0,Everyone
Lifetime - Watch Full Episodes & Original Movies,ENTERTAINMENT,4.0,35931.0,1000000.0,19.0,Free,0.0,Teen
Light Meter - EV,PHOTOGRAPHY,4.0,26.0,1000.0,8.5,Free,0.0,Everyone
Light X - Icon Pack,PERSONALIZATION,4.6,252.0,10000.0,24.0,Paid,0.99,Everyone
LightInTheBox Online Shopping,SHOPPING,4.0,41986.0,5000000.0,26.0,Free,0.0,Teen
LightMeter (noAds),PHOTOGRAPHY,4.6,617.0,10000.0,12.0,Paid,1.99,Everyone
LightMeter Free,PHOTOGRAPHY,4.1,5485.0,1000000.0,13.0,Free,0.0,Everyone
LightX Photo Editor & Photo Effects,PHOTOGRAPHY,4.7,259450.0,10000000.0,17.0,Free,0.0,Everyone
Lightning Web Browser,COMMUNICATION,4.1,12578.0,500000.0,2.3,Free,0.0,Everyone
Like A Boss,FAMILY,4.4,17069.0,500000.0,94.0,Free,0.0,Everyone 10+
Lily & Leo - Crazy Circus Day,FAMILY,3.6,8091.0,1000000.0,43.0,Free,0.0,Everyone
Limbo PC Emulator QEMU ARM x86,TOOLS,4.2,13005.0,1000000.0,9.7,Free,0.0,Everyone
LineStar For DK,SPORTS,4.3,1387.0,50000.0,14.0,Free,0.0,Everyone
LineStar for FanDuel,SPORTS,4.3,1539.0,50000.0,14.0,Free,0.0,Teen
Lineage 2: Revolution,GAME,4.2,187972.0,5000000.0,99.0,Free,0.0,Teen
LinkedIn,SOCIAL,4.2,1225367.0,100000000.0,,Free,0.0,Everyone
LinkedIn Learning: Online Courses to Learn Skills,EDUCATION,4.6,7973.0,1000000.0,18.0,Free,0.0,Everyone
Lionel Messi Wallpapers,SPORTS,4.7,950.0,100000.0,18.0,Free,0.0,Everyone
Lippincott Nursing Advisor,MEDICAL,3.8,343.0,50000.0,26.0,Free,0.0,Everyone
Lire avec Sami et Julie,FAMILY,3.6,569.0,100000.0,18.0,Free,0.0,Everyone
Listen and learn English in seven days,EDUCATION,4.3,1516.0,100000.0,3.9,Free,0.0,Everyone
Listen to the story~The Story of the Fairy Tales,PARENTING,4.7,69.0,5000.0,5.8,Free,0.0,Everyone
Lite Messenger for Facebook Lite,SOCIAL,3.8,108.0,10000.0,2.8,Free,0.0,Teen
Lite for Facebook Messenger,COMMUNICATION,4.3,76498.0,1000000.0,4.3,Free,0.0,Teen
Litnet - E-books,BOOKS_AND_REFERENCE,4.6,7831.0,100000.0,15.0,Free,0.0,Teen
Little Big City 2,FAMILY,4.4,344383.0,10000000.0,30.0,Free,0.0,Everyone
Little Caesars,FOOD_AND_DRINK,3.3,1726.0,500000.0,30.0,Free,0.0,Everyone
Little Eye Surgery Simulator - ER Doctor Game,FAMILY,4.4,12.0,1000.0,19.0,Free,0.0,Teen
Little Fire Station,FAMILY,4.2,3762.0,1000000.0,44.0,Free,0.0,Everyone
Little Lovely Dentist,FAMILY,4.2,17786.0,1000000.0,16.0,Free,0.0,Everyone
Little Magnet BT,TOOLS,4.6,3703.0,100000.0,3.8,Free,0.0,Everyone
Little Magnet BT Pro,TOOLS,4.6,251.0,1000.0,3.8,Paid,0.99,Everyone
Little Panda Run,FAMILY,4.2,3235.0,1000000.0,32.0,Free,0.0,Everyone
Little Pets Animal Guardians,FAMILY,4.6,18893.0,100000.0,91.0,Free,0.0,Everyone
Little Teddy Bear Colouring Book Game,ART_AND_DESIGN,4.2,85.0,100000.0,8.0,Free,0.0,Everyone
Live 3D Neon Blue Love Heart Keyboard Theme,PERSONALIZATION,4.3,6626.0,1000000.0,9.1,Free,0.0,Everyone
Live 4D Results ! (MY & SG),LIFESTYLE,4.6,116079.0,5000000.0,3.2,Free,0.0,Everyone
Live Camera Viewer ★ World Webcam & IP Cam Streams,TRAVEL_AND_LOCAL,4.0,64164.0,10000000.0,3.6,Free,0.0,Everyone
Live Chat - Free Video Chat Rooms,DATING,4.8,20.0,500.0,4.9,Free,0.0,Mature 17+
Live Chat - Free Video Talk,DATING,4.7,14.0,5000.0,21.0,Free,0.0,Mature 17+
Live DV,PHOTOGRAPHY,2.0,16.0,1000.0,17.0,Free,0.0,Everyone
Live Girls Talk - Free Video Chat,DATING,4.8,125.0,5000.0,4.7,Free,0.0,Mature 17+
Live Golf Scores - US & European Golf,SPORTS,4.2,798.0,50000.0,4.7,Free,0.0,Everyone 10+
Live Hold’em Pro Poker - Free Casino Games,GAME,4.6,1123190.0,10000000.0,,Free,0.0,Teen
Live Radio BD,FAMILY,4.2,69.0,10000.0,3.5,Free,0.0,Everyone
Live Talk - Free Text and Video Chat,DATING,4.6,185.0,10000.0,5.0,Free,0.0,Mature 17+
Live Tennis Rankings / LTR,SPORTS,4.8,1660.0,10000.0,4.7,Free,0.0,Everyone
Live Weather & Daily Local Weather Forecast,WEATHER,4.5,13426.0,1000000.0,19.0,Free,0.0,Everyone
Live Weather Pro,WEATHER,4.8,892.0,10000.0,17.0,Free,0.0,Everyone
"LiveMe - Video chat, new friends, and make money",SOCIAL,4.5,457197.0,10000000.0,,Free,0.0,Teen
LiveScore: Live Sport Updates,SPORTS,4.4,283662.0,10000000.0,,Free,0.0,Everyone
Living Room Decorating Ideas,HOUSE_AND_HOME,4.0,4465.0,1000000.0,5.8,Free,0.0,Everyone
Living Smart Home,HOUSE_AND_HOME,4.6,39189.0,1000000.0,,Free,0.0,Everyone
LivingSocial - Local Deals,SHOPPING,4.1,28523.0,5000000.0,29.0,Free,0.0,Everyone
LocaToWeb - Live GPS tracking,SPORTS,4.6,200.0,1000.0,3.0,Paid,2.49,Everyone
Local Services ads by Google,BUSINESS,4.1,7.0,1000.0,12.0,Free,0.0,Everyone
Local Weather Forecast & Visual Widget,WEATHER,4.5,3478.0,500000.0,6.1,Free,0.0,Everyone
Local weather Forecast,WEATHER,4.4,5482.0,1000000.0,12.0,Free,0.0,Everyone
Lock 'n' Roll Pro - Ad Free,GAME,4.6,169.0,1000.0,13.0,Paid,0.99,Everyone
Lock Screen,TOOLS,4.0,41137.0,1000000.0,4.6,Free,0.0,Everyone
Lock Screen - DU Locker & Lock screen wallpaper,TOOLS,4.5,5174.0,100000.0,4.7,Free,0.0,Everyone
Lock Screen Phone X Style OS 11,TOOLS,4.4,1166.0,100000.0,13.0,Free,0.0,Everyone
Logo Maker - Small Business,ART_AND_DESIGN,4.0,450.0,100000.0,14.0,Free,0.0,Everyone
LokLok: Draw on a Lock Screen,COMMUNICATION,4.1,14766.0,500000.0,16.0,Free,0.0,Teen
Lollipop Keyboard L Pro,PERSONALIZATION,3.6,5525.0,500000.0,2.6,Free,0.0,Everyone
Lollipop Launcher Plus,PERSONALIZATION,4.1,131.0,1000.0,0.0263671875,Paid,4.99,Everyone
Long Realty AZ Home Search,LIFESTYLE,4.4,132.0,10000.0,33.0,Free,0.0,Everyone
Lookout Security & Antivirus,TOOLS,4.4,951413.0,100000000.0,13.0,Free,0.0,Everyone
Loop - Caribbean Local News,NEWS_AND_MAGAZINES,4.0,4332.0,1000000.0,12.0,Free,0.0,Everyone
Loop - Habit Tracker,PRODUCTIVITY,4.7,17955.0,1000000.0,3.8,Free,0.0,Everyone
Looper!,GAME,4.6,48256.0,1000000.0,62.0,Free,0.0,Everyone
Lords Mobile: Battle of the Empires - Strategy RPG,GAME,4.4,3057481.0,50000000.0,14.0,Free,0.0,Teen
Loreal - BA Makeup,TOOLS,1.9,8.0,1000.0,6.7,Free,0.0,Everyone
Lose Belly Fat in 30 Days - Flat Stomach,HEALTH_AND_FITNESS,4.9,38098.0,5000000.0,11.0,Free,0.0,Everyone
Lose Belly Fat-Home Abs Fitness Workout,HEALTH_AND_FITNESS,4.6,199.0,50000.0,8.8,Free,0.0,Everyone
Lose It! - Calorie Counter,HEALTH_AND_FITNESS,4.4,69395.0,10000000.0,,Free,0.0,Everyone
Lose Weight in 30 Days,HEALTH_AND_FITNESS,4.8,220125.0,10000000.0,11.0,Free,0.0,Everyone
Lost Journey (Dreamsky),GAME,4.5,32344.0,1000000.0,29.0,Paid,0.99,Everyone
Lotte Home Shopping LOTTE Homeshopping,SHOPPING,3.6,8820.0,5000000.0,33.0,Free,0.0,Everyone
Lottery Driver- Florida Result,FAMILY,4.4,70.0,5000.0,4.4,Free,0.0,Teen
Lottery Results: Florida,FAMILY,4.2,582.0,100000.0,3.2,Free,0.0,Teen
Lottery Ticket Checker - Florida Results & Lotto,TOOLS,1.0,3.0,500.0,41.0,Free,0.0,Everyone
Lotto Results - Mega Millions Powerball Lottery US,NEWS_AND_MAGAZINES,4.5,14221.0,1000000.0,1.8,Free,0.0,Teen
Louis CK,FAMILY,4.7,244.0,10000.0,25.0,Free,0.0,Mature 17+
Love Balls,GAME,4.2,360630.0,50000000.0,40.0,Free,0.0,Everyone
Love Collage - Photo Editor,PHOTOGRAPHY,4.3,251686.0,10000000.0,31.0,Free,0.0,Everyone
Love Dance,GAME,4.0,29462.0,1000000.0,44.0,Free,0.0,Teen
Love Fonts for FlipFont,PERSONALIZATION,3.9,28694.0,1000000.0,2.9,Free,0.0,Everyone
Love Images,SOCIAL,4.3,16404.0,1000000.0,2.3,Free,0.0,Everyone
Love Nikki-Dress UP Queen,GAME,4.4,212524.0,5000000.0,93.0,Free,0.0,Everyone
Love Signal: D-Mate,FAMILY,4.3,1895.0,50000.0,72.0,Free,0.0,Everyone
Love Sticker,SOCIAL,4.6,33177.0,1000000.0,10.0,Free,0.0,Everyone
Loved by King Bs,FAMILY,4.6,5546.0,100000.0,85.0,Free,0.0,Everyone
Lovely Cute Pink Kitty Cat Keyboard Theme,PERSONALIZATION,4.3,2267.0,500000.0,7.2,Free,0.0,Everyone
Low Blood Pressure Symptoms,MEDICAL,4.2,28.0,10000.0,2.3,Free,0.0,Everyone
Low Poly – Puzzle art game,ENTERTAINMENT,4.5,23063.0,1000000.0,17.0,Free,0.0,Everyone
Ludo - Don't get angry,GAME,4.2,131.0,1000.0,23.0,Paid,1.61,Everyone
Ludo Dz,GAME,4.5,17.0,500.0,28.0,Free,0.0,Everyone
Ludo Family Dice Game,FAMILY,4.2,3593.0,500000.0,19.0,Free,0.0,Everyone
Lufthansa,TRAVEL_AND_LOCAL,3.6,14544.0,1000000.0,43.0,Free,0.0,Everyone
Lullaby Add-on for Sleep as Android,HEALTH_AND_FITNESS,3.9,2057.0,50000.0,6.2,Paid,1.99,Everyone
Lumosity: #1 Brain Games & Cognitive Training App,EDUCATION,4.2,215301.0,10000000.0,,Free,0.0,Everyone
Lunar Calendar,LIFESTYLE,4.5,484.0,1000.0,,Paid,4.99,Mature 17+
Lunar Calendar Lite,LIFESTYLE,4.1,2954.0,100000.0,,Free,0.0,Mature 17+
Lust in Terror Manor - The Truth Unveiled | Otome,GAME,4.1,355.0,10000.0,53.0,Free,0.0,Teen
Lux Home Decorating Room Games,FAMILY,4.0,1518.0,100000.0,,Free,0.0,Everyone
Luxury Car Simulator,FAMILY,3.9,35989.0,1000000.0,46.0,Free,0.0,Everyone
Luxy Pro- Elite Dating Single,DATING,3.9,742.0,50000.0,26.0,Free,0.0,Mature 17+
Lynda - Online Training Videos,EDUCATION,4.2,8599.0,1000000.0,17.0,Free,0.0,Everyone
Lyra Virtual Assistant,PRODUCTIVITY,4.5,41624.0,1000000.0,3.4,Free,0.0,Everyone
Lyrics of Ek Paheli Leela,FAMILY,5.0,4.0,500.0,2.3,Free,0.0,Everyone
M Launcher -Marshmallow 6.0,PERSONALIZATION,4.4,37234.0,1000000.0,7.3,Free,0.0,Everyone
M Notifier for M Launcher,TOOLS,4.2,2803.0,100000.0,1.4,Free,0.0,Everyone
M Theme - Dark Green Icon Pack,PERSONALIZATION,4.2,202.0,10000.0,4.9,Free,0.0,Everyone
M star Dialer,COMMUNICATION,3.5,400.0,100000.0,4.2,Free,0.0,Everyone
M+,NEWS_AND_MAGAZINES,4.9,198.0,10000.0,9.1,Free,0.0,Everyone
M-Files,BUSINESS,4.4,236.0,10000.0,44.0,Free,0.0,Everyone
M-Sight Pro,VIDEO_PLAYERS,3.3,30.0,5000.0,15.0,Free,0.0,Everyone
M-acceleration 3D Car Racing,GAME,3.9,1202.0,100000.0,34.0,Free,0.0,Everyone
M3-X5-X6-M-İ3-İ8 RACİNG 2018,GAME,4.4,596.0,100000.0,44.0,Free,0.0,Everyone
MAIN,TRAVEL_AND_LOCAL,3.6,7081.0,1000000.0,51.0,Free,0.0,Everyone
MAPS.ME – Offline Map and Travel Navigation,TRAVEL_AND_LOCAL,4.5,932870.0,50000000.0,,Free,0.0,Everyone
MARCA - Diario Líder Deportivo,SPORTS,3.9,76340.0,5000000.0,14.0,Free,0.0,Everyone
MARCA - Sports Leader Diary,SPORTS,3.9,76346.0,5000000.0,14.0,Free,0.0,Everyone
MARVEL Avengers Academy,GAME,4.2,304106.0,10000000.0,,Free,0.0,Teen
MARVEL Contest of Champions,GAME,4.3,2468915.0,50000000.0,92.0,Free,0.0,Teen
MARVEL Future Fight,FAMILY,4.6,2354042.0,50000000.0,72.0,Free,0.0,Everyone 10+
MARVEL Strike Force,FAMILY,4.3,166312.0,5000000.0,91.0,Free,0.0,Teen
MB Notifications for FB (Free),SOCIAL,3.9,3047.0,100000.0,1.5,Free,0.0,Teen
MBTA GPS - Track the T,MAPS_AND_NAVIGATION,3.8,82.0,5000.0,5.6,Free,0.0,Everyone
MBU DX Cluster,TOOLS,4.0,5.0,500.0,1.6,Free,0.0,Everyone
MCQ CE IT,FAMILY,5.0,22.0,1000.0,3.6,Free,0.0,Everyone
MCRAFT AR - EDITOR,FAMILY,3.4,131.0,5000.0,22.0,Free,0.0,Everyone
MDLIVE: Talk to a Doctor 24/7,MEDICAL,3.4,650.0,100000.0,27.0,Free,0.0,Everyone
MEGA,PRODUCTIVITY,4.0,549973.0,50000000.0,,Free,0.0,Everyone
MEGA MAN MOBILE,GAME,4.0,267.0,10000.0,40.0,Paid,1.99,Everyone
MEGOGO - Cinema and TV,ENTERTAINMENT,4.0,175528.0,10000000.0,,Free,0.0,Everyone
METEO FRANCE,WEATHER,3.9,100994.0,5000000.0,54.0,Free,0.0,Everyone
MHD F-Series,AUTO_AND_VEHICLES,4.9,73.0,1000.0,23.0,Free,0.0,Everyone
MI-BP,HEALTH_AND_FITNESS,5.0,1.0,50.0,12.0,Free,0.0,Everyone
MIUI Style GO Weather EX,WEATHER,4.2,2115.0,500000.0,1.1,Free,0.0,Everyone
MIX by Camera360,PHOTOGRAPHY,4.4,111066.0,5000000.0,74.0,Free,0.0,Everyone
MJX H,FAMILY,3.7,126.0,10000.0,13.0,Free,0.0,Everyone
MK eCatalog,LIFESTYLE,4.0,6676.0,1000000.0,6.2,Free,0.0,Everyone
MLB At Bat,SPORTS,4.2,82883.0,5000000.0,,Free,0.0,Everyone
MLB Ballpark,SPORTS,3.9,5511.0,1000000.0,32.0,Free,0.0,Everyone
MLB Perfect Inning 2018,SPORTS,4.2,42767.0,1000000.0,72.0,Free,0.0,Everyone
MLB TAP SPORTS BASEBALL 2018,GAME,4.6,32506.0,1000000.0,82.0,Free,0.0,Everyone
MLP Colouring Adventures,FAMILY,3.8,7379.0,1000000.0,61.0,Free,0.0,Everyone
"MMX Hill Dash 2 – Offroad Truck, Car & Bike Racing",GAME,4.4,41975.0,1000000.0,79.0,Free,0.0,Everyone
MOD-MASTER for Minecraft PE (Pocket Edition) Free,TOOLS,4.2,271908.0,10000000.0,8.1,Free,0.0,Everyone
MOMOLAND BBoom BBoom,LIBRARIES_AND_DEMO,4.6,2580.0,100000.0,20.0,Free,0.0,Everyone
MORTAL KOMBAT X,GAME,4.4,3039889.0,10000000.0,18.0,Free,0.0,Mature 17+
MSN Money- Stock Quotes & News,FINANCE,4.5,78361.0,1000000.0,22.0,Free,0.0,Everyone
MSN Sports - Scores & Schedule,SPORTS,4.5,35394.0,500000.0,21.0,Free,0.0,Everyone
MTV,ENTERTAINMENT,3.8,35279.0,1000000.0,15.0,Free,0.0,Teen
MUTV - Manchester United TV,SPORTS,4.4,4549.0,500000.0,24.0,Free,0.0,Everyone
MX Player,VIDEO_PLAYERS,4.5,6474672.0,500000000.0,,Free,0.0,Everyone
MX Player Codec (ARMv7),LIBRARIES_AND_DEMO,4.3,332083.0,10000000.0,6.3,Free,0.0,Everyone
MY LITTLE PONY: Magic Princess,FAMILY,4.4,1309728.0,50000000.0,,Free,0.0,Everyone
MYCU TX Mobile Banking,FINANCE,3.0,4.0,100.0,,Free,0.0,Everyone
MYTO CZ,MAPS_AND_NAVIGATION,2.9,30.0,5000.0,4.8,Free,0.0,Everyone
Mackolik Live Results,SPORTS,3.9,188834.0,10000000.0,,Free,0.0,Everyone
Mad Dash Fo' Cash,GAME,5.0,14.0,100.0,16.0,Free,0.0,Everyone
Mad Day - Truck Distance Game,GAME,4.3,29270.0,5000000.0,44.0,Free,0.0,Everyone
Mad Libs,FAMILY,4.0,8126.0,1000000.0,61.0,Free,0.0,Everyone
Mad Skills BMX 2,GAME,4.5,29940.0,1000000.0,80.0,Free,0.0,Everyone
Mad Skills Motocross,GAME,4.0,32522.0,1000000.0,44.0,Free,0.0,Everyone
MadLipz,FAMILY,4.6,171017.0,10000000.0,13.0,Free,0.0,Teen
Madagascar Surf n' Slides Free,FAMILY,3.8,48929.0,5000000.0,45.0,Free,0.0,Everyone
Madden NFL Football,FAMILY,4.5,1455952.0,10000000.0,,Free,0.0,Everyone
Mafia City,GAME,4.5,168717.0,10000000.0,56.0,Free,0.0,Mature 17+
Magana Jari ce Littafi Na Uku : Part 3 of 3,FAMILY,4.8,65.0,5000.0,55.0,Free,0.0,Everyone
Magazine Luiza Online Shopping,SHOPPING,4.3,109124.0,10000000.0,22.0,Free,0.0,Everyone
MagiMobile – Mighty Magiswords,FAMILY,4.2,120035.0,5000000.0,45.0,Free,0.0,Everyone
Magic Tiles - Blackpink Edition (K-Pop),GAME,4.6,4304.0,100000.0,71.0,Free,0.0,Everyone
Magic Tiles - TWICE Edition (K-Pop),GAME,4.4,2351.0,100000.0,62.0,Free,0.0,Everyone
Magic Tiles 3,GAME,4.5,592504.0,50000000.0,,Free,0.0,Everyone
MagicLight BT,LIFESTYLE,2.7,135.0,10000.0,6.5,Free,0.0,Everyone
Magisto Video Editor & Maker,VIDEO_PLAYERS,4.3,960726.0,10000000.0,,Free,0.0,Everyone
Magnum 3.0 Gun Custom SImulator,GAME,4.5,16815.0,1000000.0,59.0,Free,0.0,Teen
Magoosh GMAT Prep & Practice,EDUCATION,4.3,1058.0,100000.0,,Free,0.0,Everyone
Mahalaxmi Dindarshika 2018,PRODUCTIVITY,4.2,25427.0,1000000.0,9.2,Free,0.0,Everyone
Maher EL Mouaikly - Offline,FAMILY,4.6,166.0,10000.0,2.6,Free,0.0,Everyone
Mahjong,FAMILY,4.5,33983.0,5000000.0,22.0,Free,0.0,Everyone
Mail.Ru - Email App,COMMUNICATION,4.6,837842.0,50000000.0,,Free,0.0,Everyone
Mail1Click - Secure Mail,COMMUNICATION,4.1,255.0,10000.0,1.6,Free,0.0,Everyone
"MailChimp - Email, Marketing Automation",BUSINESS,4.1,5448.0,500000.0,12.0,Free,0.0,Everyone
Major Mayhem,GAME,4.6,520962.0,10000000.0,39.0,Free,0.0,Teen
Make a burger king,FAMILY,3.8,125.0,10000.0,17.0,Free,0.0,Everyone
Make your Be Like Bill,COMICS,4.0,78.0,5000.0,2.8,Free,0.0,Everyone
MakeMyTrip-Flight Hotel Bus Cab IRCTC Rail Booking,TRAVEL_AND_LOCAL,4.3,599872.0,10000000.0,,Free,0.0,Everyone
Makeup Editor -Beauty Photo Editor & Selfie Camera,PHOTOGRAPHY,4.5,3378.0,1000000.0,30.0,Free,0.0,Mature 17+
Makeup Photo Editor: Makeup Camera & Makeup Editor,PHOTOGRAPHY,4.4,10525.0,1000000.0,25.0,Free,0.0,Everyone
Makeup Videos,BEAUTY,3.8,9.0,5000.0,3.4,Free,0.0,Everyone
MakeupPlus - Your Own Virtual Makeup Artist,PHOTOGRAPHY,4.4,758780.0,50000000.0,53.0,Free,0.0,Everyone
Maleficent Free Fall,FAMILY,4.4,450013.0,10000000.0,37.0,Free,0.0,Everyone
Mali 7 - Actualités au Mali,NEWS_AND_MAGAZINES,4.3,697.0,50000.0,5.7,Free,0.0,Everyone
Mali J,SOCIAL,3.2,185.0,10000.0,4.7,Free,0.0,Teen
Manage My Pain Pro,MEDICAL,4.4,726.0,5000.0,,Paid,3.99,Everyone
Mandala Coloring Book,ART_AND_DESIGN,4.6,4326.0,100000.0,21.0,Free,0.0,Everyone
Manga - read Thai translation,COMICS,4.6,302.0,10000.0,2.2,Free,0.0,Teen
Manga AZ - Manga Comic Reader,COMICS,3.3,126.0,5000.0,4.7,Free,0.0,Teen
Manga Books,COMICS,3.8,7326.0,500000.0,,Free,0.0,Adults only 18+
Manga Mania - Best online manga reader,COMICS,4.4,757.0,10000.0,10.0,Free,0.0,Teen
Manga Master - Best manga & comic reader,COMICS,4.6,24005.0,500000.0,4.9,Free,0.0,Adults only 18+
Manga Net – Best Online Manga Reader,COMICS,4.1,1010.0,50000.0,11.0,Free,0.0,Mature 17+
Manga Rock - Best Manga Reader,COMICS,4.4,238970.0,1000000.0,28.0,Free,0.0,Teen
Manga Zero - Japanese cartoon and comic reader,COMICS,4.2,15194.0,1000000.0,15.0,Free,0.0,Teen
Manga-FR - Anime Vostfr,COMICS,3.4,291.0,10000.0,13.0,Free,0.0,Everyone
MangaToon - Comics updated Daily,COMICS,3.9,834.0,50000.0,15.0,Free,0.0,Mature 17+
Mango Languages: Lovable Language Courses,EDUCATION,4.0,4815.0,500000.0,19.0,Free,0.0,Everyone
Map Callouts for CS:GO,GAME,4.3,211.0,50000.0,3.6,Free,0.0,Everyone
Map Coordinates,MAPS_AND_NAVIGATION,4.3,16657.0,1000000.0,3.6,Free,0.0,Everyone
Map My Fitness Workout Trainer,HEALTH_AND_FITNESS,4.4,38343.0,1000000.0,55.0,Free,0.0,Everyone
Map My Hike GPS Hiking,HEALTH_AND_FITNESS,4.4,12858.0,500000.0,55.0,Free,0.0,Everyone
Map My Ride GPS Cycling Riding,HEALTH_AND_FITNESS,4.5,106547.0,1000000.0,54.0,Free,0.0,Everyone
Map and Router Badge,MAPS_AND_NAVIGATION,4.4,3652.0,500000.0,32.0,Free,0.0,Everyone
Map of Cyprus offline,TRAVEL_AND_LOCAL,4.6,470.0,10000.0,21.0,Free,0.0,Everyone
"MapQuest: Directions, Maps, GPS & Navigation",MAPS_AND_NAVIGATION,4.1,53481.0,10000000.0,,Free,0.0,Everyone
MapleStory M,FAMILY,3.5,31538.0,1000000.0,82.0,Free,0.0,Everyone 10+
"Mappy - Plan, route comparison, GPS",MAPS_AND_NAVIGATION,4.1,15922.0,1000000.0,,Free,0.0,Everyone
Maps & GPS Navigation OsmAnd+,TRAVEL_AND_LOCAL,4.3,15209.0,100000.0,,Paid,8.99,Everyone
Maps & GPS Navigation — OsmAnd,MAPS_AND_NAVIGATION,4.2,60838.0,5000000.0,,Free,0.0,Everyone
Maps - Navigate & Explore,TRAVEL_AND_LOCAL,4.3,9235373.0,1000000000.0,,Free,0.0,Everyone
Maps CU,FINANCE,3.5,256.0,10000.0,28.0,Free,0.0,Everyone
"Maps, GPS Navigation & Directions, Street View",MAPS_AND_NAVIGATION,4.2,207440.0,10000000.0,6.4,Free,0.0,Everyone
Mapy.cz - Cycling & Hiking offline maps,MAPS_AND_NAVIGATION,4.5,56443.0,1000000.0,43.0,Free,0.0,Everyone
"Marathi DP - status and message,jokes,Video app",FAMILY,4.3,694.0,100000.0,3.8,Free,0.0,Everyone
Marble - Temple Quest,GAME,4.3,42053.0,10000000.0,24.0,Free,0.0,Everyone
Marble Woka Woka 2018 - Bubble Shooter Match 3,GAME,4.6,155186.0,10000000.0,,Free,0.0,Everyone
Marcus Theatres,ENTERTAINMENT,3.6,2639.0,100000.0,8.5,Free,0.0,Everyone
Marked by King Bs,FAMILY,4.6,70335.0,500000.0,58.0,Free,0.0,Teen
Market Update Helper,LIBRARIES_AND_DEMO,4.1,20145.0,1000000.0,0.0107421875,Free,0.0,Everyone
Marvel Unlimited,COMICS,3.7,22551.0,1000000.0,11.0,Free,0.0,Teen
Marvel and DC Wallpapers,PERSONALIZATION,4.2,249.0,10000.0,91.0,Free,0.0,Everyone
Masha and Bear: Cooking Dash,FAMILY,4.3,151374.0,10000000.0,54.0,Free,0.0,Everyone
Masha and The Bear,FAMILY,4.0,39779.0,5000000.0,19.0,Free,0.0,Everyone
Masha and The Bear Jam Day Match 3 games for kids,FAMILY,4.6,50060.0,1000000.0,98.0,Free,0.0,Everyone
Masha and The Bear Puzzle Game,FAMILY,4.3,13330.0,1000000.0,73.0,Free,0.0,Everyone
Masha and the Bear,FAMILY,4.4,15105.0,1000000.0,36.0,Free,0.0,Everyone
Masha and the Bear Child Games,FAMILY,4.1,288606.0,10000000.0,92.0,Free,0.0,Everyone
Masha and the Bear. Educational Games,FAMILY,4.5,46369.0,10000000.0,33.0,Free,0.0,Everyone
Masha and the Bear. Games for kids,FAMILY,4.6,6231.0,1000000.0,31.0,Free,0.0,Everyone
Masha and the Bear: Climb Racing and Car Games,FAMILY,4.5,2200.0,1000000.0,73.0,Free,0.0,Everyone
Masha and the Bear: Evolution,FAMILY,4.5,2062.0,500000.0,42.0,Free,0.0,Everyone
Masha and the Bear: Good Night!,FAMILY,4.6,29155.0,1000000.0,83.0,Free,0.0,Everyone
Masha and the Bear: House Cleaning Games for Girls,FAMILY,4.5,43852.0,10000000.0,77.0,Free,0.0,Everyone
Mass Effect: Andromeda APEX HQ,GAME,3.4,4490.0,100000.0,92.0,Free,0.0,Everyone 10+
Master E.K,FAMILY,5.0,90.0,1000.0,,Free,0.0,Everyone
Master for Minecraft(Pocket Edition)-Mod Launcher,TOOLS,4.6,2674051.0,50000000.0,26.0,Free,0.0,Everyone
Master of Eternity(MOE),GAME,4.2,5829.0,100000.0,70.0,Free,0.0,Teen
Masterchef Cooking Games: Fun Restaurant & Kitchen,FAMILY,3.9,1036.0,100000.0,33.0,Free,0.0,Everyone
Match™ Dating - Meet Singles,DATING,3.7,76646.0,10000000.0,,Free,0.0,Mature 17+
Materialistic P Wallpapers,PERSONALIZATION,4.8,24.0,1000.0,3.6,Free,0.0,Everyone
Math Games for Pre-K - Grade 4,FAMILY,4.6,28.0,1000.0,23.0,Paid,1.99,Everyone
"Math Quiz Free: Grades K,1,2,3",FAMILY,4.3,159.0,10000.0,13.0,Free,0.0,Everyone
Math Solver,FAMILY,4.3,2250.0,100000.0,30.0,Free,0.0,Everyone
Math Tricks,EDUCATION,4.5,342918.0,10000000.0,8.1,Free,0.0,Everyone
Math games for kids : times tables - AB Math,FAMILY,3.9,2371.0,500000.0,8.3,Free,0.0,Everyone
Math games for kids : times tables training,FAMILY,4.5,630.0,10000.0,8.3,Paid,1.59,Everyone
Mayo Clinic,MEDICAL,4.3,2218.0,500000.0,,Free,0.0,Everyone
MazeMilitia Classic Multiplayer Shooting Game,GAME,4.4,1294.0,50000.0,44.0,Free,0.0,Mature 17+
MbH BM,MEDICAL,1.0,1.0,100.0,2.3,Free,0.0,Everyone
MbH BP,MEDICAL,3.7,9.0,1000.0,23.0,Free,0.0,Everyone
McClatchy DC Bureau,NEWS_AND_MAGAZINES,4.3,80.0,5000.0,8.7,Free,0.0,Everyone 10+
McDelivery Cyprus,FOOD_AND_DRINK,3.3,60.0,10000.0,25.0,Free,0.0,Everyone
McDonald's,FOOD_AND_DRINK,3.6,145646.0,10000000.0,42.0,Free,0.0,Everyone
McDonald's - McDonald's Japan,FOOD_AND_DRINK,3.4,109784.0,10000000.0,64.0,Free,0.0,Everyone
MealLogger-Photo Food Journal,HEALTH_AND_FITNESS,3.5,217.0,50000.0,9.4,Free,0.0,Teen
MedM Blood Pressure,MEDICAL,4.0,255.0,10000.0,16.0,Free,0.0,Everyone
MedStar eVisit,MEDICAL,4.5,20.0,5000.0,40.0,Free,0.0,Everyone
MediaFire,PRODUCTIVITY,4.1,71432.0,5000000.0,3.8,Free,0.0,Everyone
Mediatek SmartDevice,TOOLS,3.6,11187.0,1000000.0,7.3,Free,0.0,Everyone
Medical ID - In Case of Emergency (ICE),MEDICAL,4.6,717.0,5000.0,5.4,Paid,5.99,Everyone
Medical terms (OFFLINE),MEDICAL,4.4,104.0,1000.0,38.0,Paid,2.99,Teen
Meditate OM,HEALTH_AND_FITNESS,4.5,19074.0,1000000.0,4.2,Free,0.0,Everyone
"Meditation Music - Relax, Yoga",HEALTH_AND_FITNESS,4.6,48226.0,1000000.0,28.0,Free,0.0,Everyone
Meditation Studio,HEALTH_AND_FITNESS,4.6,1026.0,10000.0,29.0,Paid,3.99,Everyone
"Meet U - Get Friends for Snapchat, Kik & Instagram",SOCIAL,4.6,4435.0,100000.0,5.4,Free,0.0,Mature 17+
Meet – Talk to Strangers Using Random Video Chat,SOCIAL,4.6,60562.0,5000000.0,15.0,Free,0.0,Mature 17+
"Meet, chat & date. Free dating app - Chocolate app",DATING,3.9,8661.0,1000000.0,9.5,Free,0.0,Mature 17+
"Meet24 - Love, Chat, Singles",DATING,4.2,57083.0,1000000.0,7.9,Free,0.0,Mature 17+
"Meet4U - Chat, Love, Singles!",DATING,4.2,40039.0,1000000.0,6.5,Free,0.0,Mature 17+
MeetMe: Chat & Meet New People,SOCIAL,4.2,1259894.0,50000000.0,76.0,Free,0.0,Mature 17+
Meetup,SOCIAL,4.2,79130.0,5000000.0,23.0,Free,0.0,Teen
Mega Photo,PHOTOGRAPHY,4.2,44941.0,1000000.0,16.0,Free,0.0,Everyone
MegaFon Dashboard,COMMUNICATION,3.7,99559.0,10000000.0,,Free,0.0,Everyone
MegaN64 (N64 Emulator),FAMILY,4.6,877576.0,10000000.0,12.0,Free,0.0,Everyone
MegaNDS (NDS Emulator),GAME,3.4,2218.0,500000.0,11.0,Free,0.0,Everyone
Megatramp - a Story of Success!,FAMILY,4.3,322976.0,5000000.0,,Free,0.0,Teen
"Meitu – Beauty Cam, Easy Photo Editor",PHOTOGRAPHY,4.5,462702.0,10000000.0,45.0,Free,0.0,Everyone
MelifeCam-M,VIDEO_PLAYERS,3.5,81.0,10000.0,22.0,Free,0.0,Everyone
Melior NUI - Material CM Theme,PERSONALIZATION,4.7,1873.0,100000.0,14.0,Free,0.0,Everyone
Meme Creator,ENTERTAINMENT,4.2,38769.0,1000000.0,44.0,Free,0.0,Mature 17+
Meme Generator,ENTERTAINMENT,4.6,3771.0,100000.0,53.0,Paid,2.99,Mature 17+
Meme Generator Free,FAMILY,4.4,303394.0,10000000.0,53.0,Free,0.0,Mature 17+
Memes Button,COMICS,4.4,5968.0,1000000.0,5.7,Free,0.0,Everyone
Memorado - Brain Games,EDUCATION,4.4,56897.0,1000000.0,97.0,Free,0.0,Everyone
"Memory Helper - To do list, Notepad, Notes, Memo",PRODUCTIVITY,4.7,7566.0,500000.0,4.0,Free,0.0,Everyone
Menstrual Calendar Premium,MEDICAL,4.4,4207.0,50000.0,,Paid,3.99,Everyone
Mental Hospital V,GAME,4.2,2460.0,50000.0,25.0,Paid,0.99,Mature 17+
Mental Hospital:EB 2 Lite,GAME,4.1,5341.0,100000.0,8.8,Free,0.0,Teen
Mercado Libre: Find your favorite brands,SHOPPING,4.7,3860225.0,50000000.0,,Free,0.0,Everyone
Mercari: The Selling App,SHOPPING,4.4,101883.0,10000000.0,13.0,Free,0.0,Everyone
Mercato foot by Maxifoot,SPORTS,4.4,697.0,100000.0,3.0,Free,0.0,Everyone
Merck CE,BUSINESS,4.5,2.0,100.0,25.0,Free,0.0,Everyone
Merge Dragons!,GAME,4.5,214819.0,5000000.0,91.0,Free,0.0,Everyone
Meritrust CU Mobile Banking,FINANCE,4.7,3661.0,50000.0,14.0,Free,0.0,Everyone
Mermaids,EDUCATION,4.2,14286.0,5000000.0,,Free,0.0,Everyone
Message AI - Write Better Messages (Free),SOCIAL,3.7,3.0,100.0,7.9,Free,0.0,Everyone
"Messages, Text and Video Chat for Messenger",SOCIAL,4.4,49580.0,10000000.0,4.0,Free,0.0,Everyone
"Messaging+ SMS, MMS Free",COMMUNICATION,4.1,28238.0,1000000.0,17.0,Free,0.0,Everyone
Messenger,SOCIAL,4.1,68025.0,10000000.0,3.9,Free,0.0,Everyone
Messenger Kids – Safer Messaging and Video Chat,FAMILY,4.2,3478.0,500000.0,,Free,0.0,Everyone
"Messenger L SMS, MMS",PERSONALIZATION,4.0,6263.0,500000.0,20.0,Free,0.0,Everyone
Messenger Lite: Free Calls & Messages,COMMUNICATION,4.4,1429038.0,100000000.0,,Free,0.0,Everyone
Messenger Messenger,SOCIAL,4.3,38826.0,10000000.0,7.0,Free,0.0,Everyone
Messenger Pro,SOCIAL,4.4,13762.0,1000000.0,3.9,Free,0.0,Everyone
Messenger for SMS,COMMUNICATION,4.3,125257.0,10000000.0,17.0,Free,0.0,Teen
Messenger – Text and Video Chat for Free,COMMUNICATION,4.0,56646578.0,1000000000.0,,Free,0.0,Everyone
MetaTrader 4,FINANCE,4.6,260547.0,5000000.0,,Free,0.0,Everyone
MetaTrader 5,FINANCE,4.5,42410.0,1000000.0,,Free,0.0,Everyone
Metal Detector Pro 2015,TOOLS,3.6,1166.0,100000.0,0.341796875,Free,0.0,Everyone
Metal Soldiers 2,GAME,4.4,153649.0,10000000.0,,Free,0.0,Teen
Methods of teeth whitening,BEAUTY,4.7,257.0,50000.0,4.6,Free,0.0,Everyone
Metro name iD,PRODUCTIVITY,4.0,27800.0,10000000.0,,Free,0.0,Everyone
Meu Cartão BV,FINANCE,4.1,15057.0,500000.0,5.7,Free,0.0,Everyone
"Mi Remote controller - for TV, STB, AC and more",TOOLS,4.1,114340.0,10000000.0,28.0,Free,0.0,Everyone
MiAI (Artificial Intelligence) Assistant,PRODUCTIVITY,3.7,3.0,100.0,7.5,Free,0.0,Everyone
Miami Crime Vice Town,GAME,4.1,154519.0,10000000.0,99.0,Free,0.0,Mature 17+
Miami crime simulator,GAME,4.0,254518.0,10000000.0,100.0,Free,0.0,Mature 17+
"Mico- Stranger Chat Random video Chat, Live, Meet",SOCIAL,4.4,624557.0,10000000.0,56.0,Free,0.0,Mature 17+
Micro Fi,FAMILY,3.7,39.0,5000.0,2.8,Free,0.0,Everyone
Microsoft Edge,COMMUNICATION,4.3,27187.0,5000000.0,66.0,Free,0.0,Everyone
Microsoft Excel,PRODUCTIVITY,4.5,1079616.0,100000000.0,,Free,0.0,Everyone
Microsoft Launcher,PERSONALIZATION,4.6,649568.0,10000000.0,26.0,Free,0.0,Everyone
Microsoft News,NEWS_AND_MAGAZINES,4.2,31504.0,1000000.0,31.0,Free,0.0,Everyone 10+
Microsoft OneDrive,PRODUCTIVITY,4.4,1038306.0,100000000.0,,Free,0.0,Everyone
Microsoft OneNote,PRODUCTIVITY,4.4,480643.0,100000000.0,,Free,0.0,Everyone
Microsoft Outlook,PRODUCTIVITY,4.3,3252896.0,100000000.0,50.0,Free,0.0,Everyone
Microsoft Power BI–Business data analytics,BUSINESS,4.5,1819.0,100000.0,10.0,Free,0.0,Everyone
Microsoft PowerPoint,PRODUCTIVITY,4.5,618798.0,100000000.0,,Free,0.0,Everyone
Microsoft Remote Desktop,BUSINESS,4.2,97702.0,5000000.0,,Free,0.0,Everyone
"Microsoft To-Do: List, Task & Reminder",PRODUCTIVITY,4.1,14432.0,1000000.0,16.0,Free,0.0,Everyone
Microsoft Translator,PRODUCTIVITY,4.6,209696.0,5000000.0,49.0,Free,0.0,Everyone
Microsoft Word,PRODUCTIVITY,4.5,2084126.0,500000000.0,,Free,0.0,Everyone
Middlesbrough FC Official,SPORTS,4.5,152.0,10000.0,36.0,Free,0.0,Everyone
Might & Magic: Elemental Guardians,GAME,4.3,32551.0,500000.0,35.0,Free,0.0,Mature 17+
Migraine Buddy - The Migraine and Headache tracker,MEDICAL,4.7,26862.0,500000.0,30.0,Free,0.0,Everyone
"Migraine, Headache Diary HeadApp Pro",MEDICAL,4.6,156.0,500.0,22.0,Paid,3.49,Everyone
Mike V: Skateboard Party PRO,SPORTS,4.2,2506.0,50000.0,,Paid,3.99,Everyone
MileIQ - Free Mileage Tracker for Business,FINANCE,4.5,46106.0,1000000.0,22.0,Free,0.0,Everyone
Millionaire : Who want to be?,GAME,4.4,4396.0,100000.0,40.0,Free,0.0,Everyone
Millionaire Match: Rich Singles Dating App,DATING,3.9,853.0,100000.0,27.0,Free,0.0,Mature 17+
Millionaire Quiz Free: Be Rich,FAMILY,3.8,66033.0,10000000.0,6.8,Free,0.0,Everyone
Mind Games Pro,FAMILY,4.6,15301.0,100000.0,18.0,Paid,2.99,Everyone
"Mind Map AR, Augmented Reality ARCore Mind Mapping",PRODUCTIVITY,4.2,29.0,5000.0,35.0,Free,0.0,Everyone
Mindvalley U Tallinn 2018,EVENTS,5.0,1.0,100.0,21.0,Free,0.0,Everyone
Minecraft,FAMILY,4.5,2376564.0,10000000.0,,Paid,6.99,Everyone 10+
Mingle - Online Dating App to Chat & Meet People,DATING,4.1,15081.0,1000000.0,38.0,Free,0.0,Mature 17+
Mingle2 - Free Online Dating & Singles Chat Rooms,DATING,4.3,37053.0,1000000.0,44.0,Free,0.0,Mature 17+
Mini DAYZ: Zombie Survival,GAME,4.1,94661.0,1000000.0,,Free,0.0,Teen
Mini DV,AUTO_AND_VEHICLES,3.5,12.0,5000.0,19.0,Free,0.0,Everyone
Mini Golf King - Multiplayer Game,GAME,4.5,531458.0,5000000.0,100.0,Free,0.0,Everyone
Mini Motor Racing WRT,GAME,4.2,107497.0,1000000.0,,Free,0.0,Everyone
Mini for Facebook lite,SOCIAL,4.1,260.0,10000.0,1.3,Free,0.0,Teen
Mini for fb lite,TOOLS,4.0,710.0,100000.0,1.1,Free,0.0,Everyone
MiniInTheBox Online Shopping,SHOPPING,3.9,34171.0,1000000.0,,Free,0.0,Everyone
MiniMovie - Free Video and Slideshow Editor,VIDEO_PLAYERS,4.5,504823.0,50000000.0,,Free,0.0,Everyone
Minion Rush: Despicable Me Official Game,FAMILY,4.5,10216997.0,100000000.0,,Free,0.0,Everyone 10+
"Mint: Budget, Bills, Finance",FINANCE,4.3,129305.0,5000000.0,,Free,0.0,Everyone
Miraculous Ladybug & Cat Noir - The Official Game,GAME,4.5,185382.0,10000000.0,99.0,Free,0.0,Everyone
Mircules DX Cluster Lite,COMMUNICATION,4.5,51.0,5000.0,21.0,Free,0.0,Everyone
Mirk V Launcher Theme,PERSONALIZATION,4.5,292.0,10000.0,7.9,Free,0.0,Everyone
Mirrativ: Live Stream Any App,SOCIAL,4.1,17955.0,500000.0,89.0,Free,0.0,Teen
Mirror,LIFESTYLE,4.1,367505.0,10000000.0,,Free,0.0,Everyone
Mirror - Zoom & Exposure -,BEAUTY,3.9,32090.0,1000000.0,,Free,0.0,Everyone
Mirror Camera (Mirror + Selfie Camera),BEAUTY,4.1,9315.0,1000000.0,2.6,Free,0.0,Everyone
Mirror Photo:Editor Collage (HD),PHOTOGRAPHY,4.1,373606.0,10000000.0,,Free,0.0,Everyone
Mirror’s Edge™ Companion,GAME,3.4,1995.0,100000.0,43.0,Free,0.0,Everyone
Mix Tank – Tank Mixing Ag App,PRODUCTIVITY,3.6,64.0,10000.0,15.0,Free,0.0,Everyone
Mix Virtual DJ 2018,TOOLS,4.2,2925.0,100000.0,16.0,Free,0.0,Everyone
Moana Island Life,FAMILY,4.1,15246.0,1000000.0,78.0,Free,0.0,Everyone
Mobi Calculator free & AD free!,TOOLS,4.6,77311.0,5000000.0,,Free,0.0,Everyone
Mobile Bancomer,FINANCE,4.2,278082.0,10000000.0,70.0,Free,0.0,Everyone
Mobile C [ C/C++ Compiler ],FAMILY,4.3,4624.0,100000.0,78.0,Free,0.0,Everyone
Mobile CS,BUSINESS,4.0,13.0,1000.0,5.7,Free,0.0,Everyone
Mobile CS:GO,GAME,3.1,1015.0,100000.0,0.6279296875,Free,0.0,Everyone
Mobile Doc Scanner (MDScan) Lite,BUSINESS,4.2,46505.0,1000000.0,19.0,Free,0.0,Everyone
Mobile FC,SPORTS,4.1,5015.0,100000.0,57.0,Free,0.0,Everyone
Mobile Kick,SPORTS,4.3,111809.0,10000000.0,40.0,Free,0.0,Everyone
Mobile Legends: Bang Bang,GAME,4.4,8219586.0,100000000.0,99.0,Free,0.0,Teen
Mobile Number Tracker,TOOLS,3.9,19758.0,5000000.0,2.9,Free,0.0,Everyone
Mobile Security & Antivirus,PRODUCTIVITY,4.7,564759.0,10000000.0,,Free,0.0,Everyone
"Mobile Security: Antivirus, Web Scan & App Lock",PRODUCTIVITY,4.4,574719.0,10000000.0,20.0,Free,0.0,Everyone
Mobile Strike,FAMILY,3.9,903392.0,50000000.0,,Free,0.0,Everyone 10+
Mobile TV,ENTERTAINMENT,3.5,10939.0,10000000.0,4.6,Free,0.0,Everyone
MobileBiz Co - Cloud Invoice,BUSINESS,4.4,373.0,10000.0,4.0,Free,0.0,Everyone
MobilePatrol Public Safety App,SOCIAL,4.0,22695.0,1000000.0,,Free,0.0,Everyone 10+
Mobilight-BM,FINANCE,4.8,6.0,500.0,6.2,Free,0.0,Everyone
Mobills: Budget Planner,FINANCE,4.6,161440.0,1000000.0,16.0,Free,0.0,Everyone
Mobitee GPS Golf Free,SPORTS,4.2,1904.0,100000.0,9.9,Free,0.0,Everyone
"Mobizen Screen Recorder - Record, Capture, Edit",PRODUCTIVITY,4.3,1827212.0,50000000.0,,Free,0.0,Everyone
"Mobizen Screen Recorder for LG - Record, Capture",VIDEO_PLAYERS,4.5,58820.0,1000000.0,37.0,Free,0.0,Everyone
Mobizen Screen Recorder for SAMSUNG,VIDEO_PLAYERS,4.4,953894.0,10000000.0,37.0,Free,0.0,Everyone
"Moco - Chat, Meet People",DATING,4.2,313769.0,10000000.0,,Free,0.0,Mature 17+
"Moco+ - Chat, Meet People",DATING,4.2,1546.0,10000.0,,Paid,3.99,Mature 17+
Mod GTA V for MCPE,FAMILY,3.3,4288.0,500000.0,10.0,Free,0.0,Everyone
Modcloth – Unique Indie Women's Fashion & Style,SHOPPING,4.2,5121.0,500000.0,8.8,Free,0.0,Everyone
Modern Action Commando 3D,GAME,4.2,492.0,100000.0,63.0,Free,0.0,Teen
Modern Combat 5: eSports FPS,GAME,4.3,2903386.0,100000000.0,58.0,Free,0.0,Mature 17+
Modern Counter 3: FPS Multiplayers battlegro 3,FAMILY,4.1,17.0,1000.0,50.0,Free,0.0,Everyone
Modern Counter Global Strike 3D,GAME,4.1,297.0,50000.0,48.0,Free,0.0,Teen
Modern Counter Global Strike 3D V2,GAME,4.0,368.0,50000.0,48.0,Free,0.0,Everyone 10+
Modern Counter Terror Attack – Shooting Game,GAME,4.2,340.0,50000.0,72.0,Free,0.0,Mature 17+
Modern Counter Terrorist FPS Shoot,GAME,4.0,795.0,100000.0,41.0,Free,0.0,Teen
Modern Sniper Strike: Best Commando Action 2k18,GAME,4.1,164.0,10000.0,17.0,Free,0.0,Everyone
Modern Strike Online,GAME,4.3,834117.0,10000000.0,44.0,Free,0.0,Teen
Modern: DU Launcher Theme,PERSONALIZATION,4.2,868.0,50000.0,0.3017578125,Free,0.0,Everyone
Mom Doctor ER Emergency Family Game,FAMILY,3.5,173.0,10000.0,49.0,Free,0.0,Everyone
Moment,SOCIAL,4.5,19583.0,1000000.0,37.0,Free,0.0,Teen
MomentCam Cartoons & Stickers,PHOTOGRAPHY,4.2,1260143.0,50000000.0,,Free,0.0,Everyone
MommyMeds,MEDICAL,3.2,45.0,5000.0,21.0,Paid,3.99,Everyone
Monash Uni Low FODMAP Diet,MEDICAL,4.2,1135.0,100000.0,12.0,Paid,9.0,Everyone
Monefy - Money Manager,FINANCE,4.6,111254.0,1000000.0,7.4,Free,0.0,Everyone
"Money Lover: Expense Tracker, Budget Planner",FINANCE,4.4,126447.0,1000000.0,,Free,0.0,Everyone
Money Manager Ex for Android,FINANCE,4.2,2695.0,100000.0,,Free,0.0,Everyone
Money Manager Expense & Budget,FINANCE,4.6,134564.0,5000000.0,,Free,0.0,Everyone
"Moneycontrol – Stocks, Sensex, Mutual Funds, IPO",FINANCE,4.4,281635.0,5000000.0,,Free,0.0,Everyone
Monica Toy TV,FAMILY,4.7,6188.0,500000.0,49.0,Free,0.0,Everyone 10+
Monitor Your Weight,HEALTH_AND_FITNESS,4.5,126017.0,5000000.0,4.3,Free,0.0,Everyone
Monster Fishing 2018,SPORTS,4.4,32881.0,1000000.0,76.0,Free,0.0,Everyone
Monster High™,FAMILY,4.1,66661.0,5000000.0,22.0,Free,0.0,Everyone
Monster High™ Minis Mania,FAMILY,4.6,19170.0,1000000.0,70.0,Free,0.0,Everyone
Monster Park AR - Jurassic Dinosaurs in Real World,FAMILY,3.7,128.0,10000.0,20.0,Free,0.0,Everyone
Monster Ride Pro,GAME,5.0,1.0,10.0,24.0,Free,0.0,Everyone
Monster Truck Driver & Racing,FAMILY,4.4,765.0,1000000.0,51.0,Free,0.0,Everyone
Monster Truck Stunt 3D 2019,AUTO_AND_VEHICLES,4.2,367.0,100000.0,25.0,Free,0.0,Everyone
Montessori Preschool,FAMILY,3.9,237.0,100000.0,26.0,Free,0.0,Everyone
Monument Valley 2,GAME,4.6,9394.0,100000.0,33.0,Paid,4.99,Everyone
MoodSpace,MEDICAL,4.5,503.0,50000.0,22.0,Free,0.0,Everyone
Moodpath - Depression & Anxiety Test,MEDICAL,4.6,6035.0,100000.0,8.9,Free,0.0,Everyone
Moon+ Reader,BOOKS_AND_REFERENCE,4.4,233757.0,10000000.0,,Free,0.0,Everyone
Moonlight GO Weather EX,WEATHER,4.2,11510.0,1000000.0,3.5,Free,0.0,Everyone
"Moony Lab - Print Photos, Books & Magnets ™",PHOTOGRAPHY,4.7,1320.0,50000.0,9.5,Free,0.0,Everyone
Moovit: Bus Time & Train Time Live Info,MAPS_AND_NAVIGATION,4.4,617477.0,10000000.0,,Free,0.0,Everyone
Mopar Drag N Brag,GAME,4.2,30630.0,1000000.0,17.0,Free,0.0,Everyone
Morse Code Reader,COMMUNICATION,3.9,1436.0,100000.0,0.01953125,Free,0.0,Everyone
Morse Decoder for Ham Radio,COMMUNICATION,3.7,166.0,5000.0,2.0,Paid,4.99,Everyone
Morse Machine for Ham Radio,COMMUNICATION,4.8,341.0,5000.0,9.6,Paid,0.99,Everyone
Morse Notifier Free,TOOLS,4.6,79.0,1000.0,3.0,Free,0.0,Everyone
Morse Player,FAMILY,5.0,12.0,100.0,2.4,Paid,1.99,Everyone
Morse Player Free,FAMILY,4.2,268.0,50000.0,4.2,Free,0.0,Everyone
Morse Trainer for Ham Radio,COMMUNICATION,4.6,265.0,10000.0,2.6,Paid,2.99,Everyone
Mortgage by Zillow: Calculator & Rates,HOUSE_AND_HOME,4.3,4435.0,500000.0,7.9,Free,0.0,Everyone
Mosaic puzzles,FAMILY,4.4,1595.0,500000.0,14.0,Free,0.0,Everyone
Moto Display,TOOLS,4.2,18239.0,10000000.0,,Free,0.0,Everyone
Moto Fighter 3D,GAME,3.9,85410.0,10000000.0,39.0,Free,0.0,Everyone 10+
Moto File Manager,TOOLS,4.1,38679.0,10000000.0,5.9,Free,0.0,Everyone
Moto LED for Moto X & E [Root],LIFESTYLE,3.4,4082.0,500000.0,0.310546875,Free,0.0,Everyone
Moto Photo Editor,PHOTOGRAPHY,3.3,3492.0,5000000.0,17.0,Free,0.0,Everyone
Moto Rider,GAME,4.2,115176.0,10000000.0,24.0,Free,0.0,Teen
Moto Suggestions ™,TOOLS,4.6,308.0,1000000.0,4.3,Free,0.0,Everyone
Moto Voice,TOOLS,4.1,33216.0,10000000.0,,Free,0.0,Everyone
Moto Z Market,TOOLS,2.2,605.0,1000000.0,3.8,Free,0.0,Everyone
Motocross Beach Jumping 3D,FAMILY,4.0,105954.0,10000000.0,43.0,Free,0.0,Teen
Motocross Fun Simulator,FAMILY,3.8,22570.0,1000000.0,35.0,Free,0.0,Everyone
Motocross Mayhem,GAME,3.8,35171.0,1000000.0,45.0,Free,0.0,Everyone
Motocross Motorbike Simulator Offroad,GAME,3.6,51366.0,5000000.0,16.0,Free,0.0,Everyone
Motorbike Driving Simulator 3D,GAME,3.9,178723.0,10000000.0,65.0,Free,0.0,Everyone
Motorola Alert,TOOLS,4.2,24199.0,50000000.0,3.9,Free,0.0,Everyone
Motorola Assist,TOOLS,4.1,37333.0,50000000.0,,Free,0.0,Everyone
Motorola Camera,PHOTOGRAPHY,3.6,219745.0,50000000.0,,Free,0.0,Everyone
Motorola FM Radio,VIDEO_PLAYERS,3.9,54815.0,100000000.0,,Free,0.0,Everyone
Motorola Gallery,VIDEO_PLAYERS,3.9,121916.0,100000000.0,23.0,Free,0.0,Everyone
Motorola Spotlight Player™,ENTERTAINMENT,4.6,22508.0,10000000.0,3.3,Free,0.0,Everyone
MouseMingle,DATING,2.7,3.0,100.0,3.9,Free,0.0,Mature 17+
Movement BE,SOCIAL,5.0,20.0,100.0,1.2,Free,0.0,Teen
Moven - Smart Finances,FINANCE,3.8,861.0,100000.0,17.0,Free,0.0,Everyone
Movie Downloader Torrent : Az Torrent,VIDEO_PLAYERS,4.7,70.0,1000.0,14.0,Free,0.0,Everyone
"Movies by Flixster, with Rotten Tomatoes",ENTERTAINMENT,4.5,653008.0,10000000.0,16.0,Free,0.0,Everyone
Mozart Baby Sleep,PARENTING,4.7,107.0,50000.0,98.0,Free,0.0,Teen
Mr. Number-Block calls & spam,COMMUNICATION,4.2,177263.0,10000000.0,13.0,Free,0.0,Mature 17+
Mu Mobile BR,BUSINESS,4.5,43.0,100.0,92.0,Free,0.0,Everyone
Mu.F.O.,GAME,5.0,2.0,1.0,16.0,Paid,0.99,Everyone
Multi Surgery ER Emergency Hospital : Doctor Game,FAMILY,4.1,227.0,10000.0,69.0,Free,0.0,Teen
Multi Surgery Hospital Pro: Virtual Doctor ER Game,FAMILY,4.2,23.0,1000.0,33.0,Free,0.0,Teen
MultiMessage for FB Messenger,PRODUCTIVITY,4.2,182.0,50000.0,7.0,Free,0.0,Everyone
MultiPicture Live Wallpaper dn,PERSONALIZATION,4.3,505.0,10000.0,0.28125,Paid,1.99,Everyone
Multicraft Miner Exploration,GAME,4.0,14563.0,1000000.0,74.0,Free,0.0,Everyone 10+
Multiling O Keyboard + emoji,PRODUCTIVITY,4.3,30443.0,1000000.0,0.52734375,Free,0.0,Everyone
Multiple Sclerosis Dx & Mgmt.,MEDICAL,4.5,131.0,10000.0,60.0,Free,0.0,Everyone
Multiple Videos at Same Time,VIDEO_PLAYERS,4.4,4706.0,1000000.0,1.5,Free,0.0,Everyone
Mummatikabalkuragi,EVENTS,4.9,69.0,1000.0,0.326171875,Free,0.0,Teen
Munchery: Chef Crafted Fresh Food Delivered,FOOD_AND_DRINK,3.9,464.0,50000.0,28.0,Free,0.0,Everyone
Mupen64+AE FREE (N64 Emulator),GAME,4.0,41759.0,1000000.0,12.0,Free,0.0,Everyone
Mupen64Plus AE (N64 Emulator),GAME,4.2,4569.0,100000.0,12.0,Paid,0.99,Everyone
"Muscle Premium - Human Anatomy, Kinesiology, Bones",MEDICAL,4.2,168.0,10000.0,25.0,Paid,24.99,Everyone
Muscle Trigger Point Anatomy,MEDICAL,4.4,1361.0,50000.0,33.0,Paid,2.99,Everyone
Music - Mp3 Player,VIDEO_PLAYERS,4.4,259605.0,10000000.0,3.1,Free,0.0,Everyone
Music Collector Inventory Organizer UPC Discogs,LIFESTYLE,3.5,155.0,10000.0,12.0,Free,0.0,Everyone
"Music for Youtube - Tube Music BG, Red+",VIDEO_PLAYERS,4.3,47.0,1000.0,8.7,Free,0.0,Teen
"Muslim Pro - Prayer Times, Azan, Quran & Qibla",LIFESTYLE,4.7,1133393.0,10000000.0,,Free,0.0,Everyone
Mutual - LDS Dating,DATING,3.7,1439.0,50000.0,38.0,Free,0.0,Mature 17+
Muzy - Share photos & collages,PHOTOGRAPHY,4.4,70189.0,5000000.0,13.0,Free,0.0,Teen
My AEK - Official ΑΕΚ FC app,SPORTS,4.8,3346.0,50000.0,,Free,0.0,Everyone
"My Airtel-Online Recharge, Pay Bill, Wallet, UPI",PRODUCTIVITY,4.3,1498393.0,50000000.0,14.0,Free,0.0,Everyone
My Android Device S/W & H/W,FAMILY,4.5,681.0,50000.0,2.8,Free,0.0,Everyone
My BF App,COMMUNICATION,4.1,141.0,50000.0,9.9,Free,0.0,Everyone
My BP Lab,HEALTH_AND_FITNESS,2.6,186.0,10000.0,25.0,Free,0.0,Everyone
My Boo - Your Virtual Pet Game,FAMILY,4.4,899748.0,10000000.0,80.0,Free,0.0,Everyone
My Boy! Free - GBA Emulator,GAME,4.3,531074.0,10000000.0,2.5,Free,0.0,Everyone
My Budget Book,FINANCE,4.7,19784.0,100000.0,7.3,Paid,2.99,Everyone
My C Spire,PRODUCTIVITY,4.1,376.0,50000.0,32.0,Free,0.0,Everyone
My CU - Caucasus University,PRODUCTIVITY,4.6,48.0,1000.0,7.3,Free,0.0,Everyone
My CW,TOOLS,3.0,1.0,100.0,55.0,Free,0.0,Everyone
My Calendar - Period Tracker,MEDICAL,4.7,156410.0,5000000.0,14.0,Free,0.0,Everyone
My Cancer Coach,MEDICAL,4.3,44.0,10000.0,34.0,Free,0.0,Everyone
My Chakra Meditation,HEALTH_AND_FITNESS,4.4,7586.0,500000.0,45.0,Free,0.0,Everyone
My Chakra Meditation 2,HEALTH_AND_FITNESS,4.3,1288.0,100000.0,31.0,Free,0.0,Everyone
My Child from eDziecko.pl,PARENTING,4.5,1025.0,100000.0,17.0,Free,0.0,Everyone
My Claro Peru,PRODUCTIVITY,3.2,11200.0,5000000.0,11.0,Free,0.0,Everyone
My Class Schedule: Timetable,EDUCATION,4.1,9348.0,1000000.0,,Free,0.0,Everyone
My College Bookstore,SHOPPING,3.2,661.0,100000.0,7.6,Free,0.0,Everyone
My CookBook (Recipe Manager),FOOD_AND_DRINK,4.5,22071.0,1000000.0,,Free,0.0,Everyone
My CookBook Pro (Ad Free),FOOD_AND_DRINK,4.6,2129.0,10000.0,,Paid,3.49,Everyone
My Cycles Period and Ovulation,HEALTH_AND_FITNESS,4.3,26652.0,1000000.0,41.0,Free,0.0,Everyone
My Day - Countdown Calendar 🗓️,LIFESTYLE,4.1,49147.0,1000000.0,13.0,Free,0.0,Everyone
My Days - Ovulation Calendar & Period Tracker ™,HEALTH_AND_FITNESS,4.5,93691.0,5000000.0,,Free,0.0,Everyone
My Diet Coach - Weight Loss Motivation & Tracker,HEALTH_AND_FITNESS,4.4,141163.0,10000000.0,,Free,0.0,Everyone
My Diet Diary Calorie Counter,HEALTH_AND_FITNESS,4.1,18539.0,1000000.0,57.0,Free,0.0,Everyone
My Dressing - Fashion closet,LIFESTYLE,4.1,12452.0,500000.0,,Free,0.0,Everyone
My Dy Dice - 3D Dice Roller,LIFESTYLE,4.2,9.0,100.0,22.0,Free,0.0,Everyone
My EF,FAMILY,3.3,4114.0,100000.0,14.0,Free,0.0,Everyone
My EF Center,FAMILY,2.8,89.0,10000.0,35.0,Free,0.0,Everyone
My EU,FAMILY,3.8,4.0,100.0,13.0,Free,0.0,Everyone
My EZ-Link Mobile,LIFESTYLE,2.8,3187.0,100000.0,11.0,Free,0.0,Everyone
My Earthquake Alerts - US & Worldwide Earthquakes,WEATHER,4.4,3471.0,100000.0,,Free,0.0,Everyone
"My Effectiveness: To do, Tasks",PRODUCTIVITY,4.6,14089.0,500000.0,8.4,Free,0.0,Everyone
My Emma :),FAMILY,4.1,245839.0,10000000.0,76.0,Free,0.0,Everyone
My Ex Girlfriend Comes Back,FAMILY,3.7,3258.0,500000.0,26.0,Free,0.0,Everyone
My G:,MAPS_AND_NAVIGATION,3.7,96.0,10000.0,14.0,Free,0.0,Everyone
"My Handbook : EE, EC, EI, E&T, EEE, EECS",FAMILY,4.5,3776.0,100000.0,7.7,Free,0.0,Everyone
My Horse,FAMILY,4.5,1333338.0,10000000.0,8.7,Free,0.0,Everyone
My Little Pony AR Guide,BOOKS_AND_REFERENCE,3.3,7993.0,1000000.0,51.0,Free,0.0,Everyone
My Little Pony Celebration,FAMILY,4.3,63192.0,1000000.0,17.0,Free,0.0,Everyone
My Little Pony Rainbow Runners,FAMILY,4.3,33785.0,5000000.0,16.0,Free,0.0,Everyone
My Little Pony: Harmony Quest,FAMILY,4.1,148405.0,10000000.0,26.0,Free,0.0,Everyone
My Little Pony: Story Creator,FAMILY,4.2,11002.0,1000000.0,21.0,Free,0.0,Everyone
My Little Princess : Stores,FAMILY,4.3,169.0,5000.0,60.0,Paid,2.99,Everyone
My Little Work – Garage,FAMILY,4.3,560.0,10000.0,44.0,Paid,3.99,Everyone
"My Location: GPS Maps, Share & Save Places",MAPS_AND_NAVIGATION,4.3,29768.0,5000000.0,,Free,0.0,Everyone
My MLS App,LIFESTYLE,4.1,1213.0,100000.0,13.0,Free,0.0,Everyone
My Movies Pro - Movie & TV Collection Library,LIFESTYLE,4.6,6477.0,10000.0,20.0,Paid,7.99,Everyone
My Nexus for CS:S & CS:GO,FAMILY,3.6,783.0,50000.0,25.0,Free,0.0,Teen
My Oasis - Calming and Relaxing Idle Clicker Game,FAMILY,4.6,106750.0,1000000.0,94.0,Free,0.0,Everyone
My OldBoy! Free - GBC Emulator,GAME,4.2,51787.0,5000000.0,,Free,0.0,Everyone
My Ooredoo Algeria,TOOLS,4.2,3606.0,100000.0,17.0,Free,0.0,Everyone
My Photo Keyboard,PHOTOGRAPHY,4.1,211620.0,10000000.0,20.0,Free,0.0,Everyone
My Recipes Cookbook : RecetteTek,FOOD_AND_DRINK,4.6,11707.0,100000.0,,Free,0.0,Everyone
My Space - Employment Center,BUSINESS,4.5,67000.0,1000000.0,,Free,0.0,Everyone
My Study Life - School Planner,EDUCATION,4.3,47847.0,1000000.0,21.0,Free,0.0,Everyone
My Style CM 13 Theme,PERSONALIZATION,4.5,314.0,10000.0,11.0,Free,0.0,Everyone
My Talking Angela,GAME,4.5,9883367.0,100000000.0,99.0,Free,0.0,Everyone
My Talking Pet,ENTERTAINMENT,4.6,6238.0,100000.0,,Paid,4.99,Everyone
My Talking Tom,GAME,4.5,14892469.0,500000000.0,,Free,0.0,Everyone
My Tamagotchi Forever,FAMILY,4.3,28735.0,1000000.0,91.0,Free,0.0,Everyone
My Teacher - Classroom Play,FAMILY,4.0,155276.0,10000000.0,61.0,Free,0.0,Everyone
My Telcel,TOOLS,3.1,45838.0,50000000.0,16.0,Free,0.0,Everyone
My Tele2,COMMUNICATION,4.3,158679.0,5000000.0,8.8,Free,0.0,Everyone
My Theme Park: RollerCoaster & Water Park Tycoon,FAMILY,4.2,128.0,10000.0,41.0,Free,0.0,Everyone 10+
My Truck,TOOLS,2.5,247.0,10000.0,8.2,Free,0.0,Everyone
My Virtual Boyfriend,FAMILY,4.3,105.0,1000.0,51.0,Paid,0.99,Teen
My Vodacom SA,COMMUNICATION,3.7,25021.0,5000000.0,61.0,Free,0.0,Everyone
My Vodafone (GR),COMMUNICATION,3.8,12667.0,1000000.0,34.0,Free,0.0,Everyone
My Wild Pet: Online Animal Sim,FAMILY,4.5,26916.0,500000.0,67.0,Free,0.0,Everyone
My baby Game (Balloon POP!),PARENTING,3.8,3614.0,1000000.0,3.3,Free,0.0,Everyone
My baby Phone,PARENTING,3.7,9293.0,1000000.0,2.4,Free,0.0,Everyone
My baby Piano,PARENTING,3.9,17941.0,5000000.0,,Free,0.0,Everyone
My baby firework,PARENTING,3.7,4976.0,1000000.0,2.8,Free,0.0,Everyone
My baby firework (Remove ad),FAMILY,4.1,30.0,1000.0,0.013671875,Paid,0.99,Everyone
My love,TOOLS,3.5,163997.0,10000000.0,16.0,Free,0.0,Everyone
My magenta,COMMUNICATION,3.9,42370.0,1000000.0,37.0,Free,0.0,Everyone
MyASUS - Service Center,BUSINESS,4.4,380837.0,10000000.0,7.3,Free,0.0,Everyone
MyAV Remote for Denon & Marantz AV Receivers,LIFESTYLE,3.8,250.0,50000.0,7.3,Free,0.0,Everyone
MyChart,MEDICAL,4.2,19473.0,1000000.0,,Free,0.0,Everyone
MyLifeOrganized: To-Do List,PRODUCTIVITY,4.3,4441.0,100000.0,,Free,0.0,Everyone
MyMTN,PRODUCTIVITY,4.0,8550.0,1000000.0,15.0,Free,0.0,Everyone
MyMo by GSB,FINANCE,4.2,21996.0,1000000.0,14.0,Free,0.0,Everyone
MyPlate Calorie Tracker,HEALTH_AND_FITNESS,4.6,24094.0,1000000.0,18.0,Free,0.0,Everyone
MyQuest for Patients,MEDICAL,4.0,3803.0,100000.0,16.0,Free,0.0,Everyone
MyRadar NOAA Weather Radar,WEATHER,4.5,178934.0,10000000.0,,Free,0.0,Everyone
MyRadar NOAA Weather Radar Ad Free,WEATHER,4.5,3005.0,10000.0,26.0,Paid,2.99,Everyone
MyScript Calculator,TOOLS,4.5,342336.0,10000000.0,,Free,0.0,Everyone
MyVodafone (India) - Online Recharge & Pay Bills,PRODUCTIVITY,4.1,1092367.0,10000000.0,,Free,0.0,Everyone
Myanmar 2D/3D,BUSINESS,4.6,822.0,100000.0,3.1,Free,0.0,Everyone
Myntra Online Shopping App,SHOPPING,4.3,1315242.0,50000000.0,,Free,0.0,Everyone
Myth Defense 2: DF,FAMILY,4.2,17108.0,100000.0,8.3,Free,0.0,Everyone
Myth Defense 2: DF Platinum,FAMILY,4.6,1764.0,10000.0,8.3,Paid,3.99,Everyone 10+
Météo Algérie DZ,WEATHER,4.1,1238.0,100000.0,4.7,Free,0.0,Everyone
Météociel,WEATHER,4.5,29344.0,500000.0,22.0,Free,0.0,Everyone
Můj T-Mobile Business,PRODUCTIVITY,3.7,10490.0,1000000.0,5.8,Free,0.0,Everyone
N Files - File Manager & Explorer,PRODUCTIVITY,4.3,369.0,10000.0,11.0,Free,0.0,Everyone
N Launcher - Nougat 7.0,PERSONALIZATION,4.4,32597.0,1000000.0,8.4,Free,0.0,Everyone
N Launcher Pro - Nougat 7.0,PERSONALIZATION,4.3,2538.0,100000.0,6.4,Paid,2.99,Everyone
N Launcher: Nougat Theme,PERSONALIZATION,4.2,128.0,10000.0,7.7,Free,0.0,Everyone
N-Back,FAMILY,4.1,413.0,10000.0,0.908203125,Free,0.0,Everyone
N-Com Wizard,COMMUNICATION,3.3,960.0,50000.0,3.8,Free,0.0,Everyone
"N1.RU - Real estate: apartments, new buildings, lodging",HOUSE_AND_HOME,4.5,7619.0,100000.0,13.0,Free,0.0,Everyone
NARUTO X BORUTO NINJA VOLTAGE,GAME,4.4,267395.0,5000000.0,71.0,Free,0.0,Everyone 10+
NASCAR MOBILE,SPORTS,4.2,80900.0,1000000.0,21.0,Free,0.0,Everyone
NAVITIME - Map & Transfer Navi,MAPS_AND_NAVIGATION,4.2,41225.0,5000000.0,,Free,0.0,Everyone
NAVITIME Bus Transit JAPAN,MAPS_AND_NAVIGATION,3.7,6939.0,1000000.0,,Free,0.0,Everyone
NBA,SPORTS,4.4,108318.0,10000000.0,35.0,Free,0.0,Everyone
NBA JAM by EA SPORTS™,FAMILY,4.3,56444.0,500000.0,43.0,Paid,4.99,Everyone
NBA LIVE Mobile Basketball,SPORTS,4.4,1690802.0,50000000.0,58.0,Free,0.0,Everyone
NBC News,NEWS_AND_MAGAZINES,4.1,63020.0,5000000.0,,Free,0.0,Everyone 10+
NBC Sports,SPORTS,3.1,78442.0,5000000.0,25.0,Free,0.0,Everyone
NBC Sports Gold,SPORTS,2.9,3017.0,100000.0,24.0,Free,0.0,Everyone
NB|AZ Business Mobile Banking,FINANCE,4.1,44.0,1000.0,13.0,Free,0.0,Everyone
NB|AZ Mobile Banking,FINANCE,4.0,463.0,10000.0,13.0,Free,0.0,Everyone
NCAA March Madness Live,SPORTS,4.1,34123.0,5000000.0,19.0,Free,0.0,Everyone
NCAA Sports,SPORTS,3.9,4272.0,500000.0,16.0,Free,0.0,Everyone
NCLEX Multi-topic Nursing Exam Review-Quiz & notes,MEDICAL,5.0,1.0,10.0,4.2,Free,0.0,Everyone
NDS Emulator - For Android 6,GAME,4.1,14002.0,1000000.0,19.0,Free,0.0,Everyone
NDS-controller,TOOLS,3.3,35.0,1000.0,0.89453125,Free,0.0,Everyone
NEMA ei,BUSINESS,5.0,4.0,100.0,12.0,Free,0.0,Everyone
NETGEAR WiFi Analytics,TOOLS,4.1,9496.0,1000000.0,0.6796875,Free,0.0,Everyone
"NEW - Read Newspaper, News 24h",NEWS_AND_MAGAZINES,4.4,158196.0,10000000.0,,Free,0.0,Everyone
NEW Theme for Phone X,PERSONALIZATION,4.7,8642.0,500000.0,3.7,Free,0.0,Everyone
NEXTCHARGE - Charging Stations,MAPS_AND_NAVIGATION,4.3,891.0,50000.0,6.4,Free,0.0,Everyone
NFL,SPORTS,4.1,459797.0,50000000.0,,Free,0.0,Everyone
NFP 2018,EVENTS,4.8,8.0,500.0,16.0,Free,0.0,Everyone
NHL,SPORTS,4.0,68935.0,5000000.0,48.0,Free,0.0,Everyone
NOMISMA.com.cy by FMW,NEWS_AND_MAGAZINES,5.0,3.0,100.0,,Free,0.0,Everyone
NOOK App for NOOK Devices,BOOKS_AND_REFERENCE,4.7,19090.0,500000.0,,Free,0.0,Everyone
NOOK Audiobooks,BOOKS_AND_REFERENCE,3.5,2539.0,500000.0,8.6,Free,0.0,Everyone
NOOK: Read eBooks & Magazines,BOOKS_AND_REFERENCE,4.5,155466.0,10000000.0,,Free,0.0,Teen
NPR News,NEWS_AND_MAGAZINES,4.0,24790.0,1000000.0,,Free,0.0,Everyone
NPR One,NEWS_AND_MAGAZINES,3.9,13217.0,1000000.0,8.8,Free,0.0,Teen
NQ Mobile Security & Antivirus,PRODUCTIVITY,4.4,427185.0,10000000.0,,Free,0.0,Teen
NSE Mobile Trading,FINANCE,4.1,13868.0,1000000.0,1.4,Free,0.0,Everyone
NTES,TRAVEL_AND_LOCAL,4.3,165299.0,10000000.0,5.4,Free,0.0,Everyone
NUsport,SPORTS,3.3,1391.0,100000.0,,Free,0.0,Everyone
NY mobilbank DK - Danske Bank,FINANCE,2.8,851.0,100000.0,30.0,Free,0.0,Everyone
NYTimes - Latest News,NEWS_AND_MAGAZINES,3.9,63647.0,10000000.0,23.0,Free,0.0,Everyone 10+
Naidunia: MP News & CG News,NEWS_AND_MAGAZINES,4.3,2746.0,100000.0,8.7,Free,0.0,Everyone
Name Art DP - Focus n Filter Text 2018,ART_AND_DESIGN,4.3,132.0,10000.0,7.7,Free,0.0,Everyone
Name Art Photo Editor - Focus n Filters,ART_AND_DESIGN,4.4,8788.0,1000000.0,12.0,Free,0.0,Everyone
Name days,EVENTS,4.1,3089.0,100000.0,,Free,0.0,Everyone
Nancy Drew Codes and Clues,FAMILY,4.1,154.0,10000.0,16.0,Free,0.0,Everyone
Narcos: Cartel Wars,FAMILY,4.7,244797.0,5000000.0,52.0,Free,0.0,Teen
Narrator's Voice,COMICS,4.5,564387.0,5000000.0,,Free,0.0,Everyone
Naruto Shippuden - Watch Free!,VIDEO_PLAYERS,3.9,141515.0,10000000.0,5.7,Free,0.0,Teen
Nasihat - Chalo ae Pyaara,FAMILY,4.7,557.0,10000.0,6.7,Free,0.0,Everyone
Nasty Goats,FAMILY,4.3,45579.0,1000000.0,64.0,Free,0.0,Everyone
National Rail Enquiries,MAPS_AND_NAVIGATION,3.5,18857.0,1000000.0,7.0,Free,0.0,Everyone
Natural recipes for your beauty,BEAUTY,4.7,1150.0,100000.0,9.8,Free,0.0,Everyone
Nature Sounds,LIFESTYLE,4.8,28588.0,1000000.0,24.0,Free,0.0,Everyone
Navi Radiography Pro,MEDICAL,4.7,11.0,500.0,100.0,Paid,15.99,Everyone
Navigation Plus,TRAVEL_AND_LOCAL,4.1,928.0,1000000.0,14.0,Free,0.0,Everyone
Navigator PRO - GPS Navigation with Offline Maps,TRAVEL_AND_LOCAL,3.6,892.0,50000.0,70.0,Paid,2.49,Everyone
Navmii GPS USA (Navfree),TRAVEL_AND_LOCAL,4.0,5960.0,500000.0,,Free,0.0,Everyone
Navy Federal Credit Union,FINANCE,4.4,43313.0,1000000.0,40.0,Free,0.0,Everyone
Navy Gunner Shoot War 3D,GAME,4.0,103199.0,10000000.0,44.0,Free,0.0,Teen
Nedbank Money,FINANCE,4.2,6076.0,500000.0,32.0,Free,0.0,Everyone
Need for Speed™ No Limits,GAME,4.4,3344300.0,50000000.0,22.0,Free,0.0,Everyone 10+
Neighborhoods & Apartments,LIFESTYLE,3.9,2042.0,100000.0,3.0,Free,0.0,Everyone
Nemours CareConnect,MEDICAL,4.4,65.0,10000.0,37.0,Free,0.0,Everyone
Neon Blue Gaming Wallpaper&Theme fo Lenovo K8 Note,BUSINESS,4.6,7.0,500.0,2.0,Free,0.0,Everyone
Neon Glow C - Icon Pack,PERSONALIZATION,4.8,557.0,10000.0,74.0,Paid,0.99,Everyone
Neon-R (Red),PERSONALIZATION,4.7,25.0,100.0,41.0,Paid,0.99,Everyone
"NerdWallet: Personal Finance, Credit Score & Cash",FINANCE,4.6,2417.0,100000.0,28.0,Free,0.0,Everyone
Nero AirBurn,VIDEO_PLAYERS,4.2,1008.0,100000.0,1.7,Free,0.0,Everyone
NetClient CS,BUSINESS,3.5,125.0,10000.0,4.3,Free,0.0,Everyone
NetSpend Prepaid,FINANCE,4.2,15993.0,1000000.0,45.0,Free,0.0,Everyone
Netflix,ENTERTAINMENT,4.4,5456708.0,100000000.0,,Free,0.0,Teen
Netspend Skylight ONE,FINANCE,3.9,1098.0,100000.0,46.0,Free,0.0,Everyone
Network Signal Info,TOOLS,4.1,33926.0,1000000.0,17.0,Free,0.0,Everyone
NeuroNation - Focus and Brain Training,EDUCATION,4.5,248555.0,5000000.0,,Free,0.0,Everyone
Neuvaine au Saint-Esprit,LIFESTYLE,4.7,57.0,10000.0,5.8,Free,0.0,Everyone
New 2018 Keyboard,PERSONALIZATION,4.6,298321.0,10000000.0,14.0,Free,0.0,Everyone
New 2018 Weather App & Widget,WEATHER,4.5,2332.0,500000.0,20.0,Free,0.0,Teen
New Calendar,PRODUCTIVITY,4.5,25985.0,1000000.0,6.9,Free,0.0,Everyone
New Holland Agriculture T5 EC,PRODUCTIVITY,4.6,12.0,1000.0,15.0,Free,0.0,Everyone
New Launcher 2018,PERSONALIZATION,4.4,142393.0,10000000.0,12.0,Free,0.0,Everyone
New Ringtones 2018,LIBRARIES_AND_DEMO,4.1,3781.0,1000000.0,36.0,Free,0.0,Everyone
New YAHTZEE® With Buddies Dice Game,GAME,4.1,42079.0,5000000.0,93.0,Free,0.0,Everyone
New York Mysteries (Full),GAME,4.5,514.0,5000.0,5.9,Paid,6.99,Teen
New: CL-150,FAMILY,2.8,4.0,500.0,4.2,Free,0.0,Everyone
NewTek NDI,PHOTOGRAPHY,3.5,77.0,1000.0,1.2,Paid,19.99,Everyone
Newegg Mobile,SHOPPING,4.5,35497.0,1000000.0,16.0,Free,0.0,Everyone
News 5 Cleveland,NEWS_AND_MAGAZINES,3.7,1032.0,100000.0,,Free,0.0,Everyone
News 8 San Diego,NEWS_AND_MAGAZINES,4.2,1137.0,50000.0,11.0,Free,0.0,Everyone
News Minecraft.fr,NEWS_AND_MAGAZINES,3.8,881.0,100000.0,2.3,Free,0.0,Everyone
News Republic,NEWS_AND_MAGAZINES,4.3,479594.0,10000000.0,18.0,Free,0.0,Teen
News by The Times of India Newspaper - Latest News,NEWS_AND_MAGAZINES,4.2,522205.0,10000000.0,,Free,0.0,Everyone
"News-Journal-Daytona Beach, FL",NEWS_AND_MAGAZINES,4.5,76.0,5000.0,7.8,Free,0.0,Everyone
News24,NEWS_AND_MAGAZINES,4.1,30693.0,1000000.0,,Free,0.0,Everyone 10+
News360: Personalized News,NEWS_AND_MAGAZINES,4.4,30722.0,1000000.0,,Free,0.0,Teen
News: DW Español,NEWS_AND_MAGAZINES,4.3,25.0,1000.0,6.3,Free,0.0,Everyone
News: DW Hausa,NEWS_AND_MAGAZINES,4.9,9.0,1000.0,6.3,Free,0.0,Everyone
News: RFI Hausa,NEWS_AND_MAGAZINES,4.7,10.0,1000.0,6.3,Free,0.0,Everyone
"NewsDog - Latest News, Breaking News, Local News",NEWS_AND_MAGAZINES,4.4,291901.0,10000000.0,4.3,Free,0.0,Mature 17+
Newsroom: News Worth Sharing,NEWS_AND_MAGAZINES,4.2,201737.0,10000000.0,,Free,0.0,Everyone 10+
"Newton Mail - Email App for Gmail, Outlook, IMAP",COMMUNICATION,4.0,122595.0,1000000.0,30.0,Free,0.0,Everyone
Next Gen Science Standards,EDUCATION,4.3,206.0,50000.0,18.0,Free,0.0,Everyone
Next Island: Dino Village,FAMILY,3.9,29.0,1000.0,37.0,Free,0.0,Everyone 10+
Next Launcher 3D Bold-CF Theme,PERSONALIZATION,4.4,175.0,1000.0,5.5,Paid,0.99,Everyone
Next Launcher 3D Theme Hit-B,PERSONALIZATION,4.4,83.0,1000.0,8.6,Paid,1.7,Everyone
Next Launcher 3D Theme Hit-G,PERSONALIZATION,4.2,59.0,1000.0,8.1,Paid,1.7,Everyone
Next Launcher 3D Theme Stun-BW,PERSONALIZATION,4.4,2839.0,100000.0,5.1,Free,0.0,Everyone
Next Portuguese(BR) Langpack,TOOLS,4.3,1320.0,100000.0,0.759765625,Free,0.0,Everyone
Nextdoor - Local neighborhood news & classifieds,SOCIAL,4.3,51504.0,5000000.0,20.0,Free,0.0,Teen
"Niche: College, K-12, and Neighborhood Search",LIFESTYLE,4.0,42.0,5000.0,26.0,Free,0.0,Everyone
Nick,FAMILY,4.2,123322.0,10000000.0,25.0,Free,0.0,Everyone 10+
Nick Jr. - Shows & Games,ENTERTAINMENT,4.2,8968.0,1000000.0,35.0,Free,0.0,Everyone
Nigeria News NAIJ.com,NEWS_AND_MAGAZINES,4.3,37882.0,1000000.0,9.1,Free,0.0,Teen
Night Camera Blur Effect,PHOTOGRAPHY,3.6,100.0,10000.0,2.5,Free,0.0,Everyone
Night Photo Frame,PHOTOGRAPHY,4.5,4400.0,1000000.0,8.3,Free,0.0,Everyone
Night: DU Launcher Theme,PERSONALIZATION,4.3,1419.0,50000.0,0.4736328125,Free,0.0,Everyone
Nightenfell: Shared AR,GAME,4.5,20.0,1000.0,65.0,Paid,0.99,Everyone 10+
Nights Keeper (do not disturb),LIFESTYLE,4.5,16426.0,500000.0,1.6,Free,0.0,Everyone
Nights at Cube Pizzeria 3D – 2,GAME,4.0,47151.0,5000000.0,36.0,Free,0.0,Everyone 10+
Nights at Cube Pizzeria 3D – 3,FAMILY,4.0,15875.0,1000000.0,40.0,Free,0.0,Teen
Nights at Cube Pizzeria 3D – 4,GAME,4.1,7728.0,500000.0,39.0,Free,0.0,Teen
Nights at Slender Pizzeria 3D,GAME,4.1,2628.0,100000.0,45.0,Free,0.0,Teen
Nighty Night Circus,FAMILY,4.3,382.0,10000.0,15.0,Paid,2.99,Everyone
Nike,SHOPPING,4.7,67071.0,1000000.0,40.0,Free,0.0,Everyone
Nike Training Club - Workouts & Fitness Plans,HEALTH_AND_FITNESS,4.6,251618.0,10000000.0,93.0,Free,0.0,Everyone
Nike+ Run Club,HEALTH_AND_FITNESS,4.4,708753.0,10000000.0,,Free,0.0,Everyone
NinJump,GAME,4.3,421000.0,10000000.0,36.0,Free,0.0,Everyone
Ninesky Browser,COMMUNICATION,4.2,42925.0,1000000.0,2.8,Free,0.0,Everyone
Ninja Dash - Ronin Jump RPG,FAMILY,4.7,8508.0,500000.0,54.0,Free,0.0,Everyone 10+
Ninja FN Button,FAMILY,4.8,12.0,1000.0,12.0,Free,0.0,Teen
Ninja Turtles: Legends,FAMILY,4.3,344283.0,10000000.0,95.0,Free,0.0,Teen
NissanConnect® EV & Services,LIFESTYLE,2.3,853.0,50000.0,88.0,Free,0.0,Everyone
No Crop & Square for Instagram,PHOTOGRAPHY,4.6,819774.0,10000000.0,25.0,Free,0.0,Everyone
No Pimple - Fun games,FAMILY,3.3,24091.0,5000000.0,16.0,Free,0.0,Teen
"No. Color - Color by Number, Number Coloring",FAMILY,4.8,269194.0,10000000.0,6.9,Free,0.0,Everyone
No.Color – Color by Number,FAMILY,4.4,23474.0,5000000.0,8.8,Free,0.0,Everyone
No.Diamond – Colors by Number,FAMILY,4.6,9016.0,1000000.0,24.0,Free,0.0,Everyone
No.Draw - Colors by Number 2018,FAMILY,4.5,235906.0,10000000.0,13.0,Free,0.0,Everyone
NoBuffDating - Free Dating App,DATING,4.2,1939.0,100000.0,,Free,0.0,Mature 17+
Nokia mobile support,TOOLS,4.4,12215.0,5000000.0,9.1,Free,0.0,Everyone
Noot-Noot-er!,FAMILY,4.5,74.0,5000.0,2.8,Free,0.0,Everyone
Nordstrom,SHOPPING,4.6,2278.0,500000.0,12.0,Free,0.0,Everyone
Northern Lights FREE (Aurora),PERSONALIZATION,4.1,12180.0,1000000.0,5.4,Free,0.0,Everyone
Norton Security and Antivirus,TOOLS,4.6,1170641.0,10000000.0,26.0,Free,0.0,Everyone
Nose Doctor X: Booger Mania,FAMILY,3.2,37584.0,5000000.0,34.0,Free,0.0,Everyone
Nose Surgery ER Simulator Lite,FAMILY,3.1,269.0,50000.0,39.0,Free,0.0,Teen
Note Everything,PRODUCTIVITY,4.4,57033.0,5000000.0,,Free,0.0,Everyone
Note FE Theme And Launcher For Samsung Galaxy,PERSONALIZATION,4.4,7.0,1000.0,9.8,Free,0.0,Everyone
NoteToDo. Notes. To do list,PRODUCTIVITY,4.5,57449.0,1000000.0,5.0,Free,0.0,Everyone
Notepad,PRODUCTIVITY,4.2,80581.0,10000000.0,2.5,Free,0.0,Everyone
Notepad & To do list,PRODUCTIVITY,4.3,226295.0,10000000.0,4.2,Free,0.0,Everyone
"Notes : Colorful Notepad Note,To Do,Reminder,Memo",LIFESTYLE,4.6,10484.0,1000000.0,9.0,Free,0.0,Everyone
Noticias FC Barcelona,NEWS_AND_MAGAZINES,5.0,4.0,100.0,3.1,Free,0.0,Everyone
Nova Launcher,PERSONALIZATION,4.6,1121805.0,50000000.0,,Free,0.0,Everyone
Novinky.cz,NEWS_AND_MAGAZINES,3.7,2375.0,100000.0,,Free,0.0,Everyone
Nubank,FINANCE,4.7,130582.0,5000000.0,24.0,Free,0.0,Everyone
Nucleus Smart,MEDICAL,3.7,20.0,1000.0,19.0,Free,0.0,Everyone
Nuke Em All,FAMILY,3.4,2714.0,500000.0,52.0,Free,0.0,Mature 17+
Number Counting games for toddler preschool kids,FAMILY,4.3,1024.0,1000000.0,,Free,0.0,Everyone
Numbers Into Words,PRODUCTIVITY,4.4,457.0,50000.0,0.548828125,Free,0.0,Everyone
Numerica CU,FINANCE,3.8,472.0,50000.0,8.6,Free,0.0,Everyone
Nur təfsiri 1-ci cild,LIBRARIES_AND_DEMO,5.0,15.0,1000.0,1.4,Free,0.0,Everyone
Nurse Grid,MEDICAL,4.5,1686.0,100000.0,15.0,Free,0.0,Everyone
Nursing Care Plan NANDA Tables,MEDICAL,3.0,4.0,500.0,3.4,Paid,0.99,Everyone
Nursing Central,MEDICAL,4.3,168.0,10000.0,5.8,Free,0.0,Everyone
Nusenda CU– Mobile Banking,FINANCE,3.5,805.0,50000.0,6.5,Free,0.0,Everyone
Nyan Cat: Lost In Space,GAME,4.5,371318.0,10000000.0,90.0,Free,0.0,Everyone 10+
O Launcher,TOOLS,4.3,2059.0,100000.0,10.0,Free,0.0,Everyone
O Launcher 8.0 for Android™ O Oreo Launcher,TOOLS,4.4,11393.0,1000000.0,8.7,Free,0.0,Everyone
"O Multiple - App Cloner, Duals APP, tarallel",TOOLS,3.9,145.0,50000.0,5.2,Free,0.0,Everyone
O Shopping,SHOPPING,3.9,671.0,100000.0,3.6,Free,0.0,Everyone
O'Route Orienteering,SPORTS,4.2,6.0,100.0,1.3,Paid,3.02,Everyone
O-Level Past Papers & Solution (up to 2017),FAMILY,3.8,589.0,100000.0,28.0,Free,0.0,Everyone
O-Star,DATING,4.4,59.0,5000.0,38.0,Free,0.0,Everyone
OB-GYN USMLE Stp2 CK 300 Q & A,MEDICAL,4.4,34.0,10000.0,4.9,Free,0.0,Everyone
OBJECTIVE,VIDEO_PLAYERS,3.8,19738.0,1000000.0,33.0,Free,0.0,Teen
ODTMobile,BUSINESS,3.4,15.0,10000.0,2.7,Free,0.0,Everyone
ODTMobile v4,BUSINESS,4.0,3.0,1000.0,16.0,Free,0.0,Everyone
OE TRACKER CE Attendance App,MEDICAL,3.4,16.0,5000.0,7.8,Free,0.0,Everyone
OFF-ROAD SIMULATOR 4x4 : REAL,FAMILY,4.2,109.0,10000.0,25.0,Free,0.0,Everyone
OK K.O.! Lakewood Plaza Turbo,FAMILY,4.5,76608.0,1000000.0,24.0,Free,0.0,Everyone 10+
OK cashbag [point of pleasure],LIFESTYLE,3.7,33264.0,10000000.0,18.0,Free,0.0,Everyone
OLX - Buy and Sell,SHOPPING,4.2,857923.0,50000000.0,18.0,Free,0.0,Everyone
OLX Uganda Sell Buy Cellphones,SHOPPING,4.2,4977.0,100000.0,9.8,Free,0.0,Everyone
OMEGA Black UI Theme - CM 12+,PERSONALIZATION,4.2,12.0,100.0,19.0,Paid,0.99,Everyone
OMG Gross Zit - Date Nightmare,FAMILY,3.7,70105.0,10000000.0,67.0,Free,0.0,Everyone
ONScripter Plus (Ad Free),GAME,4.5,100.0,1000.0,17.0,Paid,3.99,Everyone
OO Launcher for Android O 8.0 Oreo™ Launcher,PERSONALIZATION,4.4,14832.0,1000000.0,8.6,Free,0.0,Everyone
OS-X EMUI 4/5/8 THEME,PERSONALIZATION,3.9,916.0,100000.0,36.0,Free,0.0,Everyone
OST),FAMILY,3.7,4444.0,500000.0,10.0,Free,0.0,Everyone
OTOME of Ikemen cafe,FAMILY,4.5,1318.0,50000.0,24.0,Free,0.0,Teen
OWLIE BOO,FAMILY,4.6,834.0,100000.0,22.0,Free,0.0,Everyone
"Ocala Star Banner, FL",NEWS_AND_MAGAZINES,4.5,75.0,5000.0,8.1,Free,0.0,Everyone
Octo U: Your driving companion,TRAVEL_AND_LOCAL,3.0,331.0,50000.0,7.8,Free,0.0,Everyone
Oddworld: New 'n' Tasty,GAME,4.6,1475.0,10000.0,34.0,Paid,4.99,Teen
OffRoad US Army Train Driving Simulator,FAMILY,4.3,1216.0,500000.0,59.0,Free,0.0,Everyone 10+
OfferUp - Buy. Sell. Offer Up,SHOPPING,4.6,591312.0,10000000.0,,Free,0.0,Everyone
Office Bike Racing Simulator,FAMILY,3.8,21149.0,1000000.0,30.0,Free,0.0,Everyone
OfficeSuite : Free Office + PDF Editor,BUSINESS,4.3,1002861.0,100000000.0,35.0,Free,0.0,Everyone
OfficeSuite Pro + PDF (Trial),BUSINESS,4.2,88073.0,10000000.0,,Free,0.0,Everyone
Official AL Fishing & Hunting,TRAVEL_AND_LOCAL,4.2,1291.0,50000.0,40.0,Free,0.0,Everyone
Official Madhuban Murli,LIFESTYLE,4.9,301.0,10000.0,25.0,Free,0.0,Everyone
Official Matsumoto Kiyoshi application,LIFESTYLE,3.2,3031.0,1000000.0,2.7,Free,0.0,Everyone
Official NBSTSA CSFA Exam Prep,MEDICAL,4.4,137.0,1000.0,11.0,Free,0.0,Everyone
Official NBSTSA CST Exam Prep,MEDICAL,4.4,2159.0,10000.0,11.0,Free,0.0,Everyone
"Official QR Code® Reader ""Q""",PRODUCTIVITY,4.4,3031.0,500000.0,,Free,0.0,Everyone
Officiel du SCRABBLE LAROUSSE,BOOKS_AND_REFERENCE,3.4,116.0,5000.0,48.0,Paid,4.6,Everyone
Offline English Dictionary,BOOKS_AND_REFERENCE,4.2,860.0,100000.0,13.0,Free,0.0,Everyone
Offline Jízdní řády CG Transit,MAPS_AND_NAVIGATION,4.6,7314.0,100000.0,7.0,Free,0.0,Everyone
Offline Maps & Navigation,TRAVEL_AND_LOCAL,4.7,193364.0,5000000.0,33.0,Free,0.0,Everyone
Offline: English to Tagalog Dictionary,BOOKS_AND_REFERENCE,4.7,967.0,500000.0,6.7,Free,0.0,Everyone
Offroad 4x4 Car Driving,FAMILY,4.3,26224.0,1000000.0,43.0,Free,0.0,Everyone
Offroad Car G,FAMILY,4.3,64884.0,5000000.0,37.0,Free,0.0,Everyone
Offroad Car H,FAMILY,4.2,1960.0,100000.0,87.0,Free,0.0,Everyone
Offroad Car Q,FAMILY,4.1,24668.0,1000000.0,40.0,Free,0.0,Everyone
Offroad Cruiser,FAMILY,4.3,42432.0,1000000.0,36.0,Free,0.0,Everyone
Offroad G-Class 2018,FAMILY,4.4,7715.0,500000.0,28.0,Free,0.0,Everyone
Offroad Oil Tanker Driver Transport Truck 2019,AUTO_AND_VEHICLES,4.3,542.0,100000.0,33.0,Free,0.0,Everyone
Offroad Outlaws,GAME,4.4,29168.0,1000000.0,,Free,0.0,Everyone
Offroad Pickup Truck F,FAMILY,4.3,4551.0,500000.0,79.0,Free,0.0,Everyone
Offroad Pickup Truck R,FAMILY,4.4,6367.0,1000000.0,96.0,Free,0.0,Everyone
Offroad Pickup Truck S,FAMILY,4.2,5178.0,1000000.0,20.0,Free,0.0,Everyone
Offroad Police Car DE,FAMILY,4.3,9149.0,1000000.0,80.0,Free,0.0,Everyone
Offroad drive : 4x4 driving game,GAME,3.5,2071.0,100000.0,36.0,Free,0.0,Everyone
Oggy,GAME,4.5,49971.0,5000000.0,61.0,Free,0.0,Everyone
Ohio State Fair 4-H,FAMILY,3.0,4.0,1000.0,19.0,Free,0.0,Everyone
OkCupid Dating,DATING,4.1,285838.0,10000000.0,15.0,Free,0.0,Mature 17+
Old: CL-150,FAMILY,3.8,120.0,10000.0,24.0,Free,0.0,Everyone
Om Waleed Sweets,FOOD_AND_DRINK,4.6,556.0,100000.0,23.0,Free,0.0,Teen
"Omlet Arcade - Stream, Meet, Play",VIDEO_PLAYERS,4.4,169965.0,10000000.0,14.0,Free,0.0,Teen
Omlet Chat,COMMUNICATION,3.9,40751.0,10000000.0,35.0,Free,0.0,Teen
OmniMedix Medical Calculator,MEDICAL,4.7,25.0,1000.0,1.2,Paid,4.99,Everyone
OnTrack Diabetes,MEDICAL,4.3,6079.0,500000.0,1.8,Free,0.0,Everyone
Once - Quality Matches Every day,DATING,4.4,222888.0,1000000.0,21.0,Free,0.0,Mature 17+
Once Upon a Tower,GAME,4.7,37139.0,1000000.0,49.0,Free,0.0,Everyone 10+
One Launcher,PERSONALIZATION,4.3,26601.0,1000000.0,5.4,Free,0.0,Everyone
One Night at Golden Freddy's,GAME,3.3,2717.0,100000.0,4.0,Free,0.0,Teen
One Today by Google,LIFESTYLE,4.5,2586.0,100000.0,9.4,Free,0.0,Everyone
OnePlus Gallery,VIDEO_PLAYERS,3.8,5555.0,1000000.0,64.0,Free,0.0,Everyone
OnePlus Icon Pack,PERSONALIZATION,4.8,440.0,500000.0,0.8984375,Free,0.0,Everyone
OnePlus Icon Pack - Square,PERSONALIZATION,4.7,229.0,500000.0,1.1,Free,0.0,Everyone
OnePlus Launcher,PERSONALIZATION,4.0,24215.0,1000000.0,,Free,0.0,Everyone
OneTouch Reveal,MEDICAL,3.9,6266.0,500000.0,34.0,Free,0.0,Everyone
Onefootball - Soccer Scores,SPORTS,4.7,911995.0,10000000.0,20.0,Free,0.0,Everyone
"Onet - news, weather, sport",NEWS_AND_MAGAZINES,4.0,13950.0,1000000.0,,Free,0.0,Mature 17+
Online Chat Girls Meet,DATING,4.7,18.0,500.0,5.0,Free,0.0,Mature 17+
Online Girls Chat,DATING,4.8,5323.0,50000.0,3.5,Free,0.0,Mature 17+
Online Girls Chat Group,DATING,5.0,5.0,100.0,5.0,Free,0.0,Mature 17+
Online Kerala EB Bill Pay,FINANCE,4.0,37.0,5000.0,3.9,Free,0.0,Everyone
Online Soccer Manager (OSM),SPORTS,4.5,1312936.0,10000000.0,21.0,Free,0.0,Everyone
Online TV CZ/SK PRO,VIDEO_PLAYERS,3.1,167.0,1000.0,2.0,Paid,0.99,Everyone
"Only 30 days in English, the guideline is guaranteed",BOOKS_AND_REFERENCE,4.6,1065.0,500000.0,2.3,Free,0.0,Everyone
Open Camera,PHOTOGRAPHY,4.3,116880.0,10000000.0,2.0,Free,0.0,Everyone
Open Heart Surgery Hospital ER: Crazy Doctor Sim,FAMILY,4.7,7.0,1000.0,25.0,Free,0.0,Teen
Open Sesame - Touch Free Control,MEDICAL,4.4,197.0,10000.0,20.0,Free,0.0,Everyone
Open in WhatsApp (click to chat),TOOLS,4.2,12121.0,1000000.0,0.0771484375,Free,0.0,Everyone
OpenCV Manager,LIBRARIES_AND_DEMO,3.7,12657.0,1000000.0,,Free,0.0,Everyone
OpenGL ES CapsViewer,TOOLS,4.6,78.0,10000.0,0.3662109375,Free,0.0,Everyone
OpenGL ES Extensions - The OpenGL Utility,TOOLS,4.2,513.0,50000.0,2.0,Free,0.0,Everyone
OpenGL-ES Info,TOOLS,4.3,249.0,10000.0,0.611328125,Free,0.0,Everyone
OpenRice,FOOD_AND_DRINK,3.6,14952.0,1000000.0,39.0,Free,0.0,Everyone
OpenTable: Restaurants Near Me,FOOD_AND_DRINK,4.6,90242.0,5000000.0,19.0,Free,0.0,Everyone
OpenVPN Connect – Fast & Safe SSL VPN Client,TOOLS,4.2,154578.0,10000000.0,14.0,Free,0.0,Everyone
Opera Browser: Fast and Secure,COMMUNICATION,4.4,2473795.0,100000000.0,,Free,0.0,Everyone
Opera Mini - fast web browser,COMMUNICATION,4.5,5150801.0,100000000.0,,Free,0.0,Everyone
Opera Mini browser beta,COMMUNICATION,4.4,401530.0,10000000.0,,Free,0.0,Everyone
Opera News - Trending news and videos,NEWS_AND_MAGAZINES,4.5,51684.0,10000000.0,8.5,Free,0.0,Teen
Operate Now: Hospital,FAMILY,4.3,254861.0,10000000.0,52.0,Free,0.0,Teen
OptoDrum,MEDICAL,3.9,10.0,1000.0,0.369140625,Paid,5.99,Everyone
OptumRx,MEDICAL,3.4,1838.0,100000.0,21.0,Free,0.0,Everyone
Oración CX,LIFESTYLE,5.0,103.0,5000.0,3.8,Free,0.0,Everyone
Oracle BI Mobile,BUSINESS,4.0,282.0,10000.0,7.7,Free,0.0,Everyone
Oracle CX Cloud Mobile,BUSINESS,4.4,48.0,5000.0,54.0,Free,0.0,Everyone
Oral-B App,HEALTH_AND_FITNESS,3.3,14210.0,1000000.0,96.0,Free,0.0,Everyone
Orbita AI — Exciting mobile puzzles & riddles,FAMILY,4.6,116973.0,1000000.0,31.0,Free,0.0,Everyone
"Orbitz - Hotels, Flights & Package Deals",TRAVEL_AND_LOCAL,4.4,33256.0,1000000.0,,Free,0.0,Everyone
Order & Chaos 2: 3D MMO RPG,FAMILY,4.1,242722.0,10000000.0,54.0,Free,0.0,Teen
Orfox: Tor Browser for Android,COMMUNICATION,4.2,44233.0,10000000.0,31.0,Free,0.0,Everyone
Organizer,PRODUCTIVITY,4.4,936.0,50000.0,5.4,Paid,2.99,Everyone
Ouedkniss,SHOPPING,4.3,10355.0,1000000.0,0.8271484375,Free,0.0,Teen
"OurHome – chores, rewards, groceries and calendar",FAMILY,4.3,3146.0,100000.0,,Free,0.0,Everyone
OurTime Dating for Singles 50+,DATING,3.4,2519.0,100000.0,5.0,Free,0.0,Mature 17+
Out There Chronicles - Ep. 1,FAMILY,4.4,1516.0,50000.0,44.0,Paid,2.99,Everyone
Out There Chronicles - Ep. 2,FAMILY,4.5,144.0,1000.0,70.0,Paid,2.99,Teen
Outdoor Movies BC,EVENTS,2.9,7.0,500.0,,Free,0.0,Everyone
Overcomers CF - GA,LIFESTYLE,5.0,7.0,100.0,11.0,Free,0.0,Everyone
"Overstock – Home Decor, Furniture Shopping",SHOPPING,4.4,25719.0,1000000.0,,Free,0.0,Teen
Ovia Fertility Tracker & Ovulation Calculator,MEDICAL,4.8,53747.0,1000000.0,13.0,Free,0.0,Everyone
Ovia Parenting & Baby Development Tracker,MEDICAL,4.7,6185.0,100000.0,38.0,Free,0.0,Everyone
Ovia Pregnancy Tracker & Baby Countdown Calendar,MEDICAL,4.8,102858.0,1000000.0,9.8,Free,0.0,Everyone
OvuView: Ovulation and Fertility,HEALTH_AND_FITNESS,4.5,40296.0,1000000.0,,Free,0.0,Everyone
Oxford A-Z of English Usage,BOOKS_AND_REFERENCE,4.0,5300.0,1000000.0,11.0,Free,0.0,Everyone
Oxford Dictionary of English : Free,BOOKS_AND_REFERENCE,4.1,364452.0,10000000.0,7.1,Free,0.0,Everyone
P Icon Pack for Pixel,PERSONALIZATION,4.4,38.0,1000.0,51.0,Free,0.0,Everyone
P Launcher Theme For Android™ 9.0,PERSONALIZATION,3.9,213.0,10000.0,28.0,Free,0.0,Everyone
P Launcher for Android™ 9.0,PERSONALIZATION,3.9,35.0,5000.0,6.3,Free,0.0,Everyone
P Theme for Android™ P 9.0 Style Launcher,PERSONALIZATION,4.5,216.0,50000.0,5.7,Free,0.0,Everyone
P XPERIA Theme™ | Design For SONY 🎨,PERSONALIZATION,4.4,147.0,10000.0,16.0,Free,0.0,Everyone
P-Home for KLWP,PERSONALIZATION,5.0,4.0,100.0,12.0,Paid,0.99,Everyone
P9 Launcher - Android™ 9.0 P Launcher Style,TOOLS,4.3,1162.0,100000.0,7.3,Free,0.0,Everyone
PAC-MAN,GAME,4.2,685981.0,100000000.0,37.0,Free,0.0,Everyone
PAC-MAN CE DX,GAME,4.5,1692.0,10000.0,36.0,Paid,4.99,Everyone
PAC-MAN Pop,FAMILY,4.3,24877.0,5000000.0,54.0,Free,0.0,Everyone
PASS by KT (formerly KT certified),LIFESTYLE,3.5,7869.0,1000000.0,21.0,Free,0.0,Everyone
PBA® Bowling Challenge,SPORTS,4.3,242096.0,10000000.0,87.0,Free,0.0,Everyone
PBS KIDS Games,FAMILY,4.3,12919.0,1000000.0,94.0,Free,0.0,Everyone
PBS KIDS Video,FAMILY,4.2,36214.0,5000000.0,,Free,0.0,Everyone
PDD-UA,AUTO_AND_VEHICLES,4.8,736.0,100000.0,,Free,0.0,Everyone
PDF Reader - Scan、Edit & Share,BUSINESS,4.3,54520.0,10000000.0,,Free,0.0,Everyone
PDF Reader – PDF Editor 2018,TOOLS,4.1,1648.0,500000.0,36.0,Free,0.0,Everyone
PDF Viewer & Book Reader,PRODUCTIVITY,4.1,40437.0,5000000.0,,Free,0.0,Everyone
PES 2018 PRO EVOLUTION SOCCER,SPORTS,4.4,1721943.0,10000000.0,26.0,Free,0.0,Everyone
PES CLUB MANAGER,SPORTS,4.4,783025.0,10000000.0,,Free,0.0,Everyone
PGA TOUR,SPORTS,4.0,11151.0,1000000.0,52.0,Free,0.0,Everyone
PGA TOUR LIVE,SPORTS,3.4,1845.0,100000.0,12.0,Free,0.0,Everyone
PHARMAGUIDE (DZ),HEALTH_AND_FITNESS,4.1,131.0,5000.0,3.4,Free,0.0,Everyone
PHONE for Google Voice & GTalk,COMMUNICATION,4.3,72065.0,1000000.0,13.0,Free,0.0,Everyone
PINKFONG Baby Shark,EDUCATION,4.5,10852.0,1000000.0,18.0,Free,0.0,Everyone
PIP Camera - PIP Collage Maker,ART_AND_DESIGN,4.7,158.0,10000.0,11.0,Free,0.0,Everyone
PIP Selfie Camera Photo Editor,PHOTOGRAPHY,4.4,156322.0,10000000.0,,Free,0.0,Everyone
PIP-Camera FN Photo Effect,PHOTOGRAPHY,4.6,8.0,1000.0,9.0,Free,0.0,Everyone
PJ Masks: HQ,FAMILY,4.1,13731.0,1000000.0,55.0,Free,0.0,Everyone
PJ Masks: Moonlight Heroes,FAMILY,4.4,87045.0,10000000.0,99.0,Free,0.0,Everyone
PK and DK Audio App,FAMILY,5.0,2.0,100.0,3.9,Free,0.0,Everyone
PLANK!,GAME,4.7,7196.0,500000.0,38.0,Free,0.0,Everyone
PLAYBULB X,LIFESTYLE,2.9,2160.0,100000.0,15.0,Free,0.0,Everyone
PLAYzone.cz,FAMILY,4.4,14.0,500.0,7.3,Free,0.0,Everyone
PMHNP-BC Pocket Prep,MEDICAL,4.4,112.0,1000.0,13.0,Free,0.0,Everyone
POCKET ATLAS OF CT HEAD,MEDICAL,4.3,22.0,10000.0,18.0,Free,0.0,Everyone
POF Free Dating App,SOCIAL,4.2,1175815.0,50000000.0,,Free,0.0,Mature 17+
POGO Games,FAMILY,3.8,32600.0,1000000.0,26.0,Free,0.0,Everyone
POLARIS 2MFG,FAMILY,4.8,1228.0,10000.0,29.0,Free,0.0,Everyone
PORTABLE SOCCER DX,SPORTS,4.4,552.0,5000.0,1.6,Paid,1.0,Everyone
PORTABLE SOCCER DX Lite,SPORTS,4.2,15068.0,1000000.0,2.5,Free,0.0,Everyone
PPS Online,PARENTING,4.6,37.0,10000.0,16.0,Free,0.0,Everyone
PRO MX MOTOCROSS 2,GAME,3.8,25275.0,5000000.0,21.0,Free,0.0,Everyone
PS4 Second Screen,FAMILY,2.4,11773.0,1000000.0,3.3,Free,0.0,Everyone
PTA Content Master,MEDICAL,4.2,64.0,1000.0,41.0,Paid,29.99,Everyone
"PTI Flex Maker, Photo Frame Editor & Songs 2018",EVENTS,4.6,99.0,10000.0,13.0,Free,0.0,Everyone
PUBG MOBILE,GAME,4.4,3716278.0,50000000.0,36.0,Free,0.0,Teen
Pacific Navy Fighter C.E. (AS),GAME,4.3,11379.0,500000.0,20.0,Free,0.0,Everyone 10+
Pacifica - Stress & Anxiety,HEALTH_AND_FITNESS,4.5,10253.0,500000.0,,Free,0.0,Teen
PagesJaunes - local search,TRAVEL_AND_LOCAL,3.8,43935.0,10000000.0,,Free,0.0,Everyone
Pain Tracker & Diary,MEDICAL,4.3,3.0,100.0,4.6,Paid,2.99,Everyone
Paint By Number,FAMILY,3.5,807.0,500000.0,4.6,Free,0.0,Everyone
Paint Hit,GAME,4.4,37023.0,10000000.0,33.0,Free,0.0,Everyone
Paint Space AR,FAMILY,3.0,17.0,1000.0,32.0,Free,0.0,Everyone
Paint Splash!,ART_AND_DESIGN,3.8,2206.0,100000.0,1.2,Free,0.0,Everyone
Painting By Numbers,FAMILY,4.1,213.0,50000.0,26.0,Free,0.0,Everyone
PakWheels: Buy & Sell Cars,AUTO_AND_VEHICLES,4.4,15168.0,1000000.0,37.0,Free,0.0,Everyone
Palace Pets in Whisker Haven,FAMILY,4.1,47213.0,5000000.0,14.0,Free,0.0,Everyone
Palavras la cq,GAME,3.9,783.0,100000.0,3.4,Free,0.0,Everyone
Panera Bread,FOOD_AND_DRINK,4.2,10225.0,1000000.0,36.0,Free,0.0,Everyone
Paper flowers instructions,ART_AND_DESIGN,4.4,167.0,50000.0,5.6,Free,0.0,Everyone
Paprika Recipe Manager,FOOD_AND_DRINK,4.1,1268.0,50000.0,2.3,Paid,4.99,Everyone
Papumba Academy - Fun Learning For Kids,FAMILY,4.4,496.0,100000.0,94.0,Free,0.0,Everyone
Papyrus Ex,TOOLS,4.6,1092.0,100000.0,0.185546875,Free,0.0,Everyone
ParaTek Ai Speech generator,TOOLS,3.6,448.0,50000.0,4.3,Free,0.0,Everyone
Paraglider Dashboard,SPORTS,4.6,549.0,50000.0,2.8,Free,0.0,Everyone
Parallel Space - Multiple accounts & Two face,PERSONALIZATION,4.6,3062845.0,100000000.0,7.4,Free,0.0,Everyone
"Parallel U - App Cloner, Duals APP, tarallel",TOOLS,4.1,3315.0,500000.0,5.1,Free,0.0,Everyone
Paramedic Meds,MEDICAL,4.5,163.0,10000.0,0.3662109375,Paid,1.99,Everyone
Paramedic Pocket Prep,MEDICAL,4.3,460.0,10000.0,13.0,Free,0.0,Everyone
Paramedic Protocol Provider,MEDICAL,4.5,171.0,10000.0,20.0,Paid,10.0,Everyone 10+
Paris ci la Sortie du Métro,MAPS_AND_NAVIGATION,4.2,453.0,10000.0,36.0,Paid,2.99,Everyone
Park Limousine: Realistic Limo Parking Simulator,FAMILY,4.8,4.0,1000.0,25.0,Free,0.0,Everyone
Partymasters - Fun Idle Game,GAME,4.6,541144.0,10000000.0,63.0,Free,0.0,Teen
Passenger rights,TRAVEL_AND_LOCAL,3.9,442.0,50000.0,2.5,Free,0.0,Everyone
Pastry & Cooking (Without Net),FOOD_AND_DRINK,4.7,6118.0,1000000.0,,Free,0.0,Everyone
Path,SOCIAL,4.4,1520959.0,10000000.0,,Free,0.0,Teen
Patient Portal,MEDICAL,2.8,66.0,50000.0,1.2,Free,0.0,Everyone
Patook - make platonic friends,SOCIAL,4.0,3677.0,100000.0,50.0,Free,0.0,Mature 17+
Patron DB,TOOLS,3.9,64.0,5000.0,4.1,Free,0.0,Everyone
Paw Patrol by ShuffleCards,FAMILY,4.3,3484.0,1000000.0,56.0,Free,0.0,Everyone
PayPal,FINANCE,4.3,659760.0,50000000.0,47.0,Free,0.0,Everyone
Pdf Book Download - Read Pdf Book,BOOKS_AND_REFERENCE,4.4,1322.0,100000.0,3.5,Free,0.0,Everyone
Peak – Brain Games & Training,FAMILY,4.4,272321.0,10000000.0,,Free,0.0,Everyone
Pedi STAT,MEDICAL,4.6,129.0,10000.0,2.9,Paid,5.49,Everyone
Pediatric Nursing,MEDICAL,4.9,14.0,100.0,7.0,Free,0.0,Everyone
Pedometer,HEALTH_AND_FITNESS,4.4,400592.0,10000000.0,2.9,Free,0.0,Everyone
Pedometer - Step Counter Free & Calorie Burner,HEALTH_AND_FITNESS,4.8,31139.0,1000000.0,6.9,Free,0.0,Everyone
"Pedometer, Step Counter & Weight Loss Tracker App",HEALTH_AND_FITNESS,4.6,548021.0,10000000.0,27.0,Free,0.0,Everyone
"Peers.TV: broadcast TV channels First, Match TV, TNT ...",ENTERTAINMENT,4.1,141980.0,5000000.0,,Free,0.0,Teen
Peggle Blast,GAME,4.1,166251.0,5000000.0,19.0,Free,0.0,Everyone
Pencil Photo Sketch-Sketching Drawing Photo Editor,PHOTOGRAPHY,4.4,16523.0,1000000.0,,Free,0.0,Everyone
Pencil Sketch Drawing,ART_AND_DESIGN,3.9,136.0,10000.0,4.6,Free,0.0,Everyone
Penny Finder,SHOPPING,4.2,470.0,10000.0,4.1,Paid,2.99,Everyone
Penny Puss,TOOLS,3.0,19.0,1000.0,22.0,Paid,4.99,Everyone
People's Bank,FINANCE,3.6,10697.0,1000000.0,46.0,Free,0.0,Everyone
PeopleTV - Watch Celebrity News,FAMILY,4.3,2223.0,100000.0,8.6,Free,0.0,Teen
Peppa Pig: Party Time,FAMILY,3.8,52.0,10000.0,55.0,Paid,2.99,Everyone
Perfect Piano,GAME,4.2,828489.0,50000000.0,,Free,0.0,Everyone
Perfect Viewer,COMICS,4.4,51981.0,5000000.0,,Free,0.0,Everyone
Period Tracker,HEALTH_AND_FITNESS,4.5,325738.0,10000000.0,,Free,0.0,Everyone
Period Tracker - Period Calendar Ovulation Tracker,HEALTH_AND_FITNESS,4.8,4559407.0,100000000.0,,Free,0.0,Everyone
Period Tracker Clue: Period and Ovulation Tracker,HEALTH_AND_FITNESS,4.8,570242.0,10000000.0,20.0,Free,0.0,Everyone
Periscope - Live Video,SOCIAL,4.0,479939.0,10000000.0,15.0,Free,0.0,Mature 17+
Permit Test AZ Arizona MVD DOT,FAMILY,4.6,227.0,10000.0,11.0,Free,0.0,Everyone
Permit Test CO Colorado DMV,FAMILY,4.5,41.0,1000.0,11.0,Free,0.0,Everyone
Permit Test Connecticut CT DMV,FAMILY,4.6,186.0,10000.0,9.6,Free,0.0,Everyone
Permit Test FL Florida DHSMV,FAMILY,4.7,246.0,10000.0,11.0,Free,0.0,Everyone
Pet Beauty Salon,FAMILY,3.8,20292.0,1000000.0,47.0,Free,0.0,Everyone
Pet Vet Dr - Animals Hospital,FAMILY,3.7,11748.0,1000000.0,36.0,Free,0.0,Teen
Petals 3D live wallpaper,PERSONALIZATION,4.2,112479.0,10000000.0,4.3,Free,0.0,Everyone
PewDiePie's Tuber Simulator,FAMILY,4.8,1499466.0,10000000.0,96.0,Free,0.0,Teen
Pharmacie de Garde CI et Prix,HEALTH_AND_FITNESS,4.4,2599.0,100000.0,6.9,Free,0.0,Mature 17+
Pharmacy CI - Pharmacies de garde Côte d'Ivoire,HEALTH_AND_FITNESS,4.5,5509.0,100000.0,3.2,Free,0.0,Everyone
Philips Hue,LIFESTYLE,3.1,10006.0,1000000.0,53.0,Free,0.0,Everyone
Phoenix - Facebook & Messenger,SOCIAL,4.3,9606.0,100000.0,3.4,Free,0.0,Teen
Phoenix and Arizona Cameras,TRAVEL_AND_LOCAL,4.1,134.0,10000.0,5.3,Free,0.0,Everyone
"Phogy, 3D Camera",PHOTOGRAPHY,4.0,35725.0,1000000.0,9.9,Free,0.0,Everyone
Phone,TOOLS,3.6,45483.0,10000000.0,,Free,0.0,Everyone
Phone Clean Best Speed Booster,PRODUCTIVITY,4.5,81502.0,1000000.0,,Free,0.0,Everyone
Phone Tracker : Family Locator,SOCIAL,4.3,231446.0,10000000.0,5.4,Free,0.0,Everyone
"Phone X Launcher, OS 11 iLauncher & Control Center",TOOLS,4.2,54063.0,5000000.0,16.0,Free,0.0,Everyone
Phonics Puzzles,FAMILY,3.8,4.0,100.0,54.0,Paid,2.99,Everyone
Phonto - Text on Photos,PHOTOGRAPHY,4.3,307453.0,10000000.0,17.0,Free,0.0,Everyone
Photo BG Changer,PHOTOGRAPHY,3.8,11.0,1000.0,17.0,Free,0.0,Everyone
Photo Background Changer 2018 - Blur Background,LIFESTYLE,3.7,34079.0,5000000.0,9.2,Free,0.0,Everyone
Photo Collage - InstaMag,PHOTOGRAPHY,4.3,542561.0,10000000.0,46.0,Free,0.0,Everyone
Photo Collage - Layout Editor,PHOTOGRAPHY,4.5,285788.0,10000000.0,46.0,Free,0.0,Everyone
Photo Collage Editor,PHOTOGRAPHY,4.2,1028637.0,100000000.0,,Free,0.0,Everyone
Photo Collage Maker,PHOTOGRAPHY,4.3,751766.0,10000000.0,,Free,0.0,Everyone
Photo Compress 2.0 - Ad Free,TOOLS,4.1,6267.0,1000000.0,1.7,Free,0.0,Everyone
Photo Designer - Write your name with shapes,ART_AND_DESIGN,4.7,3632.0,500000.0,5.5,Free,0.0,Everyone
Photo Editor,PHOTOGRAPHY,4.1,114680.0,10000000.0,27.0,Free,0.0,Everyone
Photo Editor & Candy Camera & Grid & ScrapBook,ART_AND_DESIGN,4.1,159.0,10000.0,19.0,Free,0.0,Everyone
Photo Editor - BPhoto,PHOTOGRAPHY,4.5,42.0,1000.0,20.0,Free,0.0,Everyone
Photo Editor 2018,BEAUTY,4.5,134.0,10000.0,17.0,Free,0.0,Everyone
Photo Editor Collage Maker Pro,PHOTOGRAPHY,4.5,1519671.0,100000000.0,,Free,0.0,Everyone
Photo Editor Pro,PHOTOGRAPHY,4.3,1871421.0,100000000.0,,Free,0.0,Everyone
Photo Editor Selfie Camera Filter & Mirror Image,PHOTOGRAPHY,4.3,527248.0,50000000.0,,Free,0.0,Everyone
Photo Editor by Aviary,PHOTOGRAPHY,4.4,1490732.0,50000000.0,21.0,Free,0.0,Everyone
Photo Editor by BeFunky,PHOTOGRAPHY,4.5,192851.0,10000000.0,,Free,0.0,Everyone
Photo Editor-,PHOTOGRAPHY,4.3,68071.0,5000000.0,,Free,0.0,Everyone
Photo Effects Pro,PHOTOGRAPHY,4.4,1494491.0,50000000.0,21.0,Free,0.0,Everyone
Photo Frame,PHOTOGRAPHY,4.5,74476.0,10000000.0,23.0,Free,0.0,Everyone
Photo Frames,PHOTOGRAPHY,4.3,28578.0,10000000.0,23.0,Free,0.0,Everyone
"Photo Lab Picture Editor: face effects, art frames",PHOTOGRAPHY,4.5,1536512.0,50000000.0,,Free,0.0,Everyone
Photo Lock App - Hide Pictures & Videos,PERSONALIZATION,4.5,29203.0,5000000.0,3.3,Free,0.0,Everyone
Photo Mixer,PHOTOGRAPHY,3.9,55427.0,10000000.0,6.6,Free,0.0,Everyone
Photo Studio,PHOTOGRAPHY,4.2,477831.0,10000000.0,51.0,Free,0.0,Everyone
Photo Warp,FAMILY,3.7,353342.0,50000000.0,13.0,Free,0.0,Everyone
Photo frame,PHOTOGRAPHY,4.5,859.0,100000.0,21.0,Free,0.0,Everyone
PhotoDirector Photo Editor App,PHOTOGRAPHY,4.6,714340.0,10000000.0,,Free,0.0,Everyone
PhotoFrame for Synology DS,PHOTOGRAPHY,4.0,1.0,10.0,2.6,Paid,4.99,Everyone
PhotoFunia,PHOTOGRAPHY,4.3,316378.0,10000000.0,4.4,Free,0.0,Everyone
"PhotoGrid: Video & Pic Collage Maker, Photo Editor",PHOTOGRAPHY,4.6,7529865.0,100000000.0,,Free,0.0,Everyone
"PhotoLayers〜Superimpose,Eraser",PHOTOGRAPHY,4.5,81219.0,10000000.0,2.6,Free,0.0,Everyone
PhotoScan by Google Photos,PHOTOGRAPHY,4.3,61990.0,10000000.0,,Free,0.0,Everyone
PhotoWonder: Pro Beauty Photo Editor Collage Maker,PHOTOGRAPHY,4.4,852649.0,50000000.0,43.0,Free,0.0,Teen
Pi Dark [substratum],PERSONALIZATION,4.5,189.0,10000.0,2.1,Free,0.0,Everyone
Piano Free - Keyboard with Magic Tiles Music Games,GAME,4.5,785622.0,50000000.0,,Free,0.0,Everyone
Piano Kids - Music & Songs,FAMILY,4.6,46741.0,10000000.0,50.0,Free,0.0,Everyone
Piano Tiles 2™,GAME,4.7,8118880.0,100000000.0,,Free,0.0,Everyone
Pic Collage - Photo Editor,PHOTOGRAPHY,4.6,1451000.0,50000000.0,,Free,0.0,Everyone
Pic Stitch - #1 Collage Maker,PHOTOGRAPHY,4.2,15426.0,1000000.0,50.0,Free,0.0,Everyone
Picai - Smart AI Camera,PHOTOGRAPHY,4.0,529.0,100000.0,,Free,0.0,Everyone
Pick Your Part Garage,AUTO_AND_VEHICLES,3.9,142.0,50000.0,32.0,Free,0.0,Everyone
Pick-a-Paint,LIFESTYLE,1.6,242.0,50000.0,36.0,Free,0.0,Everyone
Picktrainer: India's largest photo contest app,EVENTS,4.5,1065.0,100000.0,9.0,Free,0.0,Everyone
PicsArt Photo Studio: Collage Maker & Pic Editor,PHOTOGRAPHY,4.5,7594559.0,100000000.0,34.0,Free,0.0,Teen
Picture Grid Builder,PHOTOGRAPHY,4.0,33439.0,5000000.0,3.9,Free,0.0,Everyone
Piczle Lines DX,FAMILY,4.6,281.0,5000.0,26.0,Free,0.0,Everyone
Pill Identifier and Drug list,MEDICAL,4.0,488.0,100000.0,17.0,Free,0.0,Everyone
Pin-fo,FAMILY,4.6,19.0,500.0,1.6,Free,0.0,Everyone
Pineapple Pen,GAME,4.3,157264.0,10000000.0,65.0,Free,0.0,Everyone
Pink Color for Facebook,SOCIAL,4.1,5285.0,500000.0,4.0,Free,0.0,Everyone
Pink Diamond Princess Keyboard Theme,PERSONALIZATION,3.7,10796.0,1000000.0,6.8,Free,0.0,Everyone
Pink Guy - Ey B0ss,FAMILY,4.7,13.0,500.0,1.2,Free,0.0,Everyone
Pink Roses Live Wallpaper,PERSONALIZATION,4.2,33074.0,1000000.0,3.3,Free,0.0,Everyone
Pink Silver Bow Keyboard Theme,ART_AND_DESIGN,4.2,1120.0,100000.0,9.2,Free,0.0,Everyone
Pink Water Sakura Keyboard Theme,LIBRARIES_AND_DEMO,4.3,1465.0,100000.0,7.0,Free,0.0,Everyone
Pinkalicious Party,FAMILY,3.0,2.0,500.0,82.0,Paid,2.99,Everyone
Pino chess,FAMILY,4.8,61.0,1000.0,25.0,Free,0.0,Everyone
Pinoy Kid Song Ako ay may Lobo,FAMILY,4.6,23.0,10000.0,17.0,Free,0.0,Everyone
Pint - FN Theme,PERSONALIZATION,2.5,6.0,100.0,0.228515625,Free,0.0,Everyone
Pinterest,SOCIAL,4.6,4305441.0,100000000.0,,Free,0.0,Teen
PitchBlack S - Samsung Substratum Theme “For Oreo”,PERSONALIZATION,4.5,90.0,1000.0,37.0,Paid,1.99,Everyone
PixBox Coloring - Color by number Sandbox,FAMILY,4.5,12293.0,1000000.0,4.0,Free,0.0,Everyone
PixPanda - Color by Number Pixel Art Coloring Book,FAMILY,4.9,55723.0,1000000.0,14.0,Free,0.0,Everyone
Pixel Art: Color by Number Game,GAME,4.7,1125566.0,10000000.0,25.0,Free,0.0,Everyone
Pixel Draw - Number Art Coloring Book,ART_AND_DESIGN,4.3,967.0,100000.0,2.8,Free,0.0,Everyone
Pixel Gun 3D: Survival shooter & Battle Royale,GAME,4.5,4487182.0,50000000.0,55.0,Free,0.0,Teen
Pixel Oreo/P Dark White AMOLED UI - Icon Pack,PERSONALIZATION,4.8,18.0,5000.0,16.0,Paid,1.49,Everyone
Pixel Z Gunner 3D - Battle Survival Fps,GAME,4.2,11408.0,1000000.0,96.0,Free,0.0,Teen
"Pixel art pro-Sand box,paint by number,number draw",FAMILY,4.5,2442.0,100000.0,13.0,Free,0.0,Everyone
PixelDot - Color by Number Sandbox Pixel Art,FAMILY,4.6,16041.0,1000000.0,7.3,Free,0.0,Everyone
PixelLab - Text on pictures,PHOTOGRAPHY,4.6,108002.0,10000000.0,,Free,0.0,Everyone
Pixelmania - Color by number & create pixel art,FAMILY,4.4,3588.0,500000.0,18.0,Free,0.0,Everyone
Pixgram- video photo slideshow,PHOTOGRAPHY,4.2,93726.0,5000000.0,9.2,Free,0.0,Everyone
Pixlr – Free Photo Editor,PHOTOGRAPHY,4.4,1163232.0,50000000.0,31.0,Free,0.0,Everyone
Pixlr-o-matic,PHOTOGRAPHY,4.5,180697.0,10000000.0,6.1,Free,0.0,Everyone
Pixxy KWGT,PERSONALIZATION,4.8,60.0,1000.0,78.0,Paid,0.99,Everyone
Pixyfy: coloring by number coloring book,FAMILY,4.8,22290.0,500000.0,13.0,Free,0.0,Everyone
Pizza Hut,FOOD_AND_DRINK,4.4,321134.0,10000000.0,30.0,Free,0.0,Everyone
PlacarTv Futebol Ao Vivo,COMMUNICATION,4.1,2063.0,100000.0,4.5,Free,0.0,Everyone
Placement Tips for BE (CE/IT),FAMILY,4.4,7.0,500.0,6.3,Free,0.0,Everyone
Plan B,MAPS_AND_NAVIGATION,3.3,19.0,5000.0,6.0,Free,0.0,Everyone
Planet O - Icon Pack,PERSONALIZATION,4.6,354.0,10000.0,24.0,Paid,0.99,Everyone
Planet of Cubes Survival Craft,FAMILY,3.9,475944.0,10000000.0,35.0,Free,0.0,Everyone
Planner Pro-Personal Organizer,PRODUCTIVITY,4.0,10270.0,1000000.0,8.4,Free,0.0,Everyone
Planning Center Services,PRODUCTIVITY,4.3,5157.0,500000.0,,Free,0.0,Everyone
Plants vs. Zombies FREE,GAME,4.4,4067651.0,100000000.0,69.0,Free,0.0,Everyone 10+
Plants vs. Zombies™ 2,FAMILY,4.4,567632.0,10000000.0,15.0,Free,0.0,Everyone 10+
Plants vs. Zombies™ Heroes,FAMILY,4.4,379415.0,10000000.0,68.0,Free,0.0,Everyone
Plants vs. Zombies™ Watch Face,FAMILY,3.5,33178.0,1000000.0,3.1,Free,0.0,Everyone
Plastic Surgery Surgeon Simulator Er Doctor Games,FAMILY,3.7,3482.0,500000.0,37.0,Free,0.0,Everyone
Platincoin Wallet - PLC Group AG,LIBRARIES_AND_DEMO,4.3,375.0,10000.0,15.0,Free,0.0,Everyone
Play Tube,VIDEO_PLAYERS,4.3,15874.0,1000000.0,5.4,Free,0.0,Everyone
PlayKids - Educational cartoons and games for kids,FAMILY,4.1,182173.0,10000000.0,,Free,0.0,Everyone
PlayStation App,ENTERTAINMENT,4.2,613059.0,50000000.0,25.0,Free,0.0,Everyone
PlayTexas Hold'em Poker Free,GAME,3.8,3543.0,1000000.0,,Free,0.0,Teen
Please Don't Touch Anything 3D,FAMILY,4.2,146.0,5000.0,20.0,Paid,5.99,Teen
"Please, Don't Touch Anything",FAMILY,4.4,1771.0,10000.0,46.0,Paid,4.99,Teen
Plug-in app (System AC),TOOLS,3.6,126.0,10000.0,11.0,Free,0.0,Everyone
PlugShare,MAPS_AND_NAVIGATION,4.7,4501.0,100000.0,26.0,Free,0.0,Teen
Plugin:AOT v5.0,BUSINESS,3.1,4034.0,100000.0,0.0224609375,Free,0.0,Everyone
Pluto TV - It’s Free TV,ENTERTAINMENT,4.2,28948.0,1000000.0,,Free,0.0,Teen
Pocket,NEWS_AND_MAGAZINES,4.5,256680.0,10000000.0,12.0,Free,0.0,Everyone
Pocket AC,PHOTOGRAPHY,4.8,130.0,1000.0,4.4,Paid,9.99,Everyone
Pocket GMAT Math,EDUCATION,4.3,656.0,10000.0,0.54296875,Free,0.0,Everyone
Pocket Heroes,FAMILY,4.5,96658.0,1000000.0,26.0,Free,0.0,Everyone 10+
Pocket Lab Values,MEDICAL,4.3,214.0,10000.0,0.8779296875,Paid,2.99,Everyone
Pocket Little Pony,FAMILY,4.1,47576.0,1000000.0,14.0,Free,0.0,Everyone 10+
Pocket Mortys,FAMILY,4.5,174215.0,10000000.0,93.0,Free,0.0,Everyone
Pocket Prefix Plus,COMMUNICATION,4.5,192.0,10000.0,15.0,Free,0.0,Everyone
Pocket RxTx Free,PRODUCTIVITY,4.1,4513.0,100000.0,,Free,0.0,Everyone
Pocket RxTx Pro,PRODUCTIVITY,4.3,253.0,5000.0,,Paid,3.99,Everyone
Pocket SAT Math,EDUCATION,4.0,430.0,10000.0,0.513671875,Free,0.0,Everyone
Pocket U ASW,FAMILY,3.9,93.0,10000.0,28.0,Free,0.0,Everyone
Pocket Yoga,HEALTH_AND_FITNESS,4.4,2107.0,100000.0,,Paid,2.99,Everyone
Podcast Addict,NEWS_AND_MAGAZINES,4.6,413999.0,5000000.0,10.0,Free,0.0,Teen
Podcast App: Free & Offline Podcasts by Player FM,NEWS_AND_MAGAZINES,4.6,66407.0,1000000.0,19.0,Free,0.0,Teen
Podcast Republic - Podcast Player & Radio Player,NEWS_AND_MAGAZINES,4.5,66978.0,1000000.0,,Free,0.0,Teen
Poke Genie - Safe IV Calculator,TOOLS,4.7,92958.0,1000000.0,36.0,Free,0.0,Everyone
PokeType - Dex,FAMILY,4.6,36813.0,500000.0,33.0,Free,0.0,Everyone
Poker Equity Calculator Pro for No Limit Hold'em,GAME,4.0,21.0,5000.0,14.0,Paid,0.99,Everyone
Poker Live! 3D Texas Hold'em,GAME,4.3,6143.0,100000.0,37.0,Free,0.0,Teen
Poker Pro.Fr,GAME,4.2,5442.0,100000.0,17.0,Free,0.0,Teen
PokerStars Play: Free Texas Holdem Poker Game,GAME,4.6,14989.0,500000.0,78.0,Free,0.0,Teen
Pokémon GO,GAME,4.1,10424925.0,100000000.0,85.0,Free,0.0,Everyone
Pokémon TV,FAMILY,4.2,117461.0,5000000.0,,Free,0.0,Everyone
"Polaris Office - Word, Docs, Sheets, Slide, PDF",PRODUCTIVITY,4.3,549900.0,10000000.0,60.0,Free,0.0,Everyone
Polaris Office for LG,BUSINESS,4.2,30847.0,5000000.0,55.0,Free,0.0,Everyone
Police Car Driver,GAME,3.8,83671.0,10000000.0,30.0,Free,0.0,Everyone 10+
Police Car Driving Sim,FAMILY,4.1,72522.0,10000000.0,51.0,Free,0.0,Everyone
Police Detector (Speed Camera Radar),AUTO_AND_VEHICLES,4.3,3574.0,1000000.0,3.9,Free,0.0,Everyone 10+
Police Field Interview FI Card,PRODUCTIVITY,4.5,112.0,1000.0,2.4,Paid,7.99,Everyone
"Police Lights, Sirens & Follow Me",AUTO_AND_VEHICLES,4.5,737.0,100000.0,8.9,Free,0.0,Everyone
Police VAZ LADA Simulator,FAMILY,3.6,3502.0,500000.0,61.0,Free,0.0,Teen
Policy And FD Manager,FINANCE,4.3,20.0,500.0,4.8,Free,0.0,Everyone
"Poly Art: Paint by Sticker, Color by Number Puzzle",FAMILY,4.4,2100.0,100000.0,,Free,0.0,Everyone
Pony Friends 🦄 - Beepzz racing game for kids,FAMILY,4.5,114.0,50000.0,69.0,Free,0.0,Everyone
Pool Billiards Classic - bi a,SPORTS,3.9,5644.0,1000000.0,14.0,Free,0.0,Everyone
Poop Tracker - Toilet Log,HEALTH_AND_FITNESS,4.4,622.0,10000.0,2.5,Free,0.0,Everyone
Popeyes® App,FOOD_AND_DRINK,3.7,61.0,50000.0,11.0,Free,0.0,Everyone
Popsicle Sticks and Similar DIY Craft Ideas,ART_AND_DESIGN,4.2,26.0,10000.0,12.0,Free,0.0,Everyone
Porch DV,HOUSE_AND_HOME,2.8,5.0,1000.0,13.0,Free,0.0,Everyone
Portable Wi-Fi hotspot,COMMUNICATION,3.9,138129.0,10000000.0,2.1,Free,0.0,Everyone
Portable Wi-Fi hotspot Free,COMMUNICATION,4.0,1711.0,100000.0,2.1,Free,0.0,Everyone
Portable Wi-Fi hotspot Premium,COMMUNICATION,3.7,481.0,10000.0,0.41015625,Paid,0.99,Everyone
Portal AR - Step Into Scotland,TRAVEL_AND_LOCAL,3.7,25.0,5000.0,43.0,Free,0.0,Everyone
Portes du Soleil,SPORTS,3.1,500.0,50000.0,39.0,Free,0.0,Everyone
Poshmark - Buy & Sell Fashion,SHOPPING,4.3,46153.0,10000000.0,17.0,Free,0.0,Everyone
Post Bank,FINANCE,4.5,60449.0,1000000.0,100.0,Free,0.0,Everyone
Posta App,MAPS_AND_NAVIGATION,3.6,8.0,1000.0,,Free,0.0,Everyone
Postings (Craigslist Search App),SHOPPING,4.3,151095.0,5000000.0,12.0,Free,0.0,Mature 17+
Postmates Food Delivery: Order Eats & Alcohol,FOOD_AND_DRINK,3.6,22875.0,1000000.0,22.0,Free,0.0,Everyone
Pou,GAME,4.3,10486018.0,500000000.0,24.0,Free,0.0,Everyone
Power BI Ultimate Orientation,FAMILY,4.3,12.0,5000.0,8.1,Free,0.0,Everyone
Power Booster - Junk Cleaner & CPU Cooler & Boost,PRODUCTIVITY,4.5,9653.0,1000000.0,5.1,Free,0.0,Everyone
Power Plug EV charger,MAPS_AND_NAVIGATION,3.7,13.0,1000.0,3.9,Free,0.0,Everyone
Power Pop Bubbles,GAME,4.4,104303.0,10000000.0,,Free,0.0,Everyone
Power Rangers Dino Charge,GAME,4.3,194969.0,10000000.0,30.0,Free,0.0,Everyone 10+
Power Rangers: Legacy Wars,GAME,4.3,264755.0,10000000.0,91.0,Free,0.0,Teen
Power Spheres by BoBoiBoy,FAMILY,4.3,70903.0,5000000.0,51.0,Free,0.0,Everyone
Power Widget,TOOLS,4.2,928.0,10000.0,0.3740234375,Paid,1.99,Everyone
"PowerDirector Video Editor App: 4K, Slow Mo & More",VIDEO_PLAYERS,4.5,714665.0,10000000.0,50.0,Free,0.0,Everyone
Powershop AU,TOOLS,4.0,498.0,10000.0,11.0,Free,0.0,Everyone
Poynt,TRAVEL_AND_LOCAL,4.0,26665.0,5000000.0,10.0,Free,0.0,Everyone
Prana Breath: Calm & Meditate,HEALTH_AND_FITNESS,4.8,31665.0,1000000.0,8.4,Free,0.0,Everyone
Predator Calls for Hunting AU,SPORTS,4.4,27.0,10000.0,78.0,Free,0.0,Everyone
Preferences Manager and SQLite DB Viewer,TOOLS,3.5,13.0,1000.0,3.0,Free,0.0,Everyone
Pregnancy & Baby Tracker,HEALTH_AND_FITNESS,4.6,48286.0,1000000.0,,Free,0.0,Everyone
Pregnancy Calculator and Tracker app,MEDICAL,4.8,69126.0,1000000.0,61.0,Free,0.0,Everyone
Pregnancy Tracker,HEALTH_AND_FITNESS,4.1,2681.0,500000.0,6.5,Free,0.0,Everyone
Pregnancy Tracker & Countdown to Baby Due Date,PARENTING,4.7,658087.0,10000000.0,62.0,Free,0.0,Everyone
Pregnancy Week By Week,MEDICAL,4.8,78825.0,1000000.0,11.0,Free,0.0,Everyone
Pregnant Emergency Surgery,FAMILY,3.8,127229.0,10000000.0,34.0,Free,0.0,Everyone
Pregnant Mom ER Emergency Doctor Hospital Games,FAMILY,4.0,325.0,50000.0,27.0,Free,0.0,Everyone
Pregnant Mom Surgery Newborn Twins Baby Birth Care,FAMILY,4.3,95.0,10000.0,28.0,Free,0.0,Teen
Premier League - Official App,SPORTS,4.3,63782.0,5000000.0,24.0,Free,0.0,Everyone
Preschool All-In-One,FAMILY,4.1,9019.0,1000000.0,44.0,Free,0.0,Everyone
Prestige AH,MEDICAL,4.0,2.0,100.0,29.0,Free,0.0,Everyone
"Pretty Makeup, Beauty Photo Editor & Snappy Camera",PHOTOGRAPHY,4.5,26361.0,5000000.0,29.0,Free,0.0,Everyone
"Priceline Hotel Deals, Rental Cars & Flights",TRAVEL_AND_LOCAL,4.4,48930.0,5000000.0,15.0,Free,0.0,Everyone
Prime Key for Nougat Launcher& O Launcher &KitKat,PERSONALIZATION,4.1,324.0,5000.0,0.3056640625,Paid,6.99,Everyone
PrimeDelivery,MEDICAL,5.0,3.0,10.0,53.0,Free,0.0,Everyone
Princess Adventures Puzzles,FAMILY,4.4,382.0,500000.0,44.0,Free,0.0,Everyone
Princess Closet : Otome games free dating sim,FAMILY,4.5,29495.0,1000000.0,56.0,Free,0.0,Teen
Princess Coloring Book,FAMILY,4.5,9779.0,5000000.0,39.0,Free,0.0,Everyone
Princess Palace: Royal Pony,FAMILY,4.4,11442.0,1000000.0,66.0,Free,0.0,Everyone
PriorityONE Credit Union of Fl,FINANCE,4.7,178.0,1000.0,12.0,Free,0.0,Everyone
"Prism Pay Bills, Track Money, Personal Finance",FINANCE,4.6,16961.0,500000.0,32.0,Free,0.0,Everyone
Pro 2018 - Series A and B,SPORTS,4.6,101455.0,5000000.0,6.2,Free,0.0,Everyone
Pro App for Craigslist,SHOPPING,4.1,5618.0,500000.0,4.6,Free,0.0,Teen
Professional AV Solution & Products information,PRODUCTIVITY,4.5,24.0,1000.0,22.0,Free,0.0,Everyone
Professor Online SEDUC-CE,FAMILY,4.1,188.0,10000.0,4.6,Free,0.0,Everyone
Profile Pictures - Best DP Status,FAMILY,4.3,131.0,50000.0,5.4,Free,0.0,Everyone
Profile Pictures and DP for Whatsapp,SOCIAL,4.3,48.0,5000.0,11.0,Free,0.0,Everyone
Profile Tracker - Who Viewed My Facebook Profile,SOCIAL,4.7,37090.0,500000.0,4.8,Free,0.0,Teen
Profile pictures for WhatsApp,PERSONALIZATION,4.7,10786.0,500000.0,9.4,Free,0.0,Mature 17+
Profile w/o crop for Telegram,PHOTOGRAPHY,4.2,348.0,10000.0,1.5,Free,0.0,Everyone
"Programming Hub, Learn to code",EDUCATION,4.3,55704.0,1000000.0,15.0,Free,0.0,Everyone
Project Fi by Google,TOOLS,4.6,7342.0,1000000.0,,Free,0.0,Everyone
Project Grand Auto Town Sandbox Beta,GAME,3.7,7885.0,500000.0,28.0,Free,0.0,Mature 17+
Prom MakeUp Tutorial,BEAUTY,4.8,104.0,10000.0,12.0,Free,0.0,Everyone
Pronunciation and know the name of the caller from his number,LIFESTYLE,4.6,2167.0,500000.0,1.4,Free,0.0,Everyone
Propel BI APP,BUSINESS,5.0,3.0,100.0,23.0,Free,0.0,Everyone
Propertyfinder,LIFESTYLE,4.2,1506.0,100000.0,11.0,Free,0.0,Everyone
Prosperity,EVENTS,5.0,16.0,100.0,2.3,Free,0.0,Everyone
Psiphon Pro - The Internet Freedom VPN,COMMUNICATION,4.3,298041.0,10000000.0,,Free,0.0,Everyone
"Pu - Cute giant panda bear, baby pet care game",FAMILY,4.5,22167.0,1000000.0,88.0,Free,0.0,Everyone
Public Digital Library,LIBRARIES_AND_DEMO,3.9,2087.0,50000.0,,Free,0.0,Everyone
Public Service CU Mobile,FINANCE,2.0,314.0,10000.0,35.0,Free,0.0,Everyone
Puck AI Personal Assistant Robot,PRODUCTIVITY,4.1,22.0,1000.0,26.0,Free,0.0,Everyone
Puffin Browser Pro,COMMUNICATION,4.0,18247.0,100000.0,,Paid,3.99,Everyone
Puffin Web Browser,COMMUNICATION,4.3,541661.0,10000000.0,,Free,0.0,Everyone
Puffin for Facebook,SOCIAL,4.0,10743.0,500000.0,,Free,0.0,Teen
Pujie Black Watch Face for Android Wear OS,PERSONALIZATION,4.6,7264.0,100000.0,,Paid,1.99,Everyone
"Pulse Nabd - World News, Urgent",NEWS_AND_MAGAZINES,4.5,357944.0,10000000.0,12.0,Free,0.0,Everyone
PulsePoint AED,MEDICAL,4.5,330.0,50000.0,17.0,Free,0.0,Everyone
PulsePoint Respond,MEDICAL,4.5,7837.0,100000.0,21.0,Free,0.0,Everyone
PumpUp — Fitness Community,HEALTH_AND_FITNESS,4.0,49479.0,1000000.0,57.0,Free,0.0,Teen
Punch em,GAME,4.1,2208.0,500000.0,4.4,Free,0.0,Everyone
Punjab Online - Land Records • EB Bill Pay • RC/DL,TOOLS,3.4,16.0,5000.0,4.0,Free,0.0,Everyone
Puppy Shooting an AK-47: Platformer Zombie Game,GAME,4.8,21.0,1000.0,89.0,Free,0.0,Everyone
Pushbullet - SMS on PC,PRODUCTIVITY,4.5,176873.0,1000000.0,4.5,Free,0.0,Everyone
Putzmeister Experts,TOOLS,4.6,21.0,1000.0,8.9,Free,0.0,Everyone
Puzzle Alarm Clock ⏰,TOOLS,4.3,32111.0,1000000.0,5.3,Free,0.0,Everyone
Puzzle Kids - Animals Shapes and Jigsaw Puzzles,FAMILY,4.6,1109.0,1000000.0,52.0,Free,0.0,Everyone
Puzzle for CS:GO,GAME,4.3,247.0,10000.0,18.0,Free,0.0,Everyone
Puzzles Volvo FH 16 Trucks,FAMILY,4.8,10.0,1000.0,8.2,Free,0.0,Teen
Pyaar Ek Dhoka,FAMILY,5.0,18.0,50.0,1.3,Free,0.0,Everyone
Pyaterochka,FOOD_AND_DRINK,3.1,8412.0,1000000.0,,Free,0.0,Everyone
"Pzizz - Sleep, Nap, Focus",MEDICAL,4.3,5521.0,100000.0,22.0,Free,0.0,Everyone
Q,FAMILY,4.2,69126.0,1000000.0,60.0,Free,0.0,Everyone
"Q Alerts: QAnon Drop Notifications, Research +++",NEWS_AND_MAGAZINES,4.7,143.0,5000.0,26.0,Paid,0.99,Mature 17+
Q Avatar (Avatar Maker),COMICS,4.4,2012.0,100000.0,3.6,Free,0.0,Everyone
Q Avatar Pro,FAMILY,4.8,4.0,100.0,3.6,Paid,1.49,Teen
Q Cat Live Wallpaper,PERSONALIZATION,4.2,4383.0,500000.0,7.1,Free,0.0,Teen
Q Link Wireless Zone,PRODUCTIVITY,4.0,2194.0,500000.0,17.0,Free,0.0,Everyone
Q MINDshare Mobile,BUSINESS,3.4,24.0,10000.0,,Free,0.0,Everyone
Q Mobile Banking,FINANCE,4.7,460.0,10000.0,12.0,Free,0.0,Everyone
Q Operator,BUSINESS,4.6,60.0,1000.0,,Free,0.0,Everyone
Q Quiz SK,FAMILY,3.9,159.0,5000.0,39.0,Free,0.0,Everyone
Q Remote Control,TOOLS,3.8,4264.0,500000.0,14.0,Free,0.0,Everyone
Q Wunder,FAMILY,3.8,156.0,10000.0,43.0,Free,0.0,Everyone
Q downloader : download your social media videos,FAMILY,4.1,41.0,1000.0,4.5,Free,0.0,Everyone
Q*bert: Rebooted,GAME,4.3,13788.0,1000000.0,55.0,Free,0.0,Everyone
Q-See Plus,VIDEO_PLAYERS,2.2,32.0,5000.0,33.0,Free,0.0,Everyone
Q-See QC View,TOOLS,3.1,657.0,100000.0,21.0,Free,0.0,Everyone
Q-See QT View,TOOLS,3.6,7357.0,100000.0,19.0,Free,0.0,Everyone
Q-Tech Companion App,FOOD_AND_DRINK,1.8,17.0,10000.0,3.1,Free,0.0,Everyone
Q-Ticketing,MAPS_AND_NAVIGATION,3.8,114.0,10000.0,19.0,Free,0.0,Everyone
Q-slope,TOOLS,4.5,2.0,50.0,3.9,Paid,1.76,Everyone
Q7 SmartWatch,HEALTH_AND_FITNESS,3.0,94.0,10000.0,30.0,Free,0.0,Everyone
QR BARCODE SCANNER,TOOLS,3.8,169369.0,10000000.0,,Free,0.0,Everyone
QR Code Pro,PRODUCTIVITY,4.8,5865.0,100000.0,15.0,Paid,4.49,Everyone
QR Code Reader,TOOLS,4.0,495971.0,50000000.0,2.7,Free,0.0,Everyone
QR Droid,PRODUCTIVITY,4.1,349151.0,50000000.0,,Free,0.0,Everyone
QR Scanner & Barcode Scanner 2018,PRODUCTIVITY,3.8,8226.0,10000000.0,4.1,Free,0.0,Everyone
QRZ Assistant,COMMUNICATION,4.2,1044.0,100000.0,3.5,Free,0.0,Everyone
QST,FAMILY,2.5,706.0,10000.0,,Free,0.0,Everyone
Qapital - Save Small. Live Large,FINANCE,4.5,8662.0,100000.0,38.0,Free,0.0,Everyone
Qatar Airways,TRAVEL_AND_LOCAL,4.3,11182.0,1000000.0,62.0,Free,0.0,Everyone
Qeek for Instagram - Zoom profile insta DP,SOCIAL,4.6,12111.0,500000.0,9.1,Free,0.0,Everyone
Qserve EU MDR First Aid,BUSINESS,3.0,2.0,100.0,17.0,Free,0.0,Everyone
Quadratic Equation Solver with Steps and Graphs,FAMILY,4.7,513.0,50000.0,9.8,Free,0.0,Everyone
Quake & Volcanoes: 3D Globe of Volcanic Eruptions,EVENTS,4.4,663.0,100000.0,6.0,Free,0.0,Everyone
Questland: Turn Based RPG,FAMILY,4.6,31134.0,1000000.0,48.0,Free,0.0,Everyone 10+
Quick PDF Scanner + OCR FREE,BUSINESS,4.2,80805.0,5000000.0,,Free,0.0,Everyone
QuickBooks Accounting: Invoicing & Expenses,BUSINESS,4.3,23175.0,1000000.0,41.0,Free,0.0,Everyone
QuickBooks Self-Employed:Mileage Tracker and Taxes,FINANCE,4.4,15141.0,1000000.0,25.0,Free,0.0,Everyone
QuickPic - Photo Gallery with Google Drive Support,PHOTOGRAPHY,4.6,847159.0,10000000.0,4.2,Free,0.0,Everyone
QuickShortcutMaker,PERSONALIZATION,4.6,41000.0,1000000.0,2.0,Free,0.0,Everyone
"Quik – Free Video Editor for photos, clips, music",VIDEO_PLAYERS,4.7,696665.0,10000000.0,91.0,Free,0.0,Everyone
Quiz CS:GO players,GAME,4.4,460.0,50000.0,31.0,Free,0.0,Everyone
Quiz DC,GAME,1.4,33.0,1000.0,3.1,Free,0.0,Everyone
Quiz TRUE or FALSE,GAME,4.6,2464.0,50000.0,34.0,Free,0.0,Everyone
Quiz for Clash Royale™,FAMILY,4.0,3788.0,100000.0,32.0,Free,0.0,Everyone
Quiz&Learn Python,EDUCATION,4.0,304.0,10000.0,2.0,Free,0.0,Everyone
Quiz: Logo game,GAME,4.5,306764.0,10000000.0,29.0,Free,0.0,Everyone
Quizlet: Learn Languages & Vocab with Flashcards,EDUCATION,4.6,211856.0,10000000.0,,Free,0.0,Everyone
Quora,SOCIAL,4.5,313633.0,10000000.0,,Free,0.0,Teen
Quotes,LIBRARIES_AND_DEMO,4.4,58.0,10000.0,15.0,Free,0.0,Everyone
Quran Juz-30 - Mahad al Zahra,FAMILY,4.6,2654.0,100000.0,6.7,Free,0.0,Everyone
Quran Khmer Offline AY,FAMILY,5.0,41.0,1000.0,4.0,Free,0.0,Everyone
Quran for All (Al-Huda Int.),FAMILY,4.8,6696.0,100000.0,5.3,Free,0.0,Everyone
Quran for Android,BOOKS_AND_REFERENCE,4.7,497826.0,10000000.0,,Free,0.0,Everyone
R Bank,FINANCE,4.3,90.0,5000.0,13.0,Free,0.0,Everyone
R File Manager,TOOLS,4.8,17.0,50.0,6.7,Free,0.0,Everyone
R Instructor,FAMILY,4.1,135.0,1000.0,4.9,Paid,4.84,Everyone
R Language Reference Guide,BOOKS_AND_REFERENCE,3.9,54.0,10000.0,2.8,Free,0.0,Everyone
R M Lock Screen,LIBRARIES_AND_DEMO,4.5,399.0,100000.0,9.5,Free,0.0,Everyone
R Programing Offline Tutorial,BOOKS_AND_REFERENCE,5.0,4.0,1000.0,3.9,Free,0.0,Everyone
R Programming Language,FAMILY,3.8,39.0,1000.0,2.9,Free,0.0,Everyone
R Programming Solution,FAMILY,3.9,169.0,10000.0,7.7,Free,0.0,Everyone
R Studio,SHOPPING,3.7,23.0,5000.0,8.9,Free,0.0,Everyone
R+F PULSE,BUSINESS,3.4,58.0,10000.0,3.0,Free,0.0,Everyone
R-EU-READY,GAME,4.1,13.0,500.0,16.0,Free,0.0,Everyone
R-TYPE,GAME,4.5,7687.0,100000.0,23.0,Paid,1.99,Everyone
R-TYPE II,GAME,4.3,5682.0,50000.0,37.0,Paid,1.99,Everyone
R-net for Android,PRODUCTIVITY,3.3,48.0,5000.0,0.056640625,Free,0.0,Everyone
R. Lee Ermey's Official Sound,FAMILY,4.2,1696.0,100000.0,2.7,Free,0.0,Mature 17+
R. Physics Puzzle Game,FAMILY,4.2,5369.0,500000.0,60.0,Free,0.0,Everyone
RAM Cleanup Ad-Free Option,TOOLS,4.4,457.0,10000.0,1.1,Paid,2.99,Everyone
RAR,TOOLS,4.4,669901.0,50000000.0,,Free,0.0,Everyone
RC City Police Heavy Traffic Racer,GAME,4.4,3250.0,1000000.0,27.0,Free,0.0,Everyone
RC Monster Truck - Offroad Driving Simulator,GAME,4.0,38448.0,5000000.0,27.0,Free,0.0,Everyone
RD/FD Calculator,FINANCE,4.4,92.0,10000.0,1.5,Free,0.0,Everyone
REDCap Mobile App,MEDICAL,4.3,56.0,10000.0,11.0,Free,0.0,Everyone
"REG - Check the regnumber, find information about Swedish vehicles",AUTO_AND_VEHICLES,3.9,3971.0,100000.0,3.6,Free,0.0,Everyone
REI Co-op Mastercard,FINANCE,2.9,320.0,10000.0,23.0,Free,0.0,Everyone
REI – Shop Outdoor Gear,SHOPPING,4.4,3878.0,100000.0,8.8,Free,0.0,Everyone
REPUVE,AUTO_AND_VEHICLES,3.9,356.0,100000.0,,Free,0.0,Everyone
RETRO Shocked DW-6000,PERSONALIZATION,5.0,13.0,100.0,0.48828125,Paid,1.49,Everyone
REV Robotic Enhance Vehicles,FAMILY,4.4,2558.0,100000.0,61.0,Free,0.0,Everyone
RIDE ZERO,GAME,4.6,8778.0,100000.0,36.0,Free,0.0,Teen
RISK: Global Domination,FAMILY,4.0,68559.0,5000000.0,75.0,Free,0.0,Everyone
ROBLOX,FAMILY,4.5,4450890.0,100000000.0,67.0,Free,0.0,Everyone 10+
ROMWE - Women's Fashion,SHOPPING,4.6,135043.0,10000000.0,11.0,Free,0.0,Everyone
RPG Dragon Lapis,FAMILY,4.6,13492.0,100000.0,56.0,Free,0.0,Teen
RPG End of Aspiration F,FAMILY,4.4,20368.0,500000.0,31.0,Free,0.0,Teen
RPG ブレイジング ソウルズ アクセレイト,FAMILY,3.4,159.0,1000.0,3.1,Paid,10.99,Teen
RST - Sale of cars on the PCT,AUTO_AND_VEHICLES,3.2,250.0,100000.0,1.1,Free,0.0,Everyone
RT News (Russia Today),NEWS_AND_MAGAZINES,4.6,56524.0,1000000.0,14.0,Free,0.0,Teen
RTVBN,NEWS_AND_MAGAZINES,3.7,533.0,50000.0,3.8,Free,0.0,Everyone
RULES OF SURVIVAL,GAME,4.2,1343866.0,10000000.0,56.0,Free,0.0,Teen
RUN JUMP RUN-fun games for free,GAME,4.4,661.0,100000.0,42.0,Free,0.0,Everyone
Ra Ga Ba,GAME,5.0,2.0,1.0,20.0,Paid,1.49,Everyone
Rabbithole,FAMILY,3.5,3347.0,100000.0,15.0,Free,0.0,Everyone
Rabo Banking,FINANCE,3.4,31906.0,1000000.0,,Free,0.0,Everyone
Race Manager FP,GAME,3.8,196.0,5000.0,11.0,Free,0.0,Everyone
Race the Traffic Moto,GAME,3.8,270687.0,10000000.0,38.0,Free,0.0,Teen
Racing Moto,GAME,4.3,697805.0,50000000.0,7.4,Free,0.0,Everyone
Racing in Car 2,GAME,4.3,234589.0,50000000.0,38.0,Free,0.0,Everyone
RadPad: Apartment Finder App,HOUSE_AND_HOME,4.4,6896.0,500000.0,35.0,Free,0.0,Everyone
RadRevision: Anatomy on CT,MEDICAL,3.8,568.0,50000.0,42.0,Free,0.0,Everyone
RadarNow!,WEATHER,4.5,54090.0,5000000.0,4.0,Free,0.0,Everyone
Radarbot Free: Speed Camera Detector & Speedometer,MAPS_AND_NAVIGATION,4.5,44348.0,5000000.0,11.0,Free,0.0,Everyone
Radial-G : Infinity,GAME,3.6,517.0,50000.0,47.0,Free,0.0,Everyone
Radio Javan,ENTERTAINMENT,4.4,46916.0,1000000.0,4.5,Free,0.0,Everyone
Radio K - KUOM,FAMILY,4.5,39.0,1000.0,7.4,Free,0.0,Everyone
Radiological Anatomy For FRCR1,MEDICAL,4.8,12.0,100.0,44.0,Paid,6.99,Everyone
Radiology CT Anatomy,MEDICAL,4.2,345.0,50000.0,14.0,Free,0.0,Everyone
Radiology CT Viewer,MEDICAL,3.6,35.0,10000.0,88.0,Free,0.0,Everyone
Rage Fight of Streets - Beat Em Up Game,GAME,4.3,1489.0,100000.0,67.0,Free,0.0,Teen
Rage Z: Multiplayer Zombie FPS Online Shooter,GAME,4.1,11258.0,500000.0,44.0,Free,0.0,Mature 17+
Rail Planner Eurail/Interrail,MAPS_AND_NAVIGATION,4.2,3596.0,1000000.0,31.0,Free,0.0,Everyone
Railroad Radio Vancouver BC,FAMILY,5.0,4.0,100.0,1.7,Free,0.0,Teen
Rainbow - Journal & Activities,PARENTING,4.8,6668.0,100000.0,20.0,Free,0.0,Everyone
Rainbow Camera,BEAUTY,3.7,3871.0,1000000.0,23.0,Free,0.0,Everyone
Rainfall radar - weather,WEATHER,3.7,26941.0,5000000.0,,Free,0.0,Everyone
Ramfer - CNC Lathe G-code Tool,PRODUCTIVITY,3.4,5.0,100.0,11.0,Paid,2.99,Everyone
Rande.cz,SOCIAL,3.2,398.0,50000.0,2.2,Free,0.0,Mature 17+
RandoChat - Chat roulette,DATING,3.6,11806.0,1000000.0,12.0,Free,0.0,Mature 17+
Random Chat App with Strangers,DATING,3.0,2.0,100.0,16.0,Free,0.0,Mature 17+
Random Love (BF),FAMILY,3.7,3.0,50.0,10.0,Free,0.0,Everyone
Range Master: Sniper Academy,SPORTS,4.1,91935.0,10000000.0,39.0,Free,0.0,Everyone
Rate Guide Bill Letter,LIFESTYLE,3.8,17368.0,10000000.0,14.0,Free,0.0,Everyone
Ratings by Consumer Reports,SHOPPING,4.3,3420.0,100000.0,13.0,Free,0.0,Everyone
Ray Financial Calculator Pro,FINANCE,4.0,67.0,10000.0,2.4,Paid,2.99,Everyone
Raytheon F-16 EW 360 VR,FAMILY,4.5,6.0,500.0,22.0,Free,0.0,Everyone
ReactNative BG Geolocation,TOOLS,5.0,5.0,1000.0,9.1,Free,0.0,Everyone
Read Unlimitedly! Kids'n Books,FAMILY,3.8,7462.0,1000000.0,31.0,Free,0.0,Everyone
Read books online,BOOKS_AND_REFERENCE,4.1,91615.0,5000000.0,23.0,Free,0.0,Mature 17+
Read it easy for BK,LIFESTYLE,5.0,1.0,50.0,3.2,Free,0.0,Everyone
"Read- Latest News, Information, Gossip and Politics",NEWS_AND_MAGAZINES,4.1,185058.0,10000000.0,6.7,Free,0.0,Teen
ReadEra – free ebook reader,BOOKS_AND_REFERENCE,4.8,47303.0,1000000.0,21.0,Free,0.0,Everyone
Ready4 GMAT (Prep4 GMAT),EDUCATION,4.6,18372.0,100000.0,47.0,Free,0.0,Everyone
Ready4 SAT (Prep4 SAT),EDUCATION,4.6,13612.0,100000.0,48.0,Free,0.0,Everyone
ReadyOp DT,COMMUNICATION,4.6,8.0,1000.0,1.1,Free,0.0,Everyone
Real AI,FAMILY,3.8,949.0,50000.0,1.2,Free,0.0,Everyone
Real Airplane Flight Simulator: Pilot Games,FAMILY,3.3,21735.0,1000000.0,37.0,Free,0.0,Everyone
Real Basketball,SPORTS,4.5,1605267.0,10000000.0,,Free,0.0,Everyone
Real Car Dr Parking Master: Parking Games 2018,FAMILY,4.2,3345.0,1000000.0,27.0,Free,0.0,Everyone
"Real Casino:Slot,Keno,BJ,Poker",GAME,4.1,341.0,50000.0,26.0,Free,0.0,Teen
Real City Car Driver,GAME,3.7,413609.0,10000000.0,22.0,Free,0.0,Mature 17+
Real DJ Simulator,FAMILY,4.0,68664.0,10000000.0,55.0,Free,0.0,Everyone
Real Estate by Movoto,LIFESTYLE,4.4,3114.0,100000.0,13.0,Free,0.0,Everyone
Real Estate sale & rent Trovit,HOUSE_AND_HOME,4.1,65913.0,5000000.0,7.7,Free,0.0,Everyone
"Real Estate, Car, Shopping and Others",SHOPPING,4.3,568273.0,10000000.0,,Free,0.0,Everyone
Real Football,SPORTS,4.1,585564.0,10000000.0,33.0,Free,0.0,Everyone
Real Gangster Crime,GAME,4.3,285814.0,10000000.0,84.0,Free,0.0,Teen
Real Madrid App,SPORTS,4.6,161423.0,5000000.0,73.0,Free,0.0,Everyone
Real Racing 3,FAMILY,4.5,354454.0,10000000.0,71.0,Free,0.0,Everyone
Real Sheet ∞: Pathfinder + DT,FAMILY,3.5,2.0,50.0,22.0,Paid,2.99,Everyone
Real Tractor Farming,AUTO_AND_VEHICLES,4.0,1598.0,1000000.0,56.0,Free,0.0,Everyone
Real time Weather Forecast,WEATHER,4.4,4184.0,1000000.0,10.0,Free,0.0,Everyone
Realtor.com Real Estate: Homes for Sale and Rent,HOUSE_AND_HOME,4.5,162243.0,10000000.0,12.0,Free,0.0,Everyone
Receipt Hog - Receipts to Cash,SHOPPING,4.5,72596.0,1000000.0,19.0,Free,0.0,Teen
Recipe Keeper,FOOD_AND_DRINK,4.4,1962.0,100000.0,22.0,Free,0.0,Everyone
Recipes Pastries and homemade pies More than 500 recipes for pastries,FOOD_AND_DRINK,4.7,14065.0,500000.0,7.1,Free,0.0,Everyone
Recipes for hair and face tried,HEALTH_AND_FITNESS,4.5,1203.0,500000.0,6.5,Free,0.0,Everyone
Recipes of Prophetic Medicine for free,BOOKS_AND_REFERENCE,4.6,2084.0,500000.0,6.7,Free,0.0,Everyone
Recognise Foot,MEDICAL,4.2,9.0,1000.0,95.0,Paid,7.49,Everyone
Recycling Cy,LIFESTYLE,4.0,47.0,1000.0,4.5,Free,0.0,Everyone
Red Ball 4,GAME,4.4,1432447.0,50000000.0,59.0,Free,0.0,Everyone
"Red Bull TV: Live Sports, Music & Entertainment",FAMILY,4.4,42069.0,1000000.0,,Free,0.0,Teen
Red Embrace (BL/Yaoi Game),FAMILY,4.3,616.0,10000.0,25.0,Free,0.0,Teen
Red Hands – 2-Player Games,GAME,4.2,93608.0,10000000.0,,Free,0.0,Everyone
Red River CU,FINANCE,3.3,343.0,10000.0,2.3,Free,0.0,Everyone
Red Transporte DF,MAPS_AND_NAVIGATION,4.3,11100.0,500000.0,15.0,Free,0.0,Everyone
Redbox,ENTERTAINMENT,4.1,115033.0,10000000.0,30.0,Free,0.0,Everyone
"Reddit: Social News, Trending Memes & Funny Videos",NEWS_AND_MAGAZINES,4.6,697212.0,10000000.0,,Free,0.0,Mature 17+
Redfin Real Estate,HOUSE_AND_HOME,4.6,36857.0,1000000.0,19.0,Free,0.0,Everyone
Redwood CU v3.1.0,FINANCE,3.8,480.0,50000.0,15.0,Free,0.0,Everyone
Refreshing app Free application that can use deal coupons,FOOD_AND_DRINK,3.5,10741.0,1000000.0,41.0,Free,0.0,Everyone
Regal Cinemas,ENTERTAINMENT,4.3,32732.0,1000000.0,,Free,0.0,Everyone
Registered Dietitian Pocket Prep,MEDICAL,4.3,283.0,5000.0,12.0,Free,0.0,Everyone
Reindeer VPN - Proxy VPN,TOOLS,4.2,7339.0,100000.0,4.0,Free,0.0,Everyone
Relax Meditation: Sleep with Sleep Sounds,HEALTH_AND_FITNESS,4.4,26540.0,1000000.0,43.0,Free,0.0,Everyone
Relax Melodies P: Sleep Sounds,HEALTH_AND_FITNESS,4.8,19543.0,100000.0,,Paid,2.99,Everyone
Relax Melodies: Sleep Sounds,HEALTH_AND_FITNESS,4.5,233243.0,5000000.0,,Free,0.0,Everyone
Relax Ocean ~ Nature Sounds,LIFESTYLE,4.5,9464.0,500000.0,,Free,0.0,Everyone
Relax Rain ~ Rain Sounds,LIFESTYLE,4.6,118034.0,5000000.0,,Free,0.0,Everyone
Relax with Andrew Johnson Lite,HEALTH_AND_FITNESS,4.3,2885.0,100000.0,,Free,0.0,Everyone
Relaxing Sounds,HEALTH_AND_FITNESS,4.6,4642.0,100000.0,40.0,Free,0.0,Everyone
Reload: The Z-Team,GAME,4.3,1655.0,100000.0,91.0,Free,0.0,Everyone 10+
Remind: School Communication,EDUCATION,4.5,108613.0,10000000.0,,Free,0.0,Everyone
Reminder,EVENTS,4.5,7074.0,500000.0,6.3,Free,0.0,Everyone
Remix Second Hand,SHOPPING,4.2,867.0,100000.0,7.5,Free,0.0,Everyone
Remote CT - Smart Remote,TOOLS,3.5,3988.0,1000000.0,11.0,Free,0.0,Everyone
Remote Control For All AC - Universal Remote,PRODUCTIVITY,2.4,166.0,10000.0,6.1,Free,0.0,Everyone
Remote EX for NISSAN,COMMUNICATION,2.3,223.0,5000.0,1.0,Paid,1.49,Everyone
Remote For ATT U-verse TV - NOW FREE,TOOLS,2.5,20.0,5000.0,26.0,Free,0.0,Everyone
Remote For Pioneer AV Receivers and Blu-Ray,TOOLS,3.4,150.0,50000.0,7.3,Free,0.0,Everyone
Remote Link (PC Remote),TOOLS,4.5,87055.0,10000000.0,,Free,0.0,Everyone
Remote for Onkyo AV Receivers & Smart TV/Blu-Ray,TOOLS,3.7,701.0,100000.0,7.3,Free,0.0,Everyone
Remote for Panasonic TV+BD+AVR,TOOLS,3.7,533.0,100000.0,7.3,Free,0.0,Everyone
Remote for Samsung TV & BluRay Players (Read Desc),TOOLS,3.3,1988.0,500000.0,7.3,Free,0.0,Everyone
Remote for Sony TV & Sony Blu-Ray Players MyAV,TOOLS,3.4,3491.0,1000000.0,7.3,Free,0.0,Everyone
Remote | Fire TV | Android TV | KODI | CetusPlay,TOOLS,4.4,15911.0,1000000.0,16.0,Free,0.0,Everyone
Rent.com Apartment Homes,HOUSE_AND_HOME,4.0,7508.0,1000000.0,5.1,Free,0.0,Everyone
Rento - Dice Board Game Online,GAME,4.3,205830.0,10000000.0,63.0,Free,0.0,Everyone
Repair Hyundai Santa Fe,AUTO_AND_VEHICLES,3.9,22.0,1000.0,97.0,Free,0.0,Everyone
Replika,FAMILY,4.5,45458.0,1000000.0,35.0,Free,0.0,Mature 17+
Rescue Robots Survival Games,GAME,4.0,27557.0,5000000.0,69.0,Free,0.0,Teen
Resources For Virtual DJ,FAMILY,3.6,21095.0,1000000.0,7.9,Free,0.0,Everyone
Restart Navigator,AUTO_AND_VEHICLES,4.0,1403.0,100000.0,0.1962890625,Free,0.0,Everyone
Restaurant Finder,TRAVEL_AND_LOCAL,4.1,12564.0,1000000.0,,Free,0.0,Everyone
Restaurant Inspections - FL,HEALTH_AND_FITNESS,3.5,143.0,10000.0,0.220703125,Free,0.0,Everyone
Restaurantführer Südbaden,TRAVEL_AND_LOCAL,4.1,46.0,1000.0,12.0,Free,0.0,Everyone
Results for CT Lottery,FAMILY,4.5,86.0,5000.0,8.6,Free,0.0,Teen
Results for DC Lottery,FAMILY,4.4,160.0,5000.0,8.5,Free,0.0,Everyone
Results for FL Lottery,NEWS_AND_MAGAZINES,4.6,146.0,10000.0,7.1,Free,0.0,Everyone
Resume & CV Creator by Desygner,PRODUCTIVITY,4.5,48.0,5000.0,26.0,Free,0.0,Everyone
Resume ( CV Editor ),BUSINESS,4.5,416.0,10000.0,6.0,Free,0.0,Everyone
Resume / CV,BUSINESS,3.6,125.0,10000.0,5.0,Free,0.0,Everyone
Resume App,BUSINESS,4.4,11310.0,1000000.0,,Free,0.0,Everyone
Resume Builder - Curriculum Vitae & Resume Maker,BUSINESS,4.0,12.0,5000.0,8.1,Free,0.0,Everyone
Resume Builder - Free CV Maker & Premium Templates,BUSINESS,4.6,770.0,100000.0,5.6,Free,0.0,Everyone
Resume Builder / CV Maker & Templates,BUSINESS,4.4,25.0,5000.0,7.9,Free,0.0,Everyone
"Resume Builder Free, 5 Minute CV Maker & Templates",BUSINESS,4.4,72202.0,1000000.0,6.7,Free,0.0,Everyone
"Resume Builder Free, CV Maker & Resume Templates",BUSINESS,4.4,20921.0,1000000.0,5.7,Free,0.0,Everyone
Resume Builder and CV maker app,PRODUCTIVITY,4.3,2303.0,100000.0,15.0,Free,0.0,Everyone
Resume Free,PRODUCTIVITY,4.5,27820.0,1000000.0,4.7,Free,0.0,Everyone
Resume Maker - Creator,BUSINESS,4.3,740.0,50000.0,19.0,Free,0.0,Everyone
Resume Maker / CV creator & Templates,TOOLS,4.2,54.0,5000.0,22.0,Free,0.0,Everyone
"Resume Maker:Free CV Maker,Templates Builder",BUSINESS,4.2,715.0,100000.0,7.1,Free,0.0,Everyone
Resume PDF Maker / CV Builder,BUSINESS,4.4,2147.0,500000.0,2.2,Free,0.0,Everyone
"RetailMeNot - Coupons, Deals & Discount Shopping",SHOPPING,4.4,210208.0,10000000.0,,Free,0.0,Everyone
Retrica,PHOTOGRAPHY,4.3,6120977.0,100000000.0,,Free,0.0,Everyone
Retro Camera,PHOTOGRAPHY,4.0,125616.0,10000000.0,,Free,0.0,Everyone
Retro City Rampage DX,GAME,4.7,416.0,10000.0,16.0,Paid,2.99,Teen
Retro Clock Widget,PERSONALIZATION,4.2,86743.0,5000000.0,,Free,0.0,Everyone
RetroArch,GAME,3.8,21423.0,1000000.0,84.0,Free,0.0,Everyone
RetroSelfie - Selfie Editor,PHOTOGRAPHY,4.1,106080.0,10000000.0,35.0,Free,0.0,Everyone
Reuters News,NEWS_AND_MAGAZINES,4.3,13169.0,1000000.0,25.0,Free,0.0,Everyone 10+
Revita.bg,HEALTH_AND_FITNESS,4.8,10.0,10.0,4.0,Free,0.0,Everyone
Rewards,FINANCE,3.8,57.0,5000.0,4.0,Free,0.0,Everyone
Rhythm Patrol,FAMILY,4.3,4207.0,100000.0,26.0,Free,0.0,Everyone
Rider,GAME,4.5,655145.0,10000000.0,72.0,Free,0.0,Teen
RightNow English Conversation,FAMILY,4.0,5118.0,1000000.0,11.0,Free,0.0,Everyone
Ring,COMMUNICATION,3.9,517.0,10000.0,35.0,Free,0.0,Everyone
Ringdroid,VIDEO_PLAYERS,4.4,326232.0,50000000.0,,Free,0.0,Everyone
Ringtone Maker,PERSONALIZATION,4.3,495905.0,50000000.0,,Free,0.0,Everyone
Ringtones & Wallpapers for Me,PERSONALIZATION,4.2,89342.0,10000000.0,29.0,Free,0.0,Everyone
Ringtones Of Ek Onkar,FAMILY,4.5,6.0,1000.0,3.9,Free,0.0,Everyone
Riptide GP: Renegade,GAME,4.7,4328.0,100000.0,,Paid,2.99,Everyone 10+
Rivals at War: 2084,FAMILY,4.0,174127.0,5000000.0,48.0,Free,0.0,Teen
Rivals at War: Firefight,GAME,4.4,344819.0,5000000.0,51.0,Free,0.0,Teen
Rized ‼️ Color By Number & Pixel Coloring Book,FAMILY,3.0,1279.0,100000.0,13.0,Free,0.0,Everyone
Robbery Bob,GAME,4.5,617732.0,10000000.0,44.0,Free,0.0,Everyone 10+
Robin - AI Voice Assistant,MAPS_AND_NAVIGATION,4.2,55313.0,1000000.0,16.0,Free,0.0,Everyone
"Robinhood - Investing, No Fees",FINANCE,4.6,57493.0,1000000.0,,Free,0.0,Everyone
RoboPad,FAMILY,4.6,41.0,1000.0,9.2,Free,0.0,Everyone
RoboPad++,FAMILY,4.4,77.0,10000.0,10.0,Free,0.0,Everyone
Robocar X Ray,GAME,4.5,3432.0,1000000.0,99.0,Free,0.0,Mature 17+
Robot Fighting Games™ - Real Boxing Champions 3D,GAME,4.4,30.0,5000.0,47.0,Free,0.0,Everyone
Robots Vs Zombies: Transform To Race And Fight,FAMILY,4.5,278.0,100000.0,,Free,0.0,Everyone
Rock N' Cash Casino Slots -Free Vegas Slot Games,GAME,4.7,6187.0,100000.0,33.0,Free,0.0,Teen
Rock n Roll Music Quiz Game,GAME,3.7,80.0,10000.0,7.6,Free,0.0,Everyone
RocketDial Dialer & Contacts,COMMUNICATION,4.4,32254.0,1000000.0,5.5,Free,0.0,Everyone
Rockstars of Ooo,FAMILY,3.4,642.0,10000.0,26.0,Paid,1.99,Everyone 10+
Roland DG Mobile Panel,TOOLS,2.8,27.0,1000.0,34.0,Free,0.0,Everyone
Roll Call News,NEWS_AND_MAGAZINES,3.7,24.0,5000.0,10.0,Free,0.0,Everyone
Roll the Ball® - slide puzzle,GAME,4.5,1385093.0,100000000.0,35.0,Free,0.0,Everyone
RollerCoaster Tycoon® Classic,GAME,4.6,10795.0,100000.0,69.0,Paid,5.99,Everyone
Rolling G Sky,GAME,3.6,2065.0,100000.0,25.0,Free,0.0,Everyone
Rolling Sky,GAME,4.5,1117212.0,50000000.0,50.0,Free,0.0,Everyone
Rolly Vortex,GAME,4.4,98123.0,10000000.0,40.0,Free,0.0,Teen
Roman Clock AW-7,TOOLS,4.4,52.0,5000.0,3.0,Free,0.0,Everyone
Romantic Love Photo Frames,PERSONALIZATION,4.4,18918.0,5000000.0,12.0,Free,0.0,Everyone
Room Creator Interior Design,HOUSE_AND_HOME,3.9,59660.0,1000000.0,72.0,Free,0.0,Everyone
Room Painting Ideas,HOUSE_AND_HOME,4.0,4450.0,1000000.0,7.6,Free,0.0,Everyone
Room planner: Interior & Floorplan Design for IKEA,HOUSE_AND_HOME,4.0,4281.0,100000.0,27.0,Free,0.0,Everyone
Rope Hero 3,GAME,4.4,45871.0,5000000.0,99.0,Free,0.0,Teen
Rope Hero Return of a Legend,GAME,4.3,9951.0,1000000.0,96.0,Free,0.0,Mature 17+
Rope Hero: Vice Town,GAME,4.4,452589.0,10000000.0,99.0,Free,0.0,Mature 17+
Rope Superhero Unlimited,GAME,4.4,6735.0,1000000.0,26.0,Free,0.0,Mature 17+
Rope'n'Fly 3 - Dusk Till Dawn,GAME,4.0,166033.0,10000000.0,23.0,Free,0.0,Everyone 10+
Rope'n'Fly 4,GAME,4.1,234606.0,10000000.0,59.0,Free,0.0,Everyone
Rosetta Stone: Learn to Speak & Read New Languages,EDUCATION,4.5,172508.0,5000000.0,76.0,Free,0.0,Everyone
Rossmann PL,SHOPPING,4.0,15867.0,5000000.0,,Free,0.0,Everyone
Roulette Advisor LITE,GAME,4.1,41.0,5000.0,1.4,Free,0.0,Everyone
Route Z,GAME,3.9,24697.0,500000.0,16.0,Free,0.0,Teen
Royale Tournaments,FAMILY,4.4,2420.0,50000.0,6.7,Free,0.0,Teen
Rugby AU,SPORTS,2.7,17.0,1000.0,14.0,Free,0.0,Everyone
Ruler,TOOLS,4.5,27180.0,1000000.0,4.1,Free,0.0,Everyone
"Ruler & Area Measurement (cm, inch)",TOOLS,4.3,10.0,10000.0,8.2,Free,0.0,Everyone
Ruler cm,TOOLS,3.6,661.0,100000.0,0.7900390625,Free,0.0,Everyone
"Ruler(cm, inch)",TOOLS,3.4,2889.0,500000.0,2.5,Free,0.0,Everyone
Run R Script - Online Statistical Data Analysis,FAMILY,3.9,8.0,1000.0,6.2,Free,0.0,Everyone
Run Sausage Run!,GAME,4.4,276105.0,10000000.0,,Free,0.0,Everyone 10+
Run on Earth,HEALTH_AND_FITNESS,2.4,577.0,50000.0,3.7,Free,0.0,Everyone
Run with Map My Run,HEALTH_AND_FITNESS,4.5,183669.0,5000000.0,57.0,Free,0.0,Everyone
Runkeeper - GPS Track Run Walk,HEALTH_AND_FITNESS,4.5,501144.0,10000000.0,,Free,0.0,Everyone
Runner 3d like,GAME,4.5,559.0,100000.0,32.0,Free,0.0,Everyone 10+
Running & Jogging,HEALTH_AND_FITNESS,4.5,6238.0,500000.0,3.9,Free,0.0,Everyone
Running Distance Tracker +,HEALTH_AND_FITNESS,4.7,77777.0,1000000.0,,Free,0.0,Everyone
Running Weight Loss Walking Jogging Hiking FITAPP,HEALTH_AND_FITNESS,4.4,20812.0,1000000.0,,Free,0.0,Teen
Runtastic Mountain Bike GPS Tracker,HEALTH_AND_FITNESS,4.5,50679.0,1000000.0,38.0,Free,0.0,Everyone
Runtastic Running App & Mile Tracker,HEALTH_AND_FITNESS,4.5,827653.0,10000000.0,,Free,0.0,Everyone
Runtastic Sleep Better: Sleep Cycle & Smart Alarm,HEALTH_AND_FITNESS,4.1,111465.0,5000000.0,,Free,0.0,Everyone
Rush,GAME,4.6,260651.0,10000000.0,51.0,Free,0.0,Everyone
Russian Dating & Chat for Russian speaking RusDate,DATING,4.2,1059.0,100000.0,18.0,Free,0.0,Mature 17+
Ríos de Fe,LIFESTYLE,5.0,141.0,1000.0,15.0,Free,0.0,Everyone
Röhrich Werner Soundboard,COMICS,4.7,2249.0,500000.0,32.0,Free,0.0,Everyone
Rоhi.af,NEWS_AND_MAGAZINES,4.8,46.0,1000.0,46.0,Free,0.0,Everyone
S Launcher Pro for Galaxy,PERSONALIZATION,4.1,47.0,1000.0,0.025390625,Paid,4.99,Everyone
S Launcher for Galaxy TouchWiz,PERSONALIZATION,4.2,11244.0,1000000.0,2.2,Free,0.0,Everyone
S Note,PRODUCTIVITY,4.1,12435.0,10000000.0,31.0,Free,0.0,Everyone
S Pen Keeper,TOOLS,3.8,560.0,50000.0,0.306640625,Free,0.0,Everyone
"S Photo Editor - Collage Maker , Photo Collage",PHOTOGRAPHY,4.4,972574.0,100000000.0,45.0,Free,0.0,Everyone
S Player - Lightest and Most Powerful Video Player,TOOLS,4.6,14224.0,1000000.0,7.1,Free,0.0,Everyone
"S S9 Launcher - Galaxy S8/S9 Launcher, theme, cool",TOOLS,4.4,22503.0,1000000.0,6.5,Free,0.0,Everyone
S.O.L : Stone of Life EX,FAMILY,4.3,171220.0,5000000.0,42.0,Free,0.0,Everyone 10+
SA HLA BU,BOOKS_AND_REFERENCE,4.7,119.0,1000.0,1.5,Free,0.0,Everyone
SAMSUNG RETAILMODE 2018,LIBRARIES_AND_DEMO,4.3,6.0,10000.0,5.5,Free,0.0,Everyone
SAMURAI vs ZOMBIES DEFENSE,GAME,4.5,407788.0,5000000.0,19.0,Free,0.0,Everyone
SAP BW Tutorial,FAMILY,4.0,11.0,1000.0,9.4,Free,0.0,Everyone
SAT Flashcards: Prep & Vocabulary,EDUCATION,4.2,2277.0,100000.0,,Free,0.0,Everyone
SAT Test,EDUCATION,4.1,2363.0,100000.0,6.6,Free,0.0,Everyone
SAT Vocabulary,EDUCATION,4.2,642.0,50000.0,,Free,0.0,Everyone
SAY-U,FAMILY,3.2,1011.0,100000.0,,Free,0.0,Teen
SB · FN 1870 Mobile Banking,FINANCE,2.9,139.0,10000.0,3.3,Free,0.0,Everyone
SBB Mobile,MAPS_AND_NAVIGATION,3.7,20605.0,1000000.0,,Free,0.0,Everyone
SCB EASY,FINANCE,4.2,112656.0,5000000.0,93.0,Free,0.0,Everyone
SCI-Ex,HEALTH_AND_FITNESS,3.5,8.0,1000.0,7.9,Free,0.0,Everyone
SCI-FI UI,FAMILY,4.7,15.0,100.0,3.9,Paid,1.99,Everyone
SCM FPS Status,BUSINESS,4.2,123.0,10000.0,3.3,Free,0.0,Everyone
SCRABBLE,GAME,3.9,172281.0,5000000.0,50.0,Free,0.0,Everyone
SCS eC,PRODUCTIVITY,4.4,7.0,100.0,17.0,Free,0.0,Everyone
SDA Collegiate Quarterly,BOOKS_AND_REFERENCE,4.5,8.0,500.0,5.1,Free,0.0,Everyone
SDA Sabbath School Quarterly,BOOKS_AND_REFERENCE,4.7,14773.0,500000.0,6.4,Free,0.0,Everyone
SDV Cam,TOOLS,3.2,67.0,10000.0,65.0,Free,0.0,Everyone
SEEK Job Search,BUSINESS,4.3,14955.0,1000000.0,,Free,0.0,Everyone
SH Script Runner,PRODUCTIVITY,3.9,334.0,50000.0,3.7,Free,0.0,Everyone
SHADOWGUN LEGENDS,GAME,4.6,100609.0,1000000.0,52.0,Free,0.0,Teen
SHAREit - Transfer & Share,TOOLS,4.6,7790693.0,500000000.0,17.0,Free,0.0,Everyone
SHOWTIME,ENTERTAINMENT,4.2,12398.0,1000000.0,,Free,0.0,Teen
SIM Card Info,TOOLS,4.1,4234.0,1000000.0,1.9,Free,0.0,Everyone
SK Enca Direct Malls - Used Cars Search,AUTO_AND_VEHICLES,3.6,1379.0,500000.0,16.0,Free,0.0,Everyone
"SKOUT - Meet, Chat, Go Live",SOCIAL,4.3,1064076.0,50000000.0,,Free,0.0,Mature 17+
SKencar,AUTO_AND_VEHICLES,3.7,4806.0,1000000.0,35.0,Free,0.0,Everyone
SMHI Weather,WEATHER,3.5,11297.0,1000000.0,,Free,0.0,Everyone
SMS AI Bot,TOOLS,3.8,89.0,10000.0,3.9,Free,0.0,Everyone
SMS Park,AUTO_AND_VEHICLES,4.5,3617.0,100000.0,7.9,Free,0.0,Everyone
SNCF,TRAVEL_AND_LOCAL,3.4,15750.0,5000000.0,,Free,0.0,Everyone
SNOW - AR Camera,PHOTOGRAPHY,4.3,1017237.0,50000000.0,,Free,0.0,Everyone
SONIC Drive-In,FOOD_AND_DRINK,4.3,19373.0,1000000.0,43.0,Free,0.0,Everyone
SPARK - Live random video chat & meet new people,SOCIAL,4.6,79658.0,5000000.0,17.0,Free,0.0,Mature 17+
SPEED L,SHOPPING,4.3,85.0,50000.0,2.9,Free,0.0,Everyone
SPG: Starwood Hotels & Resorts,TRAVEL_AND_LOCAL,4.2,8258.0,1000000.0,22.0,Free,0.0,Everyone
SQLite DB Reader,TOOLS,3.6,301.0,50000.0,2.3,Free,0.0,Everyone
STARDOM: THE A-LIST,GAME,4.5,152658.0,1000000.0,29.0,Free,0.0,Teen
STARZ,ENTERTAINMENT,4.3,88185.0,10000000.0,,Free,0.0,Mature 17+
STUCOR - AU,FAMILY,4.5,1827.0,100000.0,12.0,Free,0.0,Everyone
SUBWAY®,FOOD_AND_DRINK,3.8,21381.0,1000000.0,41.0,Free,0.0,Everyone
SUDOKU,LIBRARIES_AND_DEMO,4.1,923.0,100000.0,4.3,Free,0.0,Everyone
SUMMER SONIC app,EVENTS,5.0,4.0,500.0,61.0,Free,0.0,Everyone
SVT Play,VIDEO_PLAYERS,3.7,11549.0,1000000.0,,Free,0.0,Teen
SW Battlefront Companion,FAMILY,4.4,93870.0,1000000.0,79.0,Free,0.0,Everyone
SW-100.tch by Callstel,COMMUNICATION,4.0,1926.0,1000000.0,0.69921875,Free,0.0,Everyone
SW-DB,TOOLS,4.5,954.0,10000.0,7.6,Free,0.0,Teen
SYFY,FAMILY,3.2,3069.0,500000.0,18.0,Free,0.0,Teen
Sabbath School,BOOKS_AND_REFERENCE,4.7,28237.0,100000.0,10.0,Free,0.0,Everyone
Sabbath School 4,FAMILY,4.3,2871.0,100000.0,18.0,Free,0.0,Everyone
Sabka Malik Ek Sai,SOCIAL,4.2,17.0,1000.0,5.1,Free,0.0,Teen
Sad Poetry Photo Frames 2018,ART_AND_DESIGN,4.5,176.0,100000.0,10.0,Free,0.0,Everyone
Safe Ag Systems™,BUSINESS,4.7,3.0,100.0,36.0,Free,0.0,Everyone
Safe Notes - Secure Ad-free notepad,PRODUCTIVITY,4.6,3362.0,50000.0,0.73828125,Free,0.0,Everyone
Safe Santa Fe,FAMILY,5.0,2.0,1000.0,12.0,Free,0.0,Everyone
Safe Wi-Fi,PRODUCTIVITY,2.9,32.0,1000.0,9.7,Free,0.0,Everyone
Safe365 – Cell Phone GPS Locator For Your Family,PARENTING,4.4,11501.0,1000000.0,11.0,Free,0.0,Everyone
Safest Call Blocker,COMMUNICATION,4.4,27540.0,1000000.0,3.7,Free,0.0,Everyone
Safety stepping stone,LIFESTYLE,3.7,4212.0,1000000.0,20.0,Free,0.0,Everyone
Safeway,LIFESTYLE,4.3,33572.0,1000000.0,37.0,Free,0.0,Everyone
Sago Mini Babies,FAMILY,4.5,253.0,10000.0,83.0,Paid,3.99,Everyone
Sago Mini Big City,FAMILY,4.2,8.0,1000.0,44.0,Paid,3.99,Everyone
Sago Mini Friends,FAMILY,4.4,13155.0,1000000.0,83.0,Free,0.0,Everyone
Sago Mini Hat Maker,EDUCATION,4.9,11.0,1000.0,63.0,Paid,3.99,Everyone
Sahadan Live Scores,SPORTS,3.9,63938.0,5000000.0,,Free,0.0,Everyone
Sai Baba - Sabka Malik Ek,PRODUCTIVITY,4.9,42.0,1000.0,38.0,Free,0.0,Everyone
Saiyan Of CW,FAMILY,3.8,5.0,500.0,1.1,Free,0.0,Everyone
Saiyan Z: Super SSJ Ultimate Combat,GAME,4.4,306.0,10000.0,61.0,Free,0.0,Everyone
Salah Widget (DK+Malmo),LIFESTYLE,4.5,532.0,10000.0,6.4,Free,0.0,Everyone
Sam's Club: Wholesale Shopping & Instant Savings,SHOPPING,4.3,45362.0,5000000.0,,Free,0.0,Everyone
Samsung Calculator,TOOLS,4.4,9602.0,100000000.0,2.5,Free,0.0,Everyone
Samsung Health,HEALTH_AND_FITNESS,4.3,480208.0,500000000.0,70.0,Free,0.0,Everyone
Samsung Max - Data Savings & Privacy Protection,TOOLS,4.3,330468.0,10000000.0,,Free,0.0,Everyone
Samsung Notes,PRODUCTIVITY,3.9,15368.0,100000000.0,,Free,0.0,Everyone
Samsung SMART CAMERA App,PHOTOGRAPHY,4.0,34753.0,1000000.0,22.0,Free,0.0,Everyone
Samsung Smart Switch Mobile,TOOLS,4.3,146913.0,100000000.0,24.0,Free,0.0,Everyone
Samsung TV AV Guide 2016,TOOLS,4.2,27.0,5000.0,3.4,Free,0.0,Everyone
Samsung Video Library,VIDEO_PLAYERS,4.4,25922.0,50000000.0,6.1,Free,0.0,Everyone
Samsung+,LIFESTYLE,4.5,82145.0,50000000.0,30.0,Free,0.0,Everyone
San Andreas City : Auto Theft Car gangster,GAME,3.9,923.0,100000.0,67.0,Free,0.0,Teen
San Andreas Crime City Gangster 3D,FAMILY,4.2,9403.0,1000000.0,,Free,0.0,Teen
San Andreas Crime Stories,GAME,4.0,162530.0,10000000.0,97.0,Free,0.0,Mature 17+
San Andreas: Gang Crime V,GAME,4.1,2399.0,100000.0,42.0,Free,0.0,Mature 17+
Sandbox - Color by Number Coloring Pages,FAMILY,4.7,412744.0,10000000.0,10.0,Free,0.0,Everyone
Sandbox Art-Sandbox Color by Number Coloring Pages,FAMILY,4.7,12784.0,1000000.0,15.0,Free,0.0,Everyone
Sandbox Number Coloring Book Art - Color By Number,FAMILY,4.2,14356.0,1000000.0,,Free,0.0,Everyone
Sanford Guide:Antimicrobial Rx,MEDICAL,4.5,1388.0,100000.0,3.3,Free,0.0,Everyone
Santa Fe FCU Mobile Banking,FINANCE,4.3,12.0,1000.0,9.0,Free,0.0,Everyone
Santa Fe Indian Market,FAMILY,3.8,4.0,500.0,30.0,Free,0.0,Everyone
Santa Fe New Mexican e-Edition,NEWS_AND_MAGAZINES,4.1,25.0,1000.0,17.0,Free,0.0,Everyone
Santa Fe Thrive,HEALTH_AND_FITNESS,5.0,2.0,50.0,8.3,Free,0.0,Everyone
Santa Panda Bubble Christmas,GAME,4.1,101.0,10000.0,31.0,Free,0.0,Everyone
Santa's Monster Shootout DX,GAME,5.0,4.0,50.0,33.0,Paid,1.99,Teen
Sanu Ek Pal Chain Song Videos - RAID Movie Songs,FAMILY,4.9,11.0,5000.0,4.3,Free,0.0,Everyone
SarashpazPapion (Cooking with Chef Bowls),FOOD_AND_DRINK,4.8,1250.0,50000.0,13.0,Free,0.0,Everyone
Sat-Fi,COMMUNICATION,3.6,97.0,5000.0,,Free,0.0,Everyone
Sat-Fi Voice,COMMUNICATION,3.4,37.0,1000.0,14.0,Free,0.0,Everyone
Satellite AR,BOOKS_AND_REFERENCE,4.1,9636.0,1000000.0,0.0908203125,Free,0.0,Everyone
Satellite Director,TOOLS,4.1,45610.0,10000000.0,0.171875,Free,0.0,Everyone
Saunders Comprehensive Review NCLEX-PN Examination,MEDICAL,3.7,3.0,5000.0,7.7,Free,0.0,Everyone
Save.ca,SHOPPING,3.7,2094.0,100000.0,34.0,Free,0.0,Everyone
SavingStar - Grocery Coupons,SHOPPING,4.2,31519.0,1000000.0,21.0,Free,0.0,Everyone
"Savory - Deals,Freebies,Sales",SHOPPING,4.4,2375.0,100000.0,1.1,Free,0.0,Everyone
"SayHi Chat, Meet New People",SOCIAL,4.2,423138.0,10000000.0,,Free,0.0,Mature 17+
Scale Models DB,TOOLS,4.4,9.0,50.0,33.0,Paid,2.99,Everyone
Scanner Radio - Fire and Police Scanner,FAMILY,4.4,175509.0,10000000.0,,Free,0.0,Everyone
Scanning body and undressing people,FAMILY,3.4,1012.0,100000.0,12.0,Free,0.0,Teen
Scanning under clothes (prank),FAMILY,3.7,1443.0,100000.0,20.0,Free,0.0,Mature 17+
Scarf Fashion Designer,LIFESTYLE,4.4,16637.0,1000000.0,10.0,Free,0.0,Everyone
Scary Video Maker,FAMILY,3.7,9296.0,500000.0,28.0,Free,0.0,Teen
Schengen/EU App,TOOLS,4.0,24.0,1000.0,11.0,Free,0.0,Everyone
School of Dragons,FAMILY,4.1,530792.0,10000000.0,,Free,0.0,Everyone
School scientific calculator fx 500 es plus 500 ms,FAMILY,4.6,1553.0,100000.0,9.2,Free,0.0,Everyone
Schulman B.V.,SHOPPING,4.0,6.0,100.0,20.0,Free,0.0,Everyone
Sci Fi Sounds,FAMILY,3.2,4.0,1000.0,8.0,Free,0.0,Everyone
Sci-Fi Sounds and Ringtones,PERSONALIZATION,3.6,128.0,10000.0,11.0,Free,0.0,Everyone
Scientific Calculator Free,TOOLS,4.3,16395.0,1000000.0,,Free,0.0,Everyone
Scoompa Video - Slideshow Maker and Video Editor,PHOTOGRAPHY,4.5,559931.0,10000000.0,,Free,0.0,Everyone
Score! Hero,GAME,4.6,5419676.0,100000000.0,96.0,Free,0.0,Everyone
ScorePal,TOOLS,4.5,1439.0,10000.0,15.0,Free,0.0,Everyone
Scoreboard FR,LIFESTYLE,4.3,3.0,100.0,15.0,Free,0.0,Everyone
Scout GPS Navigation & Meet Up,TRAVEL_AND_LOCAL,4.2,120373.0,5000000.0,31.0,Free,0.0,Everyone
Scratch Logo Quiz. Challenging brain puzzle,GAME,3.3,152102.0,10000000.0,18.0,Free,0.0,Teen
Scratch-Off Guide for FL Lotto,FAMILY,4.6,25.0,5000.0,5.6,Free,0.0,Everyone
Screen Lock,TOOLS,4.2,68309.0,1000000.0,2.1,Free,0.0,Everyone
Screen Lock - with Fingerprint Simulator,TOOLS,3.7,338449.0,10000000.0,2.8,Free,0.0,Everyone
Screen Off and Lock,TOOLS,4.1,172990.0,10000000.0,0.5126953125,Free,0.0,Everyone
ScreenMeet. Easy Phone Meeting,BUSINESS,4.0,624.0,100000.0,9.0,Free,0.0,Everyone
ScriptSave WellRx Rx Discounts,MEDICAL,3.8,700.0,100000.0,37.0,Free,0.0,Everyone
Seamless Food Delivery/Takeout,FOOD_AND_DRINK,4.5,35218.0,1000000.0,34.0,Free,0.0,Everyone
"SeatGeek – Tickets to Sports, Concerts, Broadway",EVENTS,4.4,15558.0,1000000.0,26.0,Free,0.0,Everyone
Seattle Sounders FC,SPORTS,3.3,974.0,10000.0,33.0,Free,0.0,Everyone
SecondSecret ‐「恋を読む」BLノベルゲーム‐,GAME,4.4,1563.0,50000.0,40.0,Free,0.0,Teen
Secret Codes For Android,TOOLS,3.6,6060.0,500000.0,0.578125,Free,0.0,Everyone
Secure Folder,BUSINESS,3.8,14760.0,50000000.0,8.6,Free,0.0,Everyone
Security & Privacy,PRODUCTIVITY,4.0,212.0,1000000.0,10.0,Free,0.0,Everyone
Security Camera CZ,HOUSE_AND_HOME,4.4,137.0,10000.0,19.0,Free,0.0,Everyone
"Security Master - Antivirus, VPN, AppLock, Booster",TOOLS,4.7,24900999.0,500000000.0,,Free,0.0,Everyone
"See U - Random video chat, video chat",SOCIAL,4.1,568.0,100000.0,27.0,Free,0.0,Mature 17+
Seeking Alpha,FINANCE,4.5,22808.0,1000000.0,,Free,0.0,Everyone
Seen,FAMILY,4.5,118285.0,1000000.0,22.0,Free,0.0,Teen
SegPlay Mobile Paint by Number,FAMILY,3.7,1478.0,100000.0,43.0,Free,0.0,Everyone
Self Healing,HEALTH_AND_FITNESS,4.5,14394.0,500000.0,9.9,Free,0.0,Everyone
Self-help Anxiety Management,HEALTH_AND_FITNESS,4.0,2894.0,500000.0,23.0,Free,0.0,Everyone 10+
Selfie Camera,BEAUTY,4.2,17934.0,1000000.0,,Free,0.0,Everyone
Selfie Camera - Photo Editor & Filter & Sticker,PHOTOGRAPHY,4.2,401820.0,50000000.0,,Free,0.0,Everyone
Selfie Camera Photo Editor & Filter & Sticker,BEAUTY,4.1,187.0,50000.0,30.0,Free,0.0,Teen
"Selfie Camera: Beauty Camera, Photo Editor,Collage",PHOTOGRAPHY,4.7,31985.0,1000000.0,9.1,Free,0.0,Everyone
Selfie DV,TOOLS,2.8,29.0,1000.0,14.0,Free,0.0,Everyone
Selfie Photo Editor,PHOTOGRAPHY,4.6,11677.0,1000000.0,19.0,Free,0.0,Everyone
Selfie With Champion AJ Style,PHOTOGRAPHY,5.0,2.0,500.0,7.5,Free,0.0,Everyone
SenseView BT Zephyr Sensor,TOOLS,4.3,37.0,5000.0,0.3154296875,Free,0.0,Everyone
Sentin Information Map,MAPS_AND_NAVIGATION,4.1,2909.0,100000.0,5.2,Free,0.0,Everyone
"Sephora: Skin Care, Beauty Makeup & Fragrance Shop",BEAUTY,4.5,26834.0,1000000.0,57.0,Free,0.0,Everyone
Series Valley of the Wolves full of part,EVENTS,4.6,731.0,50000.0,11.0,Free,0.0,Everyone
SeriesGuide – Show & Movie Manager,ENTERTAINMENT,4.3,64448.0,1000000.0,4.4,Free,0.0,Mature 17+
Sermon on Proverbs CH Spurgeon,GAME,4.8,35.0,10000.0,3.1,Free,0.0,Everyone
Servers Ultimate Pack B,TOOLS,4.3,668.0,50000.0,13.0,Free,0.0,Everyone
Service CU Mobile Banking,FINANCE,4.7,6208.0,100000.0,14.0,Free,0.0,Everyone
Service Disabler,TOOLS,4.3,534.0,100000.0,3.0,Free,0.0,Everyone
Servidor Privado de CR y CoC - Light Royale,FAMILY,4.6,3106.0,10000.0,3.6,Free,0.0,Everyone
Seven - 7 Minute Workout Training Challenge,HEALTH_AND_FITNESS,4.5,75571.0,1000000.0,,Free,0.0,Everyone
Sexy Hot Detector Prank,FAMILY,3.9,17067.0,5000000.0,2.7,Free,0.0,Everyone
Seznam.cz,COMMUNICATION,4.3,46702.0,1000000.0,,Free,0.0,Everyone
Shabad Gurubani Punjabi mp3 free - Ek Onkar Satnam,FAMILY,5.0,5.0,100.0,64.0,Free,0.0,Everyone
Shadow Fight 2,GAME,4.6,10981850.0,100000000.0,88.0,Free,0.0,Everyone 10+
Shadow Fight 2 Special Edition,GAME,4.5,10440.0,50000.0,86.0,Paid,4.99,Teen
Shadowverse CCG,GAME,4.2,47340.0,1000000.0,61.0,Free,0.0,Teen
Sharaf DG,SHOPPING,4.0,7006.0,500000.0,12.0,Free,0.0,Everyone
Share G - Images Sharing - Wallpapers App,SOCIAL,4.4,120.0,10000.0,2.3,Free,0.0,Teen
Share Music & Transfer Files - Xender,TOOLS,4.4,1280423.0,100000000.0,,Free,0.0,Everyone
SharedCare™ Co-parenting,PARENTING,2.0,23.0,100.0,,Paid,4.59,Everyone
Shiver: Moonlit Grove CE,FAMILY,4.1,3433.0,50000.0,23.0,Free,0.0,Everyone 10+
Shoot Bubble - Fruit Splash,GAME,4.6,29445.0,5000000.0,29.0,Free,0.0,Everyone
Shoot Em Down Free,FAMILY,3.7,2850.0,500000.0,39.0,Free,0.0,Everyone
Shoot Hunter-Gun Killer,GAME,4.3,320334.0,50000000.0,27.0,Free,0.0,Teen
Shoot M-16 vs AK-47 : realistic weapon simulator,FAMILY,3.0,2.0,100.0,33.0,Free,0.0,Everyone
Shoot Strike War Fire,GAME,4.1,82827.0,10000000.0,20.0,Free,0.0,Teen
Shoot`Em Down: Shooting game,GAME,3.9,7972.0,500000.0,88.0,Free,0.0,Teen
Shooter Sniper CS - FPS Games,GAME,3.5,14823.0,1000000.0,40.0,Free,0.0,Teen
Shooting King,GAME,4.4,257724.0,10000000.0,69.0,Free,0.0,Everyone 10+
Shop 'n Save,SHOPPING,3.4,620.0,100000.0,40.0,Free,0.0,Everyone
ShopSavvy Barcode & QR Scanner,SHOPPING,4.1,110425.0,10000000.0,27.0,Free,0.0,Everyone
Shopee - No. 1 Online Shopping,SHOPPING,4.3,94294.0,10000000.0,30.0,Free,0.0,Everyone
Shopee: No.1 Belanja Online,SHOPPING,4.2,609186.0,10000000.0,30.0,Free,0.0,Everyone
Shopee: No.1 Online Shopping,SHOPPING,4.2,608753.0,10000000.0,30.0,Free,0.0,Everyone
Shopfully - Weekly Ads & Deals,SHOPPING,4.4,279428.0,10000000.0,16.0,Free,0.0,Everyone
"Shopkick: Free Gift Cards, Shop Rewards & Deals",SHOPPING,4.3,213735.0,10000000.0,43.0,Free,0.0,Everyone
Shopkins World!,FAMILY,4.3,169609.0,10000000.0,34.0,Free,0.0,Everyone
Shopping List S PRO,SHOPPING,4.8,14.0,100.0,2.7,Paid,2.49,Everyone
"Shopular: Coupons, Weekly Ads & Shopping Deals",SHOPPING,4.7,57920.0,1000000.0,,Free,0.0,Everyone
Shortcuts for After Effects,FAMILY,3.7,464.0,50000.0,1.9,Free,0.0,Everyone
Should I Answer?,COMMUNICATION,4.8,237468.0,1000000.0,8.8,Free,0.0,Everyone
Shoulder Surgery ER Emergency Doctor Game,FAMILY,3.9,55.0,10000.0,46.0,Free,0.0,Teen
Showtime Anytime,ENTERTAINMENT,3.7,18523.0,1000000.0,,Free,0.0,Teen
Shred! Downhill Mountainbiking,GAME,3.9,41683.0,1000000.0,63.0,Free,0.0,Everyone
"Shrimp skin shopping: spend less, buy better",SHOPPING,4.2,106798.0,5000000.0,30.0,Free,0.0,Everyone
"Shutterfly: Free Prints, Photo Books, Cards, Gifts",PHOTOGRAPHY,4.6,98717.0,5000000.0,59.0,Free,0.0,Everyone
Sic Bo (Tai Xiu) - Multiplayer Casino,GAME,4.2,152.0,10000.0,16.0,Free,0.0,Teen
Sic Bo Online! Free Casino,GAME,3.8,488.0,100000.0,30.0,Free,0.0,Teen
Sic Bo Rave,GAME,3.9,164.0,10000.0,33.0,Free,0.0,Teen
Sid Story,GAME,4.4,28510.0,500000.0,78.0,Free,0.0,Teen
Sight Words Pre-K to Grade-3,FAMILY,4.4,1185.0,100000.0,40.0,Free,0.0,Everyone
SignEasy | Sign and Fill PDF and other Documents,BUSINESS,4.3,8978.0,1000000.0,,Free,0.0,Everyone
Signal Info,TOOLS,4.6,424.0,10000.0,3.5,Free,0.0,Everyone
Signal Spy - Monitor Signal Strength & Data Usage,TOOLS,4.4,875.0,100000.0,8.5,Free,0.0,Everyone
Silence Premium Do Not Disturb,TOOLS,4.5,3356.0,10000.0,,Paid,2.95,Everyone
Silent Camera [High Quality],PHOTOGRAPHY,4.4,47090.0,5000000.0,,Free,0.0,Everyone
SilverSingles: The 50+ Dating App,DATING,3.3,149.0,10000.0,16.0,Free,0.0,Mature 17+
SimCity BuildIt,FAMILY,4.5,4218587.0,50000000.0,100.0,Free,0.0,Everyone 10+
Simple - Better Banking,FINANCE,4.4,7731.0,100000.0,24.0,Free,0.0,Everyone
Simple Blood Pressure log,MEDICAL,3.9,31.0,1000.0,10.0,Free,0.0,Everyone
Simple EV Calc,PRODUCTIVITY,4.2,105.0,1000.0,72.0,Free,0.0,Everyone
Simple Gallery,TOOLS,4.5,28030.0,1000000.0,9.0,Free,0.0,Everyone
Simple Habit Meditation,HEALTH_AND_FITNESS,4.7,11689.0,500000.0,20.0,Free,0.0,Everyone
Simple Neon Blue Future Tech Keyboard Theme,PERSONALIZATION,4.1,51145.0,10000000.0,6.2,Free,0.0,Everyone
Simple Notepad,PRODUCTIVITY,4.3,12321.0,1000000.0,0.6962890625,Free,0.0,Everyone
Simple Recipes,FOOD_AND_DRINK,4.7,3803.0,500000.0,15.0,Free,0.0,Everyone
Simply Yoga - Fitness Trainer for Workouts & Poses,HEALTH_AND_FITNESS,4.1,6826.0,1000000.0,,Free,0.0,Everyone
Simulator Brawl Box for BS,FAMILY,3.9,168.0,5000.0,6.4,Free,0.0,Everyone
Sin City Crime Simulator V - Gangster,GAME,4.2,2113.0,100000.0,67.0,Free,0.0,Everyone 10+
Sin City Hero : Crime Simulator of Vegas,GAME,4.1,3371.0,100000.0,78.0,Free,0.0,Teen
Single Parent Meet #1 Dating,DATING,3.5,2593.0,500000.0,5.0,Free,0.0,Mature 17+
Sir C J New Primary School,FAMILY,5.0,3.0,100.0,9.2,Free,0.0,Everyone
Siren Ringtones,PERSONALIZATION,4.2,42190.0,5000000.0,11.0,Free,0.0,Teen
Sirens Fashion Style Game,FAMILY,4.3,2282.0,500000.0,22.0,Free,0.0,Everyone
Sisense Mobile BI,BUSINESS,4.9,23.0,1000.0,28.0,Free,0.0,Everyone
Six Pack Abs Photo Editor,PHOTOGRAPHY,4.0,5967.0,1000000.0,17.0,Free,0.0,Everyone
Six Pack in 30 Days - Abs Workout,HEALTH_AND_FITNESS,4.9,272337.0,10000000.0,13.0,Free,0.0,Everyone
Six Packs for Man–Body Building with No Equipment,HEALTH_AND_FITNESS,4.6,2880.0,100000.0,7.1,Free,0.0,Everyone
Siyaha Dz,TRAVEL_AND_LOCAL,4.5,289.0,10000.0,9.8,Free,0.0,Everyone
Skater Boy,GAME,4.3,1167143.0,100000000.0,12.0,Free,0.0,Everyone
Sketch 'n' go,VIDEO_PLAYERS,3.8,3965.0,100000.0,6.4,Free,0.0,Everyone
Sketch - Draw & Paint,ART_AND_DESIGN,4.5,215644.0,50000000.0,25.0,Free,0.0,Teen
SketchBook - draw and paint,ENTERTAINMENT,4.3,256664.0,10000000.0,77.0,Free,0.0,Everyone
Sketchfab,FAMILY,4.3,906.0,50000.0,9.2,Free,0.0,Mature 17+
Ski Safari: Adventure Time,FAMILY,4.5,48754.0,100000.0,9.3,Paid,0.99,Everyone
Skill Tree - BL Pre Sequel,FAMILY,4.3,855.0,10000.0,7.0,Free,0.0,Teen
Skin Disease,BEAUTY,4.0,1.0,100.0,2.2,Free,0.0,Everyone
Skip-Bo™,GAME,4.4,33661.0,100000.0,60.0,Paid,2.99,Everyone
Skip-Bo™ Free,GAME,3.5,46801.0,1000000.0,60.0,Free,0.0,Everyone
Skiplagged — Exclusive Flights & Hotels,TRAVEL_AND_LOCAL,4.6,10035.0,1000000.0,,Free,0.0,Everyone
Skull Widget BW,PERSONALIZATION,4.5,4.0,10.0,1.7,Free,0.0,Everyone
Sky News,NEWS_AND_MAGAZINES,4.0,30287.0,1000000.0,19.0,Free,0.0,Everyone 10+
Sky People (SPI): A secure blind date through authentication by Seoul National University,DATING,3.5,894.0,100000.0,14.0,Free,0.0,Mature 17+
Sky Streaker - Gumball,GAME,4.3,37513.0,5000000.0,31.0,Free,0.0,Everyone
SkyLove – Dating and chat,DATING,3.5,69.0,5000.0,36.0,Free,0.0,Mature 17+
SkyTest BU/GU Lite,BUSINESS,2.9,28.0,500.0,20.0,Paid,17.99,Everyone
Skylink Live TV CZ,FAMILY,3.3,2802.0,100000.0,15.0,Free,0.0,Teen
Skype - free IM & video calls,COMMUNICATION,4.1,10484169.0,1000000000.0,,Free,0.0,Everyone
Skype Lite - Free Video Call & Chat,COMMUNICATION,4.2,33053.0,5000000.0,22.0,Free,0.0,Everyone
Skype for Business for Android,BUSINESS,3.9,78172.0,10000000.0,,Free,0.0,Everyone
Skyscanner,TRAVEL_AND_LOCAL,4.5,481546.0,10000000.0,29.0,Free,0.0,Everyone
Slack,BUSINESS,4.4,51510.0,5000000.0,,Free,0.0,Everyone
Sleep Sounds,HEALTH_AND_FITNESS,4.8,51227.0,1000000.0,28.0,Free,0.0,Everyone
Sleep as Android Garmin Addon,HEALTH_AND_FITNESS,2.6,114.0,10000.0,1.6,Free,0.0,Everyone
Sleep as Android Gear Addon,HEALTH_AND_FITNESS,2.8,961.0,100000.0,1.3,Free,0.0,Everyone
Sleep as Android Unlock,LIFESTYLE,4.5,23966.0,1000000.0,0.8515625,Paid,5.99,Everyone
"Sleep as Android: Sleep cycle tracker, smart alarm",LIFESTYLE,4.3,246201.0,10000000.0,,Free,0.0,Everyone
Sleep as Microsoft Band Add-On,LIFESTYLE,3.5,28.0,1000.0,0.1181640625,Free,0.0,Everyone
SleepCloud Backup for Sleep as Android,LIFESTYLE,4.2,2563.0,100000.0,,Free,0.0,Everyone
Sleeping Delivery,FAMILY,4.6,19640.0,100000.0,67.0,Free,0.0,Teen
SleepyTime: Bedtime Calculator,LIFESTYLE,4.4,19621.0,500000.0,,Free,0.0,Everyone
Slendrina X,GAME,4.4,12736.0,1000000.0,56.0,Free,0.0,Teen
Slice: Package Tracker,SHOPPING,4.2,16966.0,1000000.0,34.0,Free,0.0,Everyone
Slickdeals: Coupons & Shopping,SHOPPING,4.5,33599.0,1000000.0,12.0,Free,0.0,Everyone
Slot Machines by IGG,GAME,4.6,267229.0,10000000.0,24.0,Free,0.0,Teen
Smart Air Conditioner,TOOLS,3.3,4786.0,500000.0,13.0,Free,0.0,Everyone
Smart Air Conditioner(CAC),TOOLS,3.2,409.0,50000.0,7.9,Free,0.0,Everyone
Smart AppLock (App Protect),TOOLS,4.4,137562.0,10000000.0,,Free,0.0,Everyone
Smart File Manager,PRODUCTIVITY,4.2,17415.0,1000000.0,4.1,Free,0.0,Everyone
Smart Keyboard Trial,TOOLS,4.1,65597.0,10000000.0,2.4,Free,0.0,Everyone
Smart Launcher 5,PERSONALIZATION,4.4,512106.0,10000000.0,,Free,0.0,Everyone
Smart Launcher Pro 3,PERSONALIZATION,4.6,40704.0,100000.0,,Paid,4.49,Everyone
Smart Launcher theme b. gold,PERSONALIZATION,4.1,291.0,5000.0,35.0,Paid,1.99,Everyone
Smart TV Remote,TOOLS,3.5,81747.0,10000000.0,9.1,Free,0.0,Everyone
Smart Wi-Fi Hotspot PRO,COMMUNICATION,3.7,197.0,10000.0,0.9345703125,Paid,2.99,Everyone
Smart-AC Universal Remote Free,FAMILY,1.8,3270.0,500000.0,1.8,Free,0.0,Everyone
SmartNews: Breaking News Headlines,NEWS_AND_MAGAZINES,4.2,233305.0,10000000.0,3.1,Free,0.0,Everyone
Smash Hit,GAME,4.5,4147718.0,100000000.0,79.0,Free,0.0,Everyone
Smashy Road: Arena,GAME,4.3,45558.0,5000000.0,53.0,Free,0.0,Everyone 10+
Smoke Effect Name Art Maker-Avatar Text Art Editor,PERSONALIZATION,4.3,1961.0,100000.0,6.6,Free,0.0,Everyone
Smoke Effect Photo Maker - Smoke Editor,ART_AND_DESIGN,3.8,178.0,50000.0,19.0,Free,0.0,Everyone
Smokes Guide for CS:GO,FAMILY,4.3,445.0,50000.0,29.0,Free,0.0,Everyone
Smokes for CS:GO,FAMILY,3.9,3253.0,100000.0,3.6,Free,0.0,Everyone
Snaappy – 3D fun AR core communication platform,SOCIAL,4.6,16801.0,1000000.0,,Free,0.0,Everyone
Snag - Jobs Hiring Now,BUSINESS,4.3,32584.0,1000000.0,,Free,0.0,Everyone
Snake VS Block,GAME,4.2,422244.0,50000000.0,32.0,Free,0.0,Teen
Snap Cat Face Camera,PHOTOGRAPHY,4.0,5855.0,1000000.0,4.9,Free,0.0,Everyone
Snapchat,SOCIAL,4.0,17015352.0,500000000.0,,Free,0.0,Teen
Snapfish,PHOTOGRAPHY,4.1,32398.0,1000000.0,28.0,Free,0.0,Everyone
Snapp,MAPS_AND_NAVIGATION,4.5,37937.0,1000000.0,25.0,Free,0.0,Everyone
Snapseed,PHOTOGRAPHY,4.5,823109.0,50000000.0,,Free,0.0,Everyone
Snes9x EX+,GAME,4.4,70351.0,5000000.0,,Free,0.0,Everyone
SnipSnap Coupon App,SHOPPING,4.2,9975.0,1000000.0,18.0,Free,0.0,Everyone
Sniper 3D Gun Shooter: Free Shooting Games - FPS,GAME,4.6,7674252.0,100000000.0,,Free,0.0,Mature 17+
Sniper Gun Shot 3D: Impossible Missions,GAME,4.6,20.0,100.0,34.0,Free,0.0,Mature 17+
Sniper Killer Shooter,GAME,4.0,119368.0,10000000.0,19.0,Free,0.0,Teen
Sniper Traning for CS GO,GAME,3.2,655.0,50000.0,14.0,Free,0.0,Teen
Snoopy's Town Tale - City Building Simulator,FAMILY,4.2,47031.0,1000000.0,58.0,Free,0.0,Everyone
SnowMobile Parking Adventure,GAME,3.6,12257.0,1000000.0,49.0,Free,0.0,Everyone
Snowboard Racing Free Fun Game,GAME,3.8,4552.0,100000.0,43.0,Free,0.0,Everyone
SnpCupid Dating,DATING,3.5,1093.0,100000.0,5.8,Free,0.0,Mature 17+
Soccer 2018,SPORTS,3.5,172373.0,10000000.0,47.0,Free,0.0,Everyone
Soccer Board Tactics,SPORTS,4.1,6231.0,100000.0,8.9,Free,0.0,Everyone
Soccer Clubs Logo Quiz,GAME,4.2,21661.0,1000000.0,16.0,Free,0.0,Everyone
Soccer FC,SPORTS,3.9,6289.0,1000000.0,33.0,Free,0.0,Everyone
Soccer Manager 2018,SPORTS,4.4,63779.0,1000000.0,95.0,Free,0.0,Everyone
Soccer Star 2018 Top Leagues · MLS Soccer Games,SPORTS,4.6,652940.0,10000000.0,90.0,Free,0.0,Teen
Social network all in one 2018,SOCIAL,4.3,1403.0,100000.0,3.7,Free,0.0,Everyone
Socratic - Math Answers & Homework Help,EDUCATION,4.6,37862.0,1000000.0,5.4,Free,0.0,Everyone
Socrative Teacher,EDUCATION,3.9,1239.0,100000.0,1.8,Free,0.0,Everyone
SofaScore Live Score,SPORTS,4.8,221722.0,10000000.0,,Free,0.0,Everyone
Software Update,TOOLS,4.4,8259.0,1000000.0,3.5,Free,0.0,Everyone
Sokoban Land DX,FAMILY,3.9,46.0,10000.0,20.0,Paid,2.99,Everyone
SolMail - All-in-One email app,COMMUNICATION,4.3,23707.0,500000.0,,Free,0.0,Everyone
Solar CT PV System Power,PRODUCTIVITY,4.7,315.0,10000.0,14.0,Free,0.0,Everyone
Solar System AR ( ARCore ),FAMILY,4.0,211.0,10000.0,37.0,Free,0.0,Everyone
Soldiers of Glory: Modern War,FAMILY,4.2,64815.0,5000000.0,23.0,Free,0.0,Teen
Solid Explorer Classic,PRODUCTIVITY,4.5,49794.0,1000000.0,6.5,Free,0.0,Everyone
Solid Explorer File Manager,PRODUCTIVITY,4.6,67523.0,1000000.0,,Free,0.0,Everyone
Solitaire,GAME,4.7,254258.0,10000000.0,23.0,Free,0.0,Everyone
Solitaire TriPeaks,GAME,4.5,446434.0,10000000.0,52.0,Free,0.0,Everyone
Solitaire!,GAME,4.7,403911.0,10000000.0,23.0,Free,0.0,Everyone
Solitaire+,GAME,4.6,11235.0,100000.0,,Paid,2.99,Everyone
Solitaire: Decked Out Ad Free,GAME,4.9,37302.0,500000.0,35.0,Free,0.0,Everyone
Solo Locker (DIY Locker),TOOLS,4.5,474439.0,10000000.0,7.9,Free,0.0,Everyone
SoloLearn: Learn to Code for Free,EDUCATION,4.8,256079.0,1000000.0,7.6,Free,0.0,Teen
Sona - Nær við allastaðni,LIFESTYLE,4.2,31.0,1000.0,25.0,Free,0.0,Everyone
Sonic 4™ Episode I,GAME,3.7,8014.0,100000.0,37.0,Paid,2.99,Everyone
Sonic CD Classic,GAME,4.6,26138.0,1000000.0,15.0,Free,0.0,Everyone
Sonic Dash,GAME,4.5,3778921.0,100000000.0,75.0,Free,0.0,Everyone
Sonic the Hedgehog™ Classic,GAME,4.4,125652.0,10000000.0,56.0,Free,0.0,Everyone
SonicCloud: Hearing App,MEDICAL,4.4,15.0,1000.0,39.0,Free,0.0,Everyone
Soo Co-op Mobile Banking,FINANCE,4.5,159.0,1000.0,14.0,Free,0.0,Everyone
Sotheby's International Realty,LIFESTYLE,4.2,894.0,50000.0,25.0,Free,0.0,Everyone
Soul Knight,GAME,4.7,292164.0,10000000.0,59.0,Free,0.0,Everyone 10+
Sound Meter,TOOLS,4.7,88993.0,10000000.0,1.5,Free,0.0,Everyone
Sound Recorder: Recorder & Voice Changer Free,TOOLS,3.9,14552.0,10000000.0,17.0,Free,0.0,Everyone
Sounds for Toddlers FREE,FAMILY,4.4,6190.0,1000000.0,23.0,Free,0.0,Everyone
Soundtrack Attack,FAMILY,4.3,96045.0,5000000.0,25.0,Free,0.0,Everyone
South Florida AA Meetings,LIFESTYLE,5.0,10.0,1000.0,21.0,Free,0.0,Everyone
South Florida MLS,LIFESTYLE,4.4,133.0,10000.0,13.0,Free,0.0,Everyone
South Park: Phone Destroyer™,FAMILY,4.4,288835.0,5000000.0,91.0,Free,0.0,Mature 17+
Southland CU,FINANCE,3.8,109.0,10000.0,2.8,Free,0.0,Everyone
Southwest Airlines,TRAVEL_AND_LOCAL,3.9,24781.0,5000000.0,8.3,Free,0.0,Everyone
Soviet Military Maps Free,MAPS_AND_NAVIGATION,4.3,21589.0,1000000.0,5.6,Free,0.0,Everyone
Space Coast CU Mobile,FINANCE,3.8,922.0,100000.0,2.1,Free,0.0,Everyone
Space Shooter : Galaxy Attack,GAME,4.6,169661.0,10000000.0,40.0,Free,0.0,Everyone
Space X: Sky Wars of Air Force,GAME,4.5,10748.0,1000000.0,47.0,Free,0.0,Everyone
Space Z 🌏 🚀Icon Pack Theme,PERSONALIZATION,4.8,201.0,1000.0,68.0,Paid,1.49,Everyone
Spacecraft AR,FAMILY,4.4,83.0,10000.0,85.0,Free,0.0,Everyone
Spanish English Translator,BOOKS_AND_REFERENCE,4.2,87919.0,10000000.0,,Free,0.0,Teen
Special Forces Group 2,GAME,4.6,1432809.0,10000000.0,29.0,Free,0.0,Mature 17+
Spectrum TV,ENTERTAINMENT,3.4,46618.0,5000000.0,,Free,0.0,Teen
Speech Therapy: F,FAMILY,1.0,1.0,10.0,16.0,Paid,2.99,Everyone
Speed Boat Racing,SPORTS,4.0,2487.0,1000000.0,27.0,Free,0.0,Everyone
"Speed Booster - Ram, Battery & Game Speed Booster",TOOLS,4.7,85079.0,1000000.0,2.8,Free,0.0,Everyone
Speed Camera Detector - Traffic & Speed Alert,AUTO_AND_VEHICLES,4.3,138.0,100000.0,5.4,Free,0.0,Everyone
Speed Camera Radar,MAPS_AND_NAVIGATION,4.1,54034.0,5000000.0,5.8,Free,0.0,Teen
Speed Cameras Radar,MAPS_AND_NAVIGATION,4.4,18710.0,1000000.0,4.0,Free,0.0,Everyone
Speed Car CM Locker Theme,PERSONALIZATION,4.4,7519.0,500000.0,4.0,Free,0.0,Everyone
Speed Racing Ultimate 2,GAME,4.1,66894.0,1000000.0,,Free,0.0,Everyone 10+
Speed Reading,EDUCATION,4.6,10611.0,500000.0,11.0,Free,0.0,Everyone
Speed Test - WiFi / Cellular speed test,TOOLS,4.1,24226.0,1000000.0,,Free,0.0,Everyone
Speedcheck,TOOLS,4.6,48979.0,1000000.0,14.0,Free,0.0,Everyone
Speeding Joyride & Car Meet App,DATING,5.0,3.0,100.0,25.0,Free,0.0,Mature 17+
Speedometer with G-FORCE meter,TOOLS,3.8,415.0,50000.0,2.7,Free,0.0,Everyone
Speedtest by Ookla,TOOLS,4.4,1028794.0,100000000.0,,Free,0.0,Everyone
Spider grinder in screen funny,FAMILY,4.1,956.0,100000.0,10.0,Free,0.0,Teen
Spinal Cord Surgery Doctor: Operation ER surgery,FAMILY,3.7,52.0,10000.0,32.0,Free,0.0,Everyone 10+
Spine- The dating app,DATING,5.0,5.0,500.0,9.3,Free,0.0,Teen
SpongeBob Diner Dash,FAMILY,4.0,576210.0,50000000.0,48.0,Free,0.0,Everyone
Sport Car Simulator,FAMILY,4.0,48731.0,5000000.0,68.0,Free,0.0,Everyone
Sport.pl LIVE,SPORTS,4.4,21733.0,1000000.0,,Free,0.0,Mature 17+
SportCAM,TOOLS,3.2,427.0,100000.0,9.5,Free,0.0,Everyone
SportLook,PHOTOGRAPHY,2.5,1283.0,100000.0,8.2,Free,0.0,Everyone
Sportractive GPS Running Cycling Distance Tracker,HEALTH_AND_FITNESS,4.8,48276.0,1000000.0,7.5,Free,0.0,Everyone
Sports Alerts - NFL edition,SPORTS,4.6,11549.0,100000.0,,Free,0.0,Everyone
Sports Car Driving Simulator 2018,GAME,4.3,2178.0,500000.0,57.0,Free,0.0,Everyone
Sports DV,LIFESTYLE,2.1,86.0,10000.0,29.0,Free,0.0,Everyone
Sports Lite,SPORTS,4.4,16.0,1000.0,4.9,Free,0.0,Everyone
Sports Tracker Running Cycling,HEALTH_AND_FITNESS,4.5,190247.0,5000000.0,,Free,0.0,Everyone
SportsManias Fantasy Team News,SPORTS,3.5,4057.0,500000.0,26.0,Free,0.0,Everyone
"Spot On Period, Birth Control, & Cycle Tracker",HEALTH_AND_FITNESS,4.6,4102.0,500000.0,24.0,Free,0.0,Everyone 10+
Spreaker Podcast Radio,NEWS_AND_MAGAZINES,4.5,17703.0,500000.0,6.6,Free,0.0,Teen
Sprig by CO-OP,FINANCE,2.9,252.0,10000.0,18.0,Free,0.0,Everyone
Spring flowers theme couleurs d t space,ART_AND_DESIGN,5.0,1.0,100.0,2.9,Free,0.0,Everyone
Squadron - Bullet Hell Shooter,GAME,4.2,177542.0,10000000.0,40.0,Free,0.0,Everyone
Square Analog Clock AW-7,TOOLS,4.2,294.0,50000.0,3.0,Free,0.0,Everyone
Square DP For Whatsapp,PHOTOGRAPHY,4.2,67.0,10000.0,15.0,Free,0.0,Everyone
Square InPic - Photo Editor & Collage Maker,PHOTOGRAPHY,4.4,635846.0,50000000.0,14.0,Free,0.0,Everyone
Square Point of Sale - POS,BUSINESS,4.6,95912.0,5000000.0,,Free,0.0,Everyone
Squid - Take Notes & Markup PDFs,PRODUCTIVITY,4.2,37204.0,1000000.0,19.0,Free,0.0,Everyone
Stack It AR,GAME,3.8,1363.0,100000.0,26.0,Free,0.0,Everyone
Stack Jump,GAME,4.3,118253.0,10000000.0,40.0,Free,0.0,Teen
Stand O’Food® (Full),FAMILY,4.4,925.0,10000.0,40.0,Paid,1.99,Everyone
Standard Bank / Stanbic Bank,FINANCE,3.6,15247.0,1000000.0,28.0,Free,0.0,Everyone
Standard Chartered Mobile (BW),FINANCE,4.4,96.0,10000.0,7.2,Free,0.0,Everyone
Standoff 2,GAME,4.5,299046.0,10000000.0,47.0,Free,0.0,Mature 17+
Star Chart,FAMILY,4.3,128808.0,10000000.0,,Free,0.0,Everyone
"Star Girl - Fashion, Makeup & Dress Up",FAMILY,4.3,556929.0,10000000.0,53.0,Free,0.0,Teen
Star Wars ™: DIRTY,GAME,4.5,38207.0,100000.0,15.0,Paid,9.99,Teen
Star Wars™: Force Arena,FAMILY,4.4,228130.0,5000000.0,70.0,Free,0.0,Everyone 10+
Star Wars™: Galaxy of Heroes,FAMILY,4.5,1461698.0,10000000.0,67.0,Free,0.0,Everyone 10+
StarTimes - Live International Champions Cup,ENTERTAINMENT,4.4,17682.0,1000000.0,9.7,Free,0.0,Everyone
Starbucks,FOOD_AND_DRINK,4.5,455496.0,10000000.0,35.0,Free,0.0,Everyone
Starfall Free & Member,FAMILY,4.2,19720.0,1000000.0,41.0,Free,0.0,Everyone
"Starg - Gay, Same Sex, Bi",DATING,3.7,66.0,10000.0,7.3,Free,0.0,Mature 17+
Start Meeting,BUSINESS,4.1,308.0,50000.0,14.0,Free,0.0,Everyone
Start the Hunt for the Lost Treasure,FAMILY,3.8,302.0,10000.0,8.1,Free,0.0,Everyone
StartPage Private Search,LIFESTYLE,4.6,10198.0,100000.0,2.2,Free,0.0,Everyone
"Startupticker.ch News, Events",NEWS_AND_MAGAZINES,5.0,4.0,100.0,10.0,Free,0.0,Everyone
Stash: Invest. Learn. Save.,FINANCE,4.2,11919.0,1000000.0,23.0,Free,0.0,Everyone
Stats CR Clan for Clash Royale,FAMILY,3.8,16.0,100.0,9.9,Free,0.0,Everyone
Stats Royale for Clash Royale,BOOKS_AND_REFERENCE,4.5,68226.0,1000000.0,16.0,Free,0.0,Everyone
Status For WhatsApp DP - pro,PERSONALIZATION,4.4,49.0,10000.0,12.0,Free,0.0,Teen
Steam: Rails to Riches,FAMILY,4.2,214.0,5000.0,67.0,Paid,4.99,Everyone
Step By Step Eyes Makeup Tutorial,BEAUTY,4.4,74.0,10000.0,2.9,Free,0.0,Everyone
Step By Step Hairstyles For Women,BEAUTY,4.1,66.0,10000.0,2.9,Free,0.0,Everyone
Step Counter - Calorie Counter,HEALTH_AND_FITNESS,4.0,1577.0,500000.0,2.2,Free,0.0,Everyone
Step Counter - Pedometer Free & Calorie Counter,HEALTH_AND_FITNESS,4.7,117925.0,10000000.0,7.0,Free,0.0,Everyone
Stick 'Em Up 2 Starter Edition,GAME,3.8,2102.0,100000.0,40.0,Free,0.0,Everyone 10+
Stick War: Legacy,GAME,4.6,811040.0,10000000.0,77.0,Free,0.0,Teen
"Sticker Camera - Selfie Filters, Beauty Camera",BEAUTY,3.9,2277.0,500000.0,22.0,Free,0.0,Everyone
Sticker Market: Emoji keyboard,ENTERTAINMENT,4.3,303.0,10000.0,44.0,Free,0.0,Teen
Stickers for Facebook,SOCIAL,4.3,11066.0,1000000.0,10.0,Free,0.0,Everyone
"Stickers for Imo, fb, whatsapp",SOCIAL,4.4,214.0,10000.0,8.7,Free,0.0,Teen
Stickman Legends: Shadow Wars,GAME,4.4,38419.0,1000000.0,100.0,Paid,0.99,Everyone 10+
Stickman Warriors Heroes 2,GAME,4.4,13714.0,1000000.0,41.0,Free,0.0,Everyone 10+
Stickman and Axe,GAME,4.4,69.0,50000.0,2.8,Free,0.0,Teen
Sticky Note + : Sync Notes,PRODUCTIVITY,4.2,21507.0,1000000.0,6.6,Free,0.0,Everyone
StirFry Stunts - We Bare Bears,GAME,4.5,121533.0,10000000.0,63.0,Free,0.0,Everyone
Stocard - Rewards Cards Wallet,SHOPPING,4.6,284725.0,10000000.0,20.0,Free,0.0,Everyone
Stock Quote,FINANCE,4.1,4344.0,500000.0,4.5,Free,0.0,Everyone
Stock Trainer: Virtual Trading (Stock Markets),FINANCE,4.4,42809.0,1000000.0,23.0,Free,0.0,Everyone
"Stocks, Forex, Bitcoin, Ethereum: Portfolio & News",FINANCE,4.6,157505.0,5000000.0,,Free,0.0,Everyone
Stocks: Realtime Quotes Charts,FINANCE,4.5,16808.0,1000000.0,,Free,0.0,Everyone
Stop Smoking - EasyQuit free,HEALTH_AND_FITNESS,4.8,39068.0,500000.0,4.0,Free,0.0,Everyone
"Stop, Breathe & Think: Meditation & Mindfulness",HEALTH_AND_FITNESS,4.3,8576.0,1000000.0,,Free,0.0,Everyone
Storm Radar: Tornado Tracker & Hurricane Alerts,WEATHER,4.6,89868.0,1000000.0,,Free,0.0,Everyone
Storm Shield,WEATHER,3.5,2000.0,100000.0,14.0,Free,0.0,Everyone
Story Saver for Instagram,PHOTOGRAPHY,4.5,41331.0,5000000.0,5.0,Free,0.0,Everyone
Story Time FD,FAMILY,5.0,2.0,10.0,4.2,Free,0.0,Everyone 10+
Strange Hero: Future Battle,GAME,4.2,88901.0,10000000.0,73.0,Free,0.0,Teen
Stranger Chat & Date,DATING,3.6,3414.0,500000.0,6.2,Free,0.0,Mature 17+
"Strava Training: Track Running, Cycling & Swimming",HEALTH_AND_FITNESS,4.5,328469.0,10000000.0,,Free,0.0,Teen
Strava.cz,SHOPPING,4.3,2221.0,100000.0,,Free,0.0,Everyone
Strawberry Shortcake BerryRush,FAMILY,4.3,525552.0,10000000.0,48.0,Free,0.0,Everyone
Strawberry Shortcake Ice Cream Island,FAMILY,4.2,32200.0,5000000.0,15.0,Free,0.0,Everyone
Stream - Live Video Community,SOCIAL,4.1,6388.0,500000.0,,Free,0.0,Teen
Street Panorama View,TRAVEL_AND_LOCAL,4.2,40225.0,1000000.0,4.1,Free,0.0,Everyone
Street Skater 3D,GAME,3.6,120852.0,10000000.0,21.0,Free,0.0,Teen
Strike! Ten Pin Bowling,SPORTS,4.2,18584.0,5000000.0,49.0,Free,0.0,Everyone
StrongLifts 5x5 Workout Gym Log & Personal Trainer,HEALTH_AND_FITNESS,4.9,66791.0,1000000.0,10.0,Free,0.0,Everyone
Strætó.is,MAPS_AND_NAVIGATION,3.1,742.0,100000.0,15.0,Free,0.0,Everyone
"StubHub - Tickets to Sports, Concerts & Events",EVENTS,4.0,26089.0,5000000.0,,Free,0.0,Everyone
Study AP World History,FAMILY,4.6,513.0,10000.0,1.6,Free,0.0,Everyone
Study Checker,EDUCATION,4.2,3816.0,500000.0,2.6,Free,0.0,Everyone
StudyLock - Education First,PARENTING,4.1,27.0,1000.0,4.6,Free,0.0,Everyone
Stupid Zombies,GAME,4.5,464900.0,10000000.0,33.0,Free,0.0,Teen
StyleSeat,LIFESTYLE,4.7,20304.0,500000.0,24.0,Free,0.0,Everyone
Stylish Fonts,PERSONALIZATION,3.8,153176.0,10000000.0,4.3,Free,0.0,Everyone
Subway Simulator 3D,FAMILY,4.0,25489.0,1000000.0,62.0,Free,0.0,Everyone
Subway Surfers,GAME,4.5,27725352.0,1000000000.0,76.0,Free,0.0,Everyone 10+
Subway Terminator: Smarter Subway,MAPS_AND_NAVIGATION,4.3,70556.0,10000000.0,26.0,Free,0.0,Everyone
Sudoku Master,GAME,4.4,58387.0,1000000.0,3.3,Free,0.0,Everyone
Sudy – Meet Elite & Rich Single,DATING,4.1,17268.0,500000.0,40.0,Free,0.0,Mature 17+
Sufara.ba,FAMILY,4.9,285.0,10000.0,25.0,Free,0.0,Everyone
Sugar Daddies Dating App,DATING,2.9,53.0,10000.0,14.0,Free,0.0,Mature 17+
Sugar Daddy Dating App,DATING,2.5,277.0,100000.0,5.7,Free,0.0,Mature 17+
Sugar Mommas Dating And Single Search,DATING,3.5,1972.0,1000000.0,13.0,Free,0.0,Mature 17+
SugarSync,PRODUCTIVITY,4.1,16420.0,1000000.0,3.8,Free,0.0,Everyone
Summer Camp Island AR,FAMILY,3.6,740.0,50000.0,71.0,Free,0.0,Everyone
Summoners War,GAME,4.3,2045554.0,50000000.0,28.0,Free,0.0,Teen
Sun & Moon AR Locator,WEATHER,3.3,115.0,10000.0,5.1,Free,0.0,Everyone
Sun Rise Free Live Wallpaper,PERSONALIZATION,4.3,86481.0,10000000.0,8.6,Free,0.0,Everyone
Super ABC! Learning games for kids! Preschool apps,FAMILY,4.6,20267.0,1000000.0,46.0,Free,0.0,Everyone
Super AR,FAMILY,3.8,410.0,10000.0,28.0,Free,0.0,Teen
Super Car F. Mod for MCPE,GAME,3.6,214.0,50000.0,4.9,Free,0.0,Everyone
Super Cars Wallpapers And Backgrounds,AUTO_AND_VEHICLES,4.6,197.0,50000.0,3.4,Free,0.0,Everyone
Super DK vs Kong Brother Advanced Free Classic,GAME,3.8,66.0,10000.0,38.0,Free,0.0,Everyone
Super Dancer,GAME,4.1,91667.0,1000000.0,27.0,Free,0.0,Everyone
Super Dancer VN,GAME,4.0,24312.0,500000.0,25.0,Free,0.0,Everyone
Super Doctor 1-Pregnant Mom ER Surgery Simulator,FAMILY,4.1,290.0,10000.0,73.0,Free,0.0,Teen
Super Doctor 2 - My Newborn Baby ER Injection,FAMILY,4.7,54.0,1000.0,92.0,Free,0.0,Teen
Super Dr. Parking 3D,FAMILY,4.0,4518.0,1000000.0,41.0,Free,0.0,Everyone
Super Ear,MEDICAL,4.0,3498.0,100000.0,6.6,Free,0.0,Everyone
Super Ear Super Hearing,MEDICAL,4.0,122.0,10000.0,0.95703125,Free,0.0,Everyone
Super Flashlight + LED,TOOLS,4.3,54207.0,5000000.0,4.4,Free,0.0,Everyone
Super Funny Ringtones 2018 🔔,LIBRARIES_AND_DEMO,4.5,1703.0,100000.0,22.0,Free,0.0,Everyone
Super Hearing Secret Voices Recorder PRO,MEDICAL,5.0,3.0,100.0,23.0,Paid,2.99,Everyone
Super Hearing Super Ear Amplifier,MEDICAL,4.1,21.0,1000.0,20.0,Free,0.0,Everyone
Super Hero M Craft Run,GAME,3.7,303.0,100000.0,38.0,Free,0.0,Everyone
Super Jabber Jump,GAME,4.3,85882.0,10000000.0,23.0,Free,0.0,Everyone
Super Jabber Jump 3,GAME,4.3,34494.0,5000000.0,23.0,Free,0.0,Everyone 10+
Super Jim Jump - pixel 3d,GAME,4.5,10460.0,1000000.0,18.0,Free,0.0,Everyone
Super Mario Run,GAME,3.7,1221896.0,100000000.0,70.0,Free,0.0,Everyone
"Super P Launcher for Android P 9.0 launcher, theme",TOOLS,4.4,2026.0,100000.0,7.5,Free,0.0,Everyone
"Super Resume Builder Pro, CV",BUSINESS,4.4,244.0,1000.0,6.9,Paid,4.99,Everyone
Super School: Educational Kids Games & Rhymes,FAMILY,4.5,1791.0,500000.0,56.0,Free,0.0,Everyone
Super Slime Blitz - Gumball,FAMILY,4.6,5395.0,500000.0,58.0,Free,0.0,Everyone
Super Slime Simulator - Satisfying Slime App,LIFESTYLE,4.5,53652.0,1000000.0,39.0,Free,0.0,Everyone
Super Sport Car Simulator,FAMILY,4.2,58553.0,1000000.0,50.0,Free,0.0,Everyone
SuperBikers 2,GAME,3.9,6200.0,500000.0,,Free,0.0,Everyone 10+
SuperCity: Build a Story,FAMILY,4.4,98324.0,1000000.0,70.0,Free,0.0,Everyone
SuperLivePro,BUSINESS,4.3,46353.0,1000000.0,21.0,Free,0.0,Everyone
SuperPhoto - Effects & Filters,PHOTOGRAPHY,4.1,43296.0,5000000.0,,Free,0.0,Everyone
SuperVPN Free VPN Client,TOOLS,4.3,576454.0,50000000.0,6.1,Free,0.0,Everyone
Superbrothers Sword & Sworcery,GAME,4.4,11023.0,100000.0,16.0,Paid,3.99,Teen
Superhero Doctor 2 -ER Surgery,FAMILY,4.0,39647.0,10000000.0,72.0,Free,0.0,Everyone 10+
Superhero Doctor 3 ER Surgery,FAMILY,4.2,2801.0,500000.0,50.0,Free,0.0,Everyone
Superheroes Wallpapers | 4K Backgrounds,ART_AND_DESIGN,4.7,7699.0,500000.0,4.2,Free,0.0,Everyone 10+
"Superheroes, Marvel, DC, Comics, TV, Movies News",COMICS,5.0,34.0,5000.0,12.0,Free,0.0,Everyone
Supermarket Cashier Kids Games,FAMILY,3.6,32416.0,1000000.0,,Free,0.0,Everyone
Supermarket Manager: Cashier Simulator Kids Games,FAMILY,4.0,15489.0,1000000.0,60.0,Free,0.0,Everyone
Supermarket – Game for Kids,FAMILY,4.4,112080.0,10000000.0,26.0,Free,0.0,Everyone
Supervision service,AUTO_AND_VEHICLES,4.0,2155.0,500000.0,15.0,Free,0.0,Everyone
Surah Al-Waqiah,BOOKS_AND_REFERENCE,4.7,1201.0,100000.0,2.9,Free,0.0,Everyone
Surely You Quest - Magiswords,FAMILY,4.6,43314.0,1000000.0,83.0,Free,0.0,Everyone 10+
SurfEasy Secure Android VPN,TOOLS,4.5,273283.0,5000000.0,22.0,Free,0.0,Everyone
Surprise Eggs,FAMILY,3.9,81543.0,10000000.0,,Free,0.0,Everyone
Survival Forest : Survivor Home Builder,FAMILY,3.6,9389.0,1000000.0,64.0,Free,0.0,Teen
"Survival Mobile:10,000 BC",FAMILY,4.3,7441.0,500000.0,52.0,Free,0.0,Everyone 10+
Survival Prison Escape v2: Free Action Game,FAMILY,4.1,44027.0,5000000.0,52.0,Free,0.0,Mature 17+
Survival Run with Bear Grylls,GAME,4.2,128579.0,5000000.0,,Free,0.0,Everyone
Survival: Prison Escape,GAME,4.0,127810.0,10000000.0,33.0,Free,0.0,Mature 17+
Svenska Dagbladet,NEWS_AND_MAGAZINES,2.6,820.0,100000.0,,Free,0.0,Everyone
Sverige Tidningar,NEWS_AND_MAGAZINES,4.1,905.0,50000.0,4.0,Free,0.0,Everyone
Swahili Radio,NEWS_AND_MAGAZINES,4.5,171.0,10000.0,4.8,Free,0.0,Everyone
Swamp Attack,GAME,4.4,2119235.0,50000000.0,70.0,Free,0.0,Everyone 10+
Sway Medical,MEDICAL,5.0,3.0,100.0,22.0,Free,0.0,Everyone
Sweet Baby Girl - Dream House and Play Time,FAMILY,3.9,95537.0,10000000.0,58.0,Free,0.0,Everyone
Sweet Baby Girl Newborn Baby,FAMILY,3.8,36028.0,5000000.0,50.0,Free,0.0,Everyone
Sweet Camera,PHOTOGRAPHY,4.4,71898.0,5000000.0,23.0,Free,0.0,Everyone
"Sweet Camera - Selfie Filters, Beauty Camera",PHOTOGRAPHY,4.7,233039.0,10000000.0,24.0,Free,0.0,Everyone
Sweet Fruit Candy,GAME,4.5,197540.0,10000000.0,29.0,Free,0.0,Everyone
"Sweet Selfie - selfie camera, beauty cam, photo edit",PHOTOGRAPHY,4.6,1159058.0,100000000.0,25.0,Free,0.0,Everyone
Sweet Selfie Beauty Camera,BEAUTY,4.3,601.0,100000.0,35.0,Free,0.0,Everyone
"Sweet Snap - live filter, Selfie photo edit",PHOTOGRAPHY,4.5,123029.0,10000000.0,,Free,0.0,Everyone
"Sweet Snap Lite - live filter, Selfie photo editor",PHOTOGRAPHY,4.5,3116.0,500000.0,22.0,Free,0.0,Everyone
Sweet mi - unlimited hunnam hunting blind date,DATING,4.0,6191.0,500000.0,27.0,Free,0.0,Mature 17+
SweetLand — Family Board Game,FAMILY,4.2,38.0,1000.0,47.0,Paid,0.99,Everyone
"SweetRing - Meet, Match, Date",DATING,4.0,51698.0,1000000.0,63.0,Free,0.0,Mature 17+
Swift Dark CM / CM13 Theme,PERSONALIZATION,4.7,1500.0,10000.0,41.0,Paid,1.99,Everyone
Swift for Facebook Lite,SOCIAL,4.3,9562.0,500000.0,5.8,Free,0.0,Teen
SwiftKey Keyboard,PRODUCTIVITY,4.5,2764964.0,100000000.0,,Free,0.0,Everyone
SwingAid - Level up Golf,SPORTS,4.3,752.0,100000.0,33.0,Free,0.0,Everyone
Sword Art Online: Integral Factor,FAMILY,4.0,45359.0,1000000.0,32.0,Free,0.0,Everyone 10+
Sword of Chaos - Lame du Chaos,GAME,4.5,23599.0,100000.0,96.0,Free,0.0,Teen
Sworkit Kids - Fitness Meets Fun,FAMILY,4.7,9856.0,100000.0,55.0,Free,0.0,Everyone
Sworkit: Workouts & Fitness Plans,HEALTH_AND_FITNESS,4.6,109756.0,5000000.0,78.0,Free,0.0,Everyone
Sya9a Maroc - FR,FAMILY,4.5,38.0,5000.0,53.0,Free,0.0,Everyone
Sydney FC Official App,SPORTS,4.6,57.0,5000.0,17.0,Free,0.0,Everyone
Sygic Car Navigation,MAPS_AND_NAVIGATION,4.7,162049.0,5000000.0,48.0,Free,0.0,Everyone
Sygic Truck GPS Navigation,TRAVEL_AND_LOCAL,4.2,18294.0,1000000.0,28.0,Free,0.0,Everyone
Sync for reddit,NEWS_AND_MAGAZINES,4.6,62740.0,500000.0,8.6,Free,0.0,Mature 17+
Sync.ME – Caller ID & Block,COMMUNICATION,4.5,205739.0,5000000.0,17.0,Free,0.0,Everyone
Synd e-Passbook,FINANCE,4.3,9400.0,1000000.0,6.1,Free,0.0,Everyone
Synology Drive,PRODUCTIVITY,3.2,368.0,100000.0,,Free,0.0,Everyone
System Update Free,TOOLS,4.3,3068.0,100000.0,6.0,Free,0.0,Everyone
Südtirol2Go,MAPS_AND_NAVIGATION,3.3,555.0,50000.0,31.0,Free,0.0,Everyone
S’more - Earn Cash Rewards,PRODUCTIVITY,4.1,15097.0,1000000.0,14.0,Free,0.0,Everyone
T Uploader,FAMILY,4.1,75.0,10000.0,2.2,Free,0.0,Everyone
"T map (te map, T map, navigation)",MAPS_AND_NAVIGATION,4.2,15681.0,5000000.0,,Free,0.0,Everyone
T-Mobile,TOOLS,4.3,482630.0,10000000.0,,Free,0.0,Everyone
T-Mobile Content Transfer,PRODUCTIVITY,4.1,370.0,500000.0,29.0,Free,0.0,Everyone
T-Mobile DIGITS,COMMUNICATION,3.0,1820.0,100000.0,33.0,Free,0.0,Everyone
T-Mobile SyncUP DRIVE,AUTO_AND_VEHICLES,4.0,1981.0,100000.0,18.0,Free,0.0,Everyone
T-Mobile Tuesdays,LIFESTYLE,4.0,53144.0,5000000.0,21.0,Free,0.0,Everyone
T-Mobile Visual Voicemail,TOOLS,3.6,41502.0,50000000.0,,Free,0.0,Everyone
T-Mobile in,FINANCE,3.5,3856.0,1000000.0,8.2,Free,0.0,Everyone
T-Mobile® FamilyMode™,PARENTING,3.1,103.0,10000.0,28.0,Free,0.0,Everyone
T-shirt design - Snaptee,LIFESTYLE,4.2,29756.0,1000000.0,45.0,Free,0.0,Everyone
T. Rowe Price Personal® App,FINANCE,4.5,1057.0,50000.0,4.5,Free,0.0,Everyone
TAMAGO,FAMILY,3.0,42515.0,5000000.0,1.6,Free,0.0,Everyone
TAMAGO Monsters Returns,GAME,4.1,104583.0,1000000.0,37.0,Free,0.0,Everyone
TANGEDCO Mobile App (Official),BUSINESS,3.3,2915.0,500000.0,3.3,Free,0.0,Everyone
TAXI DRIVER,FAMILY,3.7,7203.0,1000000.0,32.0,Free,0.0,Everyone
TAXLANDIA,FAMILY,1.9,141.0,1000.0,65.0,Free,0.0,Everyone
TED,FAMILY,4.6,181961.0,10000000.0,18.0,Free,0.0,Everyone 10+
TEKKEN™,GAME,4.2,147791.0,5000000.0,38.0,Free,0.0,Teen
TETRIS,FAMILY,4.0,199808.0,10000000.0,57.0,Free,0.0,Everyone
TETRIS Blitz,FAMILY,4.4,201631.0,5000000.0,96.0,Free,0.0,Everyone
TFO BZ Lessons,FAMILY,4.4,75.0,500.0,3.7,Free,0.0,Everyone
THAI DICT 2018,EDUCATION,4.4,29855.0,1000000.0,,Free,0.0,Mature 17+
THE KING OF FIGHTERS-A 2012(F),GAME,4.4,406511.0,5000000.0,21.0,Free,0.0,Teen
THE aMAZEing Labyrinth,FAMILY,3.9,1615.0,10000.0,1.2,Paid,4.99,Everyone
TI-84 CE Graphing Calculator Manual TI 84,FAMILY,5.0,1.0,100.0,27.0,Paid,4.99,Everyone
TI-Nspire CX Calculator Manual,FAMILY,3.9,11.0,500.0,27.0,Paid,4.99,Everyone
TIMBER AD FILTER - Very useful ad block app,PRODUCTIVITY,3.8,1343.0,100000.0,9.0,Free,0.0,Everyone
TMJ4.com - WTMJ-TV Milwaukee,NEWS_AND_MAGAZINES,3.8,728.0,50000.0,,Free,0.0,Everyone 10+
TN Electricity (TNEB),LIFESTYLE,3.9,73.0,10000.0,3.8,Free,0.0,Everyone
TN Patta /Chitta /EC New,SOCIAL,4.8,5.0,100.0,3.0,Free,0.0,Teen
TN Patta Chitta EC Info,TOOLS,4.2,1611.0,100000.0,2.7,Free,0.0,Everyone
TN Patta Citta & EC,BOOKS_AND_REFERENCE,3.8,48.0,10000.0,1.5,Free,0.0,Everyone
"TN Patta, Chitta, EC",TOOLS,4.1,633.0,100000.0,3.8,Free,0.0,Everyone
TN e Sevai TN EB Bill Patta Citta EC Birth All Hub,SOCIAL,3.7,23.0,5000.0,16.0,Free,0.0,Everyone
TNEB,BUSINESS,3.8,1777.0,100000.0,0.92578125,Free,0.0,Everyone
TNEB Bill Checker / TNEB Bill Status,FINANCE,2.5,2.0,1000.0,5.0,Free,0.0,Everyone
TNEB Quick Pay Easy,FINANCE,4.5,28.0,10000.0,1.4,Free,0.0,Teen
TNEB Reading,TOOLS,4.1,28.0,10000.0,2.5,Free,0.0,Everyone
TO-FU Oh!SUSHI,FAMILY,4.1,59917.0,5000000.0,92.0,Free,0.0,Everyone
TOEFL Prep & Practice from Magoosh,EDUCATION,4.5,756.0,100000.0,12.0,Free,0.0,Everyone
TOSHIBA Smart AC,TOOLS,2.6,60.0,10000.0,18.0,Free,0.0,Everyone
TRANSFORMERS: Earth Wars,FAMILY,4.5,256219.0,10000000.0,95.0,Free,0.0,Everyone
TRANSFORMERS: Forged to Fight,GAME,4.6,291941.0,10000000.0,90.0,Free,0.0,Everyone 10+
TV Guide BR Gold,FAMILY,4.4,544.0,5000.0,,Paid,1.49,Everyone
TV Local El Salvador,FAMILY,4.3,323.0,10000.0,3.6,Free,0.0,Everyone
TV+,ENTERTAINMENT,4.2,98509.0,5000000.0,,Free,0.0,Everyone
TV.AE,FAMILY,3.9,109.0,10000.0,7.5,Free,0.0,Everyone
Tablet Reminder,MEDICAL,5.0,4.0,5.0,2.5,Free,0.0,Everyone
Taco Bell,LIFESTYLE,3.8,28140.0,1000000.0,16.0,Free,0.0,Everyone
Tafsiir Quraan MP3 Af Soomaali Quraanka Kariimka,LIFESTYLE,5.0,7.0,1000.0,3.4,Free,0.0,Everyone
"Tagged - Meet, Chat & Dating",SOCIAL,4.1,486830.0,10000000.0,,Free,0.0,Mature 17+
Taha Al Junaid Quran Mp3,LIFESTYLE,4.6,518.0,50000.0,4.2,Free,0.0,Everyone
Talabat: Food Delivery,FOOD_AND_DRINK,4.5,116403.0,5000000.0,,Free,0.0,Everyone
"Talkatone: Free Texts, Calls & Phone Number",COMMUNICATION,4.1,132015.0,10000000.0,25.0,Free,0.0,Everyone
"Talkie - Wi-Fi Calling, Chats, File Sharing",COMMUNICATION,4.2,4838.0,500000.0,,Free,0.0,Everyone
"Talkie Pro - Wi-Fi Calling, Chats, File Sharing",COMMUNICATION,4.5,201.0,1000.0,,Paid,2.99,Everyone
Talking Angela,ENTERTAINMENT,3.7,1828284.0,100000000.0,52.0,Free,0.0,Everyone
Talking Babsy Baby: Baby Games,LIFESTYLE,4.0,140995.0,10000000.0,100.0,Free,0.0,Everyone
Talking Ben the Dog,ENTERTAINMENT,4.3,1633682.0,100000000.0,57.0,Free,0.0,Everyone
Talking Boyfriend,FAMILY,2.9,1073.0,100000.0,2.8,Free,0.0,Everyone
Talking Ginger,FAMILY,4.2,1752017.0,100000000.0,52.0,Free,0.0,Everyone
Talking Ginger 2,ENTERTAINMENT,4.2,702975.0,50000000.0,49.0,Free,0.0,Everyone
Talking Husky Dog,FAMILY,4.4,26545.0,1000000.0,40.0,Free,0.0,Everyone
"Talking Pictures: Autism, CP",MEDICAL,3.9,22.0,5000.0,0.7822265625,Free,0.0,Everyone
Talking Tom & Ben News,FAMILY,4.4,1131937.0,100000000.0,41.0,Free,0.0,Everyone
Talking Tom Bubble Shooter,FAMILY,4.4,687136.0,50000000.0,54.0,Free,0.0,Everyone
Talking Tom Cat,FAMILY,4.3,1838090.0,100000000.0,,Free,0.0,Everyone 10+
Talking Tom Cat 2,FAMILY,4.3,3213548.0,100000000.0,55.0,Free,0.0,Everyone 10+
Talking Tom Gold Run,GAME,4.6,2698889.0,100000000.0,78.0,Free,0.0,Everyone
Talkray - Free Calls & Texts,COMMUNICATION,4.2,244863.0,10000000.0,,Free,0.0,Everyone
Tamago Tap Clicker Egg,FAMILY,3.6,209.0,50000.0,16.0,Free,0.0,Everyone
Tamago egg,GAME,3.0,49.0,5000.0,7.1,Free,0.0,Everyone
Tamilnadu EB Online Payment,FINANCE,3.7,155.0,100000.0,3.9,Free,0.0,Everyone
Tamilnadu Electricity Info,TOOLS,3.6,216.0,10000.0,0.7919921875,Free,0.0,Everyone
Tango - Live Video Broadcast,SOCIAL,4.3,3806669.0,100000000.0,,Free,0.0,Mature 17+
Tank Stars,GAME,4.3,174755.0,10000000.0,98.0,Free,0.0,Everyone 10+
Tap N Pay,PRODUCTIVITY,4.4,253.0,10000.0,8.2,Free,0.0,Everyone
Tap The Easter Egg!,FAMILY,3.2,111.0,5000.0,3.3,Free,0.0,Everyone
"Tapas – Comics, Novels, and Stories",COMICS,4.5,29839.0,1000000.0,29.0,Free,0.0,Teen
"Tapatalk - 100,000+ Forums",SOCIAL,4.1,285820.0,10000000.0,,Free,0.0,Mature 17+
TappyToon Comics & Webtoons,COMICS,3.5,4205.0,100000.0,10.0,Free,0.0,Teen
Tarascon Pharmacopoeia,MEDICAL,4.4,275.0,10000.0,5.8,Free,0.0,Everyone 10+
Target - now with Cartwheel,SHOPPING,4.1,68406.0,10000000.0,24.0,Free,0.0,Everyone
Tasker,TOOLS,4.6,43045.0,1000000.0,,Paid,2.99,Everyone
Tassa.fi Finland,LIFESTYLE,3.6,346.0,50000.0,7.5,Free,0.0,Everyone
Tastely,FOOD_AND_DRINK,4.7,611136.0,10000000.0,19.0,Free,0.0,Everyone
Tattoo Color By Number Draw Book Page Pixel Art,FAMILY,4.0,309.0,100000.0,25.0,Free,0.0,Everyone
Tattoo Name On My Photo Editor,ART_AND_DESIGN,4.2,44829.0,10000000.0,20.0,Free,0.0,Teen
Tattoodo - Find your next tattoo,LIFESTYLE,4.5,7457.0,1000000.0,13.0,Free,0.0,Teen
Teach Me Anatomy,MEDICAL,4.7,9945.0,500000.0,97.0,Free,0.0,Everyone
Teacher's Gradebook - Additio,EDUCATION,4.2,3241.0,100000.0,16.0,Free,0.0,Everyone
TeachersPayTeachers,EDUCATION,3.8,828.0,100000.0,,Free,0.0,Everyone
TeamWard – live help for LoL,FAMILY,4.8,3136.0,100000.0,2.7,Free,0.0,Everyone
Tech CU Card Manager,FINANCE,1.0,2.0,1000.0,7.2,Free,0.0,Everyone
Tech CU Mobile Banking,FINANCE,4.5,853.0,10000.0,27.0,Free,0.0,Everyone
Technology CM Locker Theme,PERSONALIZATION,4.4,10093.0,1000000.0,5.5,Free,0.0,Everyone
"Technutri - calorie counter, diet and carb tracker",HEALTH_AND_FITNESS,4.4,70416.0,5000000.0,23.0,Free,0.0,Everyone
Tee and Mo Bath Time Free,FAMILY,3.6,418.0,100000.0,97.0,Free,0.0,Everyone
TeeTime.cz,SPORTS,4.6,1641.0,10000.0,6.2,Free,0.0,Everyone
Teen Patti by BL Games,GAME,4.1,496.0,100000.0,39.0,Free,0.0,Teen
Teen Titans GO Figure!,FAMILY,4.5,1985.0,10000.0,28.0,Paid,3.99,Everyone 10+
Teenage Chat & Dating,DATING,3.4,5.0,500.0,14.0,Free,0.0,Mature 17+
Teeny Titans - Teen Titans Go!,FAMILY,4.6,20463.0,100000.0,25.0,Paid,3.99,Everyone 10+
TelaDoc,MEDICAL,4.7,6.0,1000.0,13.0,Free,0.0,Everyone
Teladoc Member,MEDICAL,4.0,2094.0,500000.0,23.0,Free,0.0,Everyone
Telegram,COMMUNICATION,4.4,3128611.0,100000000.0,,Free,0.0,Mature 17+
Telegram X,SOCIAL,4.6,70616.0,5000000.0,,Free,0.0,Teen
Telemundo Deportes - En Vivo,SPORTS,4.5,36255.0,1000000.0,25.0,Free,0.0,Everyone
Telemundo Deportes - Live,SPORTS,4.5,36255.0,1000000.0,25.0,Free,0.0,Everyone
Telemundo Now,ENTERTAINMENT,3.9,8674.0,1000000.0,19.0,Free,0.0,Teen
Telstra,LIFESTYLE,3.0,4260.0,5000000.0,6.3,Free,0.0,Everyone
Temple Run,GAME,4.3,4000433.0,100000000.0,42.0,Free,0.0,Everyone
Temple Run 2,GAME,4.3,8119154.0,500000000.0,62.0,Free,0.0,Everyone
Tencent News,NEWS_AND_MAGAZINES,4.0,7006.0,1000000.0,23.0,Free,0.0,Everyone
Tencent Video - Supporting the whole network,VIDEO_PLAYERS,3.5,13205.0,1000000.0,44.0,Free,0.0,Teen
Tennis 24 - tennis live scores,SPORTS,4.6,990.0,100000.0,9.4,Free,0.0,Everyone
Tennis Champion 3D - Online Sports Game,SPORTS,4.0,170973.0,5000000.0,43.0,Free,0.0,Everyone
Tennis Livescore Widget,SPORTS,4.1,361.0,50000.0,2.2,Free,0.0,Everyone
Tennis News and Scores,SPORTS,4.3,101.0,10000.0,3.9,Free,0.0,Everyone
Tennis Temple - Live Scores,SPORTS,4.6,5305.0,100000.0,,Free,0.0,Everyone
Terminal Emulator for Android,TOOLS,4.4,113951.0,10000000.0,0.5380859375,Free,0.0,Everyone
TerraGenesis - Space Colony,GAME,4.3,38957.0,1000000.0,,Free,0.0,Everyone
Test de Inteligencia CI,FAMILY,2.9,21.0,5000.0,2.1,Free,0.0,Everyone
Tetrobot and Co.,FAMILY,4.5,709.0,5000.0,18.0,Paid,2.99,Everyone
Texas Hold'em EV Calculator,TOOLS,3.7,6.0,1000.0,1.3,Free,0.0,Everyone
Texas Hold'em Poker,GAME,3.6,12846.0,1000000.0,14.0,Free,0.0,Teen
Texas HoldEm Poker Deluxe,GAME,4.5,396090.0,10000000.0,26.0,Free,0.0,Teen
Texas HoldEm Poker Deluxe (BR),GAME,4.5,1418.0,10000.0,26.0,Free,0.0,Teen
Texas Holdem & Omaha Poker: Pokerist,GAME,4.3,187200.0,10000000.0,28.0,Free,0.0,Teen
Texas Holdem Poker,GAME,4.0,127831.0,10000000.0,26.0,Free,0.0,Teen
Texas Holdem Poker Pro,GAME,4.5,114479.0,5000000.0,26.0,Free,0.0,Teen
Texas Hold’em Poker + | Social,GAME,3.5,4416.0,500000.0,59.0,Free,0.0,Teen
Text Free: WiFi Calling App,SOCIAL,4.2,83488.0,5000000.0,,Free,0.0,Everyone
"Text Me: Text Free, Call Free, Second Phone Number",SOCIAL,4.3,344921.0,10000000.0,,Free,0.0,Everyone
Text SMS,COMMUNICATION,4.5,349384.0,10000000.0,8.2,Free,0.0,Everyone
Text free - Free Text + Call,SOCIAL,4.3,315441.0,10000000.0,,Free,0.0,Everyone
Text on Photo - Fonteee,ART_AND_DESIGN,4.4,13880.0,1000000.0,28.0,Free,0.0,Everyone
TextNow - free text + calls,SOCIAL,4.4,441189.0,10000000.0,,Free,0.0,Everyone
Textgram - write on photos,ART_AND_DESIGN,4.4,295237.0,10000000.0,,Free,0.0,Everyone
Thai Handwriting,EDUCATION,4.3,3168.0,1000000.0,19.0,Free,0.0,Everyone
Thai Sic Bo,GAME,4.1,14283.0,1000000.0,4.2,Free,0.0,Teen
The 5th Stand,SPORTS,4.8,1697.0,100000.0,17.0,Free,0.0,Everyone
The Aether: Life as a God,FAMILY,4.1,1407.0,100000.0,3.4,Free,0.0,Everyone 10+
The Ah Yeah! Button,FAMILY,3.0,30.0,5000.0,0.310546875,Free,0.0,Everyone
The Artificial Intelligence Project (A.I. Chat),FAMILY,3.0,76.0,5000.0,39.0,Paid,1.99,Everyone
The Bump Pregnancy Tracker,HEALTH_AND_FITNESS,4.6,20301.0,1000000.0,22.0,Free,0.0,Everyone
The CJ Rubric,HEALTH_AND_FITNESS,5.0,5.0,100.0,43.0,Free,0.0,Everyone
The CW,FAMILY,4.4,288209.0,5000000.0,21.0,Free,0.0,Teen
The CW TN app 2018,FAMILY,2.2,54.0,10000.0,4.3,Free,0.0,Everyone
The CW TV app,FAMILY,3.2,24.0,5000.0,4.8,Free,0.0,Everyone
"The Championships, Wimbledon 2018",SPORTS,4.3,24082.0,1000000.0,95.0,Free,0.0,Everyone
The Church at CW,LIFESTYLE,4.5,2.0,100.0,7.8,Free,0.0,Teen
The Coupons App,SHOPPING,4.5,181990.0,10000000.0,,Free,0.0,Everyone
The Cube,GAME,4.2,70226.0,5000000.0,38.0,Free,0.0,Everyone
The DG Buddy,BUSINESS,3.7,3.0,10.0,11.0,Paid,2.49,Everyone
The DL Hughley Show,FAMILY,4.3,23.0,5000.0,11.0,Free,0.0,Everyone
The Daily BJ,HEALTH_AND_FITNESS,4.8,38.0,500.0,24.0,Free,0.0,Everyone
The Divine Feminine App: the DF App,LIFESTYLE,5.0,8.0,1000.0,6.7,Free,0.0,Everyone
The EO Bar,HEALTH_AND_FITNESS,4.7,416.0,10000.0,34.0,Paid,6.99,Everyone
The Emirates App,TRAVEL_AND_LOCAL,4.4,22776.0,1000000.0,55.0,Free,0.0,Everyone
The Escapists,GAME,4.4,7412.0,100000.0,84.0,Paid,4.99,Teen
The Fish Master!,GAME,4.1,15763.0,1000000.0,54.0,Free,0.0,Everyone
The Florida Trail Guide,TRAVEL_AND_LOCAL,4.3,100.0,5000.0,13.0,Free,0.0,Everyone
The Game of Life,GAME,4.4,18652.0,100000.0,63.0,Paid,2.99,Everyone
The Gang Sniper V. Pocket Edition.,GAME,3.9,6121.0,500000.0,61.0,Free,0.0,Mature 17+
The Grand Bike V,FAMILY,3.8,3478.0,1000000.0,95.0,Free,0.0,Everyone
The Grand Wars: San Andreas,GAME,3.9,29990.0,1000000.0,96.0,Free,0.0,Teen
The Grand Way,GAME,3.9,1995.0,500000.0,92.0,Free,0.0,Teen
The Great Wobo Escape Ep. 1,GAME,4.2,5449.0,500000.0,20.0,Free,0.0,Everyone 10+
The Great Wobo Escape Ep.1,FAMILY,4.3,11.0,500.0,20.0,Paid,1.99,Everyone 10+
The Guardian,NEWS_AND_MAGAZINES,4.7,247992.0,5000000.0,22.0,Free,0.0,Teen
The Holy Rosary,LIFESTYLE,4.7,56197.0,1000000.0,15.0,Free,0.0,Everyone
The Home Depot,SHOPPING,4.3,44071.0,5000000.0,56.0,Free,0.0,Everyone
The House of Da Vinci,FAMILY,4.8,12400.0,100000.0,,Paid,4.99,Everyone
The Hunt for the Lost Treasure,FAMILY,4.6,7148.0,100000.0,8.1,Paid,2.99,Everyone
The League,DATING,3.0,837.0,100000.0,9.4,Free,0.0,Mature 17+
"The Ledger - Lakeland, Florida",NEWS_AND_MAGAZINES,4.6,89.0,5000.0,5.7,Free,0.0,Everyone
The Legacy (Full),GAME,4.6,144.0,1000.0,6.3,Paid,6.99,Everyone
The List,NEWS_AND_MAGAZINES,3.5,66.0,10000.0,12.0,Free,0.0,Everyone
The Lost Lands:DH Lite,FAMILY,4.3,1130.0,50000.0,48.0,Free,0.0,Teen
The Maner,PRODUCTIVITY,4.2,53015.0,5000000.0,2.2,Free,0.0,Everyone
The Maze Runner,GAME,4.0,428268.0,10000000.0,22.0,Free,0.0,Everyone
The Messenger App,SOCIAL,4.4,4919.0,1000000.0,2.8,Free,0.0,Everyone
The NBC App - Watch Live TV and Full Episodes,FAMILY,4.1,58104.0,5000000.0,17.0,Free,0.0,Teen
The Noise-O-Meter,FAMILY,4.0,1699.0,100000.0,72.0,Free,0.0,Everyone
The PCH App,LIFESTYLE,4.5,234971.0,1000000.0,81.0,Free,0.0,Everyone
The Pursuit of God,BOOKS_AND_REFERENCE,4.8,6.0,1000.0,1.6,Free,0.0,Everyone
The Q - Live Trivia Game Network,GAME,2.7,1486.0,100000.0,14.0,Free,0.0,Everyone
"The Report, Fox, Breitbart - Conservative News",NEWS_AND_MAGAZINES,4.6,2090.0,50000.0,4.6,Free,0.0,Everyone
The Room: Old Sins,GAME,4.9,21119.0,100000.0,48.0,Paid,4.99,Everyone
The Rules of Golf,SPORTS,4.3,926.0,100000.0,9.3,Free,0.0,Everyone
The SCP Foundation DB fr nn5n,BOOKS_AND_REFERENCE,4.5,114.0,1000.0,,Free,0.0,Mature 17+
The Secret Daily Teachings,LIFESTYLE,4.3,206.0,1000.0,32.0,Paid,4.99,Everyone
The Simpsons™: Tapped Out,FAMILY,4.3,636995.0,10000000.0,49.0,Free,0.0,Teen
The Sims™ FreePlay,GAME,4.3,931595.0,10000000.0,31.0,Free,0.0,Teen
The Sims™ Mobile,FAMILY,4.5,559597.0,10000000.0,89.0,Free,0.0,Teen
The Societe Generale App,FINANCE,4.1,31218.0,1000000.0,,Free,0.0,Everyone
The T Factor,EVENTS,4.8,48.0,1000.0,13.0,Free,0.0,Everyone
The TK-App - everything under control,HEALTH_AND_FITNESS,4.5,8642.0,100000.0,18.0,Free,0.0,Everyone
"The Team - Live Sport: football, tennis, rugby ..",SPORTS,4.2,112725.0,5000000.0,,Free,0.0,Everyone
The Tribez: Build a Village,FAMILY,4.4,1852384.0,10000000.0,,Free,0.0,Everyone
The Video Messenger App,SOCIAL,4.4,1200.0,100000.0,2.8,Free,0.0,Everyone
The Vietnam Story - Fun Stories,COMICS,4.5,438.0,10000.0,3.4,Free,0.0,Everyone
The Vikings,GAME,4.4,15806.0,1000000.0,42.0,Free,0.0,Teen
The Visitor,GAME,4.1,39895.0,5000000.0,25.0,Free,0.0,Mature 17+
The Visitor: Ep.1 - Kitty Cat Carnage,GAME,4.4,3017.0,500000.0,39.0,Free,0.0,Mature 17+
The Visitor: Ep.2 - Sleepover Slaughter,GAME,4.3,5731.0,1000000.0,31.0,Free,0.0,Mature 17+
"The Voice, sing and connect",FAMILY,4.1,405824.0,10000000.0,,Free,0.0,Everyone
The Walking Dead: Our World,GAME,4.0,22435.0,1000000.0,100.0,Free,0.0,Teen
The Walking Dead: Road to Survival,GAME,4.2,522466.0,10000000.0,37.0,Free,0.0,Mature 17+
The Walking Zombie: Dead City,GAME,4.6,58575.0,1000000.0,96.0,Free,0.0,Teen
The Wall Street Journal: Business & Market News,NEWS_AND_MAGAZINES,4.1,40975.0,1000000.0,36.0,Free,0.0,Everyone 10+
The Washington Post Classic,NEWS_AND_MAGAZINES,4.5,23158.0,1000000.0,,Free,0.0,Everyone 10+
The Weather Channel: Rain Forecast & Storm Alerts,WEATHER,4.4,1558437.0,50000000.0,,Free,0.0,Everyone
The Weather Network,WEATHER,3.9,135337.0,5000000.0,,Free,0.0,Everyone
The World Ends With You,GAME,4.6,4108.0,10000.0,13.0,Paid,17.99,Everyone 10+
The X-Files: Deep State - Hidden Object Adventure,FAMILY,4.5,22018.0,500000.0,53.0,Free,0.0,Teen
The Zueira's Voice,TOOLS,4.7,136540.0,1000000.0,3.1,Free,0.0,Everyone
The birth,SHOPPING,4.7,1084945.0,50000000.0,,Free,0.0,Teen
The dollar in mexico,FINANCE,4.5,4254.0,100000.0,3.2,Free,0.0,Everyone
The first year of a baby's life,PARENTING,4.8,7505.0,100000.0,9.1,Free,0.0,Everyone
The grand theft V Wallpaper,PERSONALIZATION,3.8,87.0,10000.0,4.3,Free,0.0,Everyone 10+
The green alien dance,ENTERTAINMENT,3.8,6979.0,1000000.0,12.0,Free,0.0,Everyone
The postal bank,FINANCE,3.7,36718.0,5000000.0,,Free,0.0,Everyone
The real aquarium - HD,PERSONALIZATION,4.3,100130.0,5000000.0,,Free,0.0,Everyone
The translator,TOOLS,4.5,23805.0,1000000.0,4.1,Free,0.0,Everyone
The wall,SHOPPING,4.4,35563.0,1000000.0,4.2,Free,0.0,Everyone
TheFork - Restaurants booking and special offers,FOOD_AND_DRINK,4.3,37517.0,5000000.0,17.0,Free,0.0,Everyone
Theatre of the Absurd CE(Full),FAMILY,4.1,1143.0,10000.0,15.0,Paid,2.99,Everyone 10+
Them Bombs: co-op board game play with 2-4 friends,GAME,4.7,8038.0,100000.0,52.0,Free,0.0,Teen
Theme Android P Black design for LG V30,PERSONALIZATION,4.4,8.0,100.0,6.2,Paid,1.49,Everyone
Theme Android P Black for LG G7 & V35,PERSONALIZATION,4.6,5.0,100.0,4.3,Paid,1.49,Everyone
Theme Android P Design for LG V30,PERSONALIZATION,4.2,35.0,500.0,5.2,Paid,1.49,Everyone
Theme Android P for LG G7 & V35,PERSONALIZATION,4.6,5.0,100.0,4.5,Paid,1.49,Everyone
Theme For Techno Camon CX,PERSONALIZATION,4.7,42.0,5000.0,10.0,Free,0.0,Everyone
Theme eXp - Black Z Light,PERSONALIZATION,4.3,29540.0,1000000.0,4.3,Free,0.0,Everyone
Theme for Iphone X Plus,PERSONALIZATION,4.0,126.0,10000.0,8.0,Free,0.0,Everyone
Theme for Samsung Galaxy Note FE,PERSONALIZATION,4.5,52.0,10000.0,7.9,Free,0.0,Everyone
Theme for Tecno Camon CX / C8,LIFESTYLE,4.6,147.0,10000.0,9.8,Free,0.0,Everyone
Third Eye,TOOLS,4.4,19877.0,1000000.0,4.5,Free,0.0,Everyone
Thistletown CI,PRODUCTIVITY,1.0,1.0,100.0,6.6,Free,0.0,Everyone
Thomas & Friends: Delivery,FAMILY,4.2,28737.0,1000000.0,17.0,Free,0.0,Everyone
Thomas & Friends: Go Go Thomas,FAMILY,4.1,175625.0,10000000.0,16.0,Free,0.0,Everyone
Thomas & Friends: Race On!,FAMILY,4.1,29319.0,5000000.0,26.0,Free,0.0,Everyone
Threema,COMMUNICATION,4.5,51110.0,1000000.0,,Paid,2.99,Everyone
Thrive CF,HEALTH_AND_FITNESS,2.2,6.0,100.0,8.0,Free,0.0,Everyone
Throw Knife,FAMILY,3.7,291.0,100000.0,37.0,Free,0.0,Everyone
Thuglife Video Maker,FAMILY,3.5,38824.0,1000000.0,12.0,Free,0.0,Mature 17+
Thumbnail Maker,PHOTOGRAPHY,4.4,26252.0,1000000.0,24.0,Free,0.0,Everyone
Thuuz Sports,SPORTS,4.5,5517.0,500000.0,5.2,Free,0.0,Everyone
Tic Tac CK,FAMILY,5.0,3.0,10.0,13.0,Free,0.0,Everyone
Tic Tac Toe,FAMILY,4.1,6007.0,1000000.0,18.0,Free,0.0,Everyone
"TickTick: To Do List with Reminder, Day Planner",PRODUCTIVITY,4.6,25370.0,1000000.0,,Free,0.0,Everyone
Ticketmaster Event Tickets,EVENTS,4.0,40113.0,5000000.0,36.0,Free,0.0,Everyone
Tickets + PDA 2018 Exam,AUTO_AND_VEHICLES,4.9,197136.0,1000000.0,38.0,Free,0.0,Everyone
Tickets SDA 2018 and Exam from the State Traffic Safety Inspectorate with Drom.ru,AUTO_AND_VEHICLES,4.9,10479.0,100000.0,33.0,Free,0.0,Everyone
Tickets SDA 2019 + Exam RF,AUTO_AND_VEHICLES,4.8,7021.0,500000.0,17.0,Free,0.0,Everyone
Tie - Always be happy,BEAUTY,4.7,964.0,50000.0,9.0,Free,0.0,Everyone
Tiger Live Wallpaper,PERSONALIZATION,4.1,77724.0,5000000.0,7.1,Free,0.0,Teen
Tigo Money El Salvador,FINANCE,4.3,4642.0,100000.0,3.5,Free,0.0,Everyone
Tik Tok - including musical.ly,SOCIAL,4.4,5637451.0,100000000.0,59.0,Free,0.0,Teen
"Time Planner - Schedule, To-Do List, Time Tracker",PRODUCTIVITY,4.2,2537.0,500000.0,8.5,Free,0.0,Everyone
Time Recording - Timesheet App,PRODUCTIVITY,4.6,23393.0,1000000.0,,Free,0.0,Everyone
Timehop,SOCIAL,4.1,161610.0,5000000.0,16.0,Free,0.0,Teen
Timely Alarm Clock,LIFESTYLE,4.3,258717.0,10000000.0,9.4,Free,0.0,Everyone
Timetable,EDUCATION,4.2,40209.0,1000000.0,,Free,0.0,Everyone
Tinder,LIFESTYLE,4.0,2789775.0,100000000.0,68.0,Free,0.0,Mature 17+
Tinnitus Alleviator,MEDICAL,3.1,82.0,5000.0,42.0,Free,0.0,Everyone
Tiny Archers,GAME,4.5,80678.0,5000000.0,,Free,0.0,Mature 17+
Tiny Call Confirm,COMMUNICATION,4.1,22782.0,1000000.0,0.3427734375,Free,0.0,Everyone
Tiny Defense,FAMILY,4.1,29387.0,1000000.0,16.0,Free,0.0,Everyone
Tiny Flashlight + LED,TOOLS,4.4,4254879.0,100000000.0,,Free,0.0,Everyone
Tiny Scanner - PDF Scanner App,BUSINESS,4.7,286897.0,10000000.0,39.0,Free,0.0,Everyone
Tiny Scanner Pro: PDF Doc Scan,BUSINESS,4.8,10295.0,100000.0,39.0,Paid,4.99,Everyone
Titanic App - Feminist Dating Application,DATING,4.5,120.0,500.0,10.0,Free,0.0,Mature 17+
To,MEDICAL,4.2,22.0,10000.0,15.0,Free,0.0,Everyone
To Do List,PRODUCTIVITY,4.7,253155.0,5000000.0,3.5,Free,0.0,Everyone
To Do Reminder with Alarm,PRODUCTIVITY,4.4,72161.0,1000000.0,4.9,Free,0.0,Everyone
To-Do Calendar Planner,PRODUCTIVITY,4.2,30291.0,1000000.0,,Free,0.0,Everyone
To-Do List Widget,PRODUCTIVITY,3.9,7801.0,1000000.0,0.1962890625,Free,0.0,Everyone
To-U - free EV public charging,TRAVEL_AND_LOCAL,4.4,75.0,1000.0,19.0,Free,0.0,Everyone
To-do list,PRODUCTIVITY,4.4,688.0,50000.0,4.4,Free,0.0,Everyone
Toca Builders,FAMILY,4.2,3328.0,100000.0,,Paid,3.99,Everyone
Toca Kitchen 2,FAMILY,4.5,1014846.0,50000000.0,56.0,Free,0.0,Everyone
Toca Life: City,FAMILY,4.7,31100.0,500000.0,24.0,Paid,3.99,Everyone
Toca Life: Hospital,EDUCATION,4.7,3528.0,100000.0,24.0,Paid,3.99,Everyone
Toca Mystery House,FAMILY,4.2,96.0,5000.0,79.0,Paid,3.99,Everyone
Today Calendar 2017,PRODUCTIVITY,4.2,16349.0,1000000.0,9.0,Free,0.0,Everyone
Toddler Kids Puzzles PUZZINGO,FAMILY,4.6,14014.0,1000000.0,60.0,Free,0.0,Everyone
Toddler Learning Games - Little Kids Games,FAMILY,4.2,731.0,100000.0,,Free,0.0,Everyone
Todoist: To-do lists for task management & errands,PRODUCTIVITY,4.5,155999.0,10000000.0,12.0,Free,0.0,Everyone
Toilet Ek Prem Katha Songs Lyrics in Hindi,FAMILY,4.7,3.0,1000.0,2.0,Free,0.0,Everyone
Tokyo Ghoul: Dark War,GAME,4.3,25094.0,1000000.0,82.0,Free,0.0,Teen
Tom Loves Angela,FAMILY,4.1,1111915.0,100000000.0,50.0,Free,0.0,Everyone
Tom's Love Letters,FAMILY,4.1,705805.0,50000000.0,35.0,Free,0.0,Everyone
TomTom GPS Navigation Traffic,MAPS_AND_NAVIGATION,4.1,132792.0,10000000.0,62.0,Free,0.0,Everyone
Tomb of the Mask,GAME,4.1,55380.0,5000000.0,39.0,Free,0.0,Everyone
Tomo A.i. Pet Chat Bot,FAMILY,3.3,40.0,1000.0,3.6,Free,0.0,Everyone
Tools & Mi Band,HEALTH_AND_FITNESS,4.4,15753.0,100000.0,13.0,Paid,3.49,Everyone
Toon Blast,GAME,4.7,1351771.0,10000000.0,,Free,0.0,Everyone
Top Eleven 2018 - Be a Soccer Manager,SPORTS,4.4,3451011.0,50000000.0,,Free,0.0,Everyone
Top Mercato: football news,SPORTS,4.3,16016.0,1000000.0,6.9,Free,0.0,Everyone
Top Popular Ringtones 2018 Free 🔥,LIBRARIES_AND_DEMO,4.4,7396.0,500000.0,22.0,Free,0.0,Everyone
Top Soccer Manager,SPORTS,4.4,199739.0,10000000.0,66.0,Free,0.0,Everyone
"Topbuzz: Breaking News, Videos & Funny GIFs",NEWS_AND_MAGAZINES,4.7,175110.0,10000000.0,25.0,Free,0.0,Mature 17+
Tophatter - 90 Second Auctions,SHOPPING,4.3,105773.0,10000000.0,,Free,0.0,Everyone
Toronto FC,SPORTS,3.4,144.0,10000.0,79.0,Free,0.0,Teen
TorrDroid - Torrent Downloader,TOOLS,4.7,59632.0,1000000.0,10.0,Free,0.0,Everyone
Total AV,PRODUCTIVITY,3.4,617.0,100000.0,46.0,Free,0.0,Everyone
Touch Racing 2 - Mini RC Race,FAMILY,4.1,41867.0,1000000.0,78.0,Free,0.0,Everyone
TouchNote: Cards & Gifts,PHOTOGRAPHY,4.1,19232.0,1000000.0,28.0,Free,0.0,Everyone
TouchPal Keyboard - Fun Emoji & Android Keyboard,COMMUNICATION,4.4,615381.0,10000000.0,37.0,Free,0.0,Mature 17+
TouchPal Keyboard for vivo,TOOLS,4.3,357.0,1000000.0,58.0,Free,0.0,Everyone
TouchPal Purple Butterfly Theme,PERSONALIZATION,4.2,7435.0,1000000.0,6.9,Free,0.0,Everyone
Toughest Game Ever 2,GAME,4.6,293086.0,5000000.0,,Free,0.0,Everyone
Tour BD (Bahir Dar Map),MAPS_AND_NAVIGATION,4.9,49.0,100.0,3.9,Free,0.0,Everyone
"Town of Princeton, BC",PRODUCTIVITY,4.8,4.0,100.0,31.0,Free,0.0,Everyone
TownWiFi | Wi-Fi Everywhere,COMMUNICATION,3.9,2372.0,500000.0,58.0,Free,0.0,Everyone
Township,FAMILY,4.6,4451317.0,50000000.0,,Free,0.0,Everyone
Toy Attack,GAME,4.2,3878.0,500000.0,69.0,Free,0.0,Everyone
Toy Battle Z,FAMILY,4.1,133.0,10000.0,48.0,Free,0.0,Everyone
Toy Blast,GAME,4.7,1889582.0,50000000.0,,Free,0.0,Everyone
Toy Guitar with songs for kids,FAMILY,4.3,1369.0,500000.0,9.8,Free,0.0,Everyone
Toy Pop Cubes,FAMILY,4.5,5761.0,1000000.0,21.0,Free,0.0,Everyone
Toy Truck Rally 3D,GAME,4.0,301895.0,50000000.0,25.0,Free,0.0,Everyone
Toyota Cruisers & Trucks Mag,TRAVEL_AND_LOCAL,4.5,10.0,500.0,8.0,Free,0.0,Everyone
Toys Defense: Horror Land,FAMILY,3.8,168.0,10000.0,24.0,Free,0.0,Everyone
Tozer Devotional -Series 1,BOOKS_AND_REFERENCE,5.0,5.0,1000.0,4.3,Free,0.0,Everyone
TracFone My Account,COMMUNICATION,3.6,20769.0,1000000.0,18.0,Free,0.0,Everyone
Tracks,HEALTH_AND_FITNESS,4.6,623.0,50000.0,40.0,Free,0.0,Everyone 10+
"Trading 212 - Forex, Stocks, CFDs",FINANCE,4.3,37580.0,5000000.0,,Free,0.0,Everyone
Traffic Info and Traffic Alert,MAPS_AND_NAVIGATION,3.6,695.0,100000.0,2.9,Free,0.0,Everyone
Traffic Racer,GAME,4.5,5387781.0,100000000.0,53.0,Free,0.0,Everyone
Traffic Sniper Counter Attack,GAME,4.3,5339.0,1000000.0,38.0,Free,0.0,Teen
Traffic signs BD,COMMUNICATION,4.4,7.0,500.0,5.3,Free,0.0,Everyone
Trailer Addict Movie Trailers,ENTERTAINMENT,3.9,2646.0,100000.0,9.1,Free,0.0,Teen
Train Racing Games 3D 2 Player,GAME,4.3,192374.0,10000000.0,56.0,Free,0.0,Everyone
Train Sim Pro,FAMILY,4.0,1763.0,10000.0,,Paid,1.49,Everyone
Train driving simulator,FAMILY,3.8,91645.0,10000000.0,36.0,Free,0.0,Teen
Training schedule - AllUniver,EDUCATION,4.1,702.0,10000.0,7.6,Free,0.0,Everyone
Trane Interactive Smart AC,TOOLS,2.8,48.0,10000.0,3.3,Free,0.0,Everyone
Transenger – Ts Dating and Chat for Free,DATING,3.6,8.0,1000.0,14.0,Free,0.0,Mature 17+
Transfer,FINANCE,4.1,31804.0,5000000.0,9.8,Free,0.0,Everyone
Transformers Rescue Bots: Disaster Dash,FAMILY,4.4,19245.0,1000000.0,25.0,Free,0.0,Everyone
Transformers Rescue Bots: Hero Adventures,FAMILY,4.2,41273.0,5000000.0,16.0,Free,0.0,Everyone
Transit: Real-Time Transit App,MAPS_AND_NAVIGATION,4.2,43269.0,5000000.0,,Free,0.0,Everyone
Translate: text & voice translator,TOOLS,4.3,122010.0,5000000.0,7.3,Free,0.0,Everyone
Transport DK,MAPS_AND_NAVIGATION,4.1,204.0,10000.0,11.0,Free,0.0,Everyone
Traps n' Gemstones,GAME,4.5,413.0,1000.0,9.1,Paid,4.99,Everyone
TravelPirates,TRAVEL_AND_LOCAL,4.8,43054.0,1000000.0,,Free,0.0,Everyone
Travelmoji,FAMILY,3.9,13.0,500.0,10.0,Free,0.0,Everyone
Travis CU,FINANCE,2.0,207.0,10000.0,2.9,Free,0.0,Everyone
Trazado de tuberia El Tubero,TOOLS,4.5,313.0,10000.0,4.4,Paid,1.97,Everyone
Treadmill Workouts Free (P),HEALTH_AND_FITNESS,3.3,10.0,1000.0,3.3,Free,0.0,Everyone
Treasure Defense,FAMILY,4.1,3527.0,100000.0,35.0,Free,0.0,Teen
Treasure Hunt Hidden Objects Adventure Game,FAMILY,4.3,1231.0,100000.0,,Free,0.0,Everyone
Trell: An app for Explorers | Best Wanderlust App,LIFESTYLE,4.6,8004.0,100000.0,34.0,Free,0.0,Teen
Trello,PRODUCTIVITY,4.5,72513.0,5000000.0,12.0,Free,0.0,Everyone
Tribeca Shortlist - Handpicked Movies,ENTERTAINMENT,3.9,801.0,100000.0,57.0,Free,0.0,Teen
Triceratops - Dino Robot,FAMILY,4.4,3032.0,1000000.0,30.0,Free,0.0,Everyone
Tricky Bike Stunt Rider DX,FAMILY,4.4,16.0,500.0,45.0,Free,0.0,Everyone
Trimble Ag Mobile,PRODUCTIVITY,4.1,85.0,10000.0,44.0,Free,0.0,Everyone
Trimble DL,PRODUCTIVITY,4.2,133.0,10000.0,7.9,Free,0.0,Everyone
Trine 2: Complete Story,GAME,3.8,252.0,10000.0,11.0,Paid,16.99,Teen
"Trinity Church Deltona, FL",LIFESTYLE,5.0,33.0,500.0,28.0,Free,0.0,Everyone
Trinomial Factoring Wizard,TOOLS,4.0,22.0,1000.0,0.080078125,Paid,0.99,Everyone
Trip by Skyscanner - City & Travel Guide,TRAVEL_AND_LOCAL,4.1,5150.0,500000.0,,Free,0.0,Everyone
TripAdvisor Hotels Flights Restaurants Attractions,TRAVEL_AND_LOCAL,4.4,1162838.0,100000000.0,,Free,0.0,Everyone
TripIt: Travel Organizer,TRAVEL_AND_LOCAL,4.4,49190.0,1000000.0,25.0,Free,0.0,Everyone
Trivia Crack,GAME,4.5,6427773.0,100000000.0,95.0,Free,0.0,Everyone
Tropical Beach Live Wallpaper,PERSONALIZATION,4.0,11343.0,1000000.0,8.4,Free,0.0,Everyone
Tropical Financial CU,FINANCE,4.6,1231.0,10000.0,14.0,Free,0.0,Everyone
Trovami se ci riesci,GAME,5.0,11.0,10.0,6.1,Free,0.0,Everyone
"Truck Car Navi by Navitime Large size car, traffic jam, traffic closure, live camera, typhoon / precipitation map",MAPS_AND_NAVIGATION,4.2,3682.0,100000.0,,Free,0.0,Everyone
Truck Chat & CB for Truckers,MAPS_AND_NAVIGATION,2.7,89.0,10000.0,2.3,Free,0.0,Mature 17+
Truck Driver Cargo,GAME,4.1,257531.0,10000000.0,44.0,Free,0.0,Everyone 10+
Truck Driving Test Class 3 BC,FAMILY,1.0,1.0,50.0,2.0,Paid,1.49,Everyone
Truck Simulator DT 3D,FAMILY,3.8,110.0,5000.0,22.0,Free,0.0,Everyone
Truck Transport Raw Material,FAMILY,4.2,632.0,100000.0,50.0,Free,0.0,Everyone
Trucker Path – Truck Stops & Weigh Stations,MAPS_AND_NAVIGATION,4.7,38375.0,1000000.0,49.0,Free,0.0,Everyone
True Contact - Real Caller ID,COMMUNICATION,4.1,32283.0,1000000.0,,Free,0.0,Everyone
True Skate,SPORTS,4.4,129409.0,1000000.0,73.0,Paid,1.99,Everyone
True Skateboarding Ride Skateboard Game Freestyle,GAME,3.8,8175.0,1000000.0,31.0,Free,0.0,Everyone 10+
TrueMoney Wallet,FINANCE,4.4,199684.0,5000000.0,18.0,Free,0.0,Everyone
"Truecaller: Caller ID, SMS spam blocking & Dialer",COMMUNICATION,4.5,7820775.0,100000000.0,,Free,0.0,Everyone
Trulia Mortgage Calculators,HOUSE_AND_HOME,4.1,81.0,50000.0,16.0,Free,0.0,Everyone
Trulia Real Estate & Rentals,HOUSE_AND_HOME,4.5,175293.0,10000000.0,,Free,0.0,Everyone
Trulia Rent Apartments & Homes,HOUSE_AND_HOME,4.4,71421.0,5000000.0,,Free,0.0,Everyone
Truyện Vui Tý Quậy,COMICS,4.5,144.0,10000.0,4.7,Free,0.0,Everyone
"TryDate - Free Online Dating App, Chat Meet Adults",DATING,4.4,7888.0,500000.0,15.0,Free,0.0,Mature 17+
Tsuro - The Game of the Path,FAMILY,4.7,2195.0,10000.0,37.0,Paid,2.99,Everyone
Tuberculose Dz,MEDICAL,4.9,26.0,1000.0,6.1,Free,0.0,Everyone
Tubi TV - Free Movies & TV,ENTERTAINMENT,4.3,296829.0,10000000.0,11.0,Free,0.0,Teen
Tumblr,SOCIAL,4.4,2955326.0,100000000.0,,Free,0.0,Mature 17+
Tuner - gStrings Free,TOOLS,4.5,214265.0,10000000.0,,Free,0.0,Everyone
Tunisian Dinar: Exchange rate,FINANCE,4.5,625.0,10000.0,3.8,Free,0.0,Everyone
Tunnel Town,FAMILY,4.4,74744.0,1000000.0,60.0,Free,0.0,Everyone
TunnelBear VPN,TOOLS,4.4,139480.0,5000000.0,,Free,0.0,Everyone
Turbo AI™ - Personal assistant,PRODUCTIVITY,2.6,91.0,5000.0,2.8,Free,0.0,Everyone
Turbo Download Manager (and Browser),TOOLS,4.0,32879.0,5000000.0,3.2,Free,0.0,Everyone
Turbo Downloader,TOOLS,3.9,23348.0,5000000.0,3.2,Free,0.0,Everyone
Turbo FAST,FAMILY,4.3,1329192.0,50000000.0,97.0,Free,0.0,Everyone
TurboScan: scan documents and receipts in PDF,BUSINESS,4.7,11442.0,100000.0,6.8,Paid,4.99,Everyone
Turo - Better Than Car Rental,TRAVEL_AND_LOCAL,4.4,14114.0,1000000.0,46.0,Free,0.0,Everyone
"Twice: Buy, Sell Clothing",SHOPPING,4.2,1558.0,100000.0,21.0,Free,0.0,Everyone
Twilight: Blue light filter,HEALTH_AND_FITNESS,4.6,318134.0,5000000.0,,Free,0.0,Everyone
TwitCasting Live,SOCIAL,3.6,14835.0,1000000.0,,Free,0.0,Teen
Twitch: Livestream Multiplayer Games & Esports,ENTERTAINMENT,4.6,2133296.0,50000000.0,,Free,0.0,Teen
Twitter,NEWS_AND_MAGAZINES,4.3,11667403.0,500000000.0,,Free,0.0,Mature 17+
Two Nights at jumpscare,GAME,3.8,596.0,100000.0,91.0,Free,0.0,Teen
Type S LED,LIFESTYLE,3.5,628.0,100000.0,,Free,0.0,Everyone
Typical EA Game,FAMILY,4.6,33.0,100.0,3.3,Free,0.0,Everyone
U + professional baseball,SPORTS,4.3,2486.0,500000.0,18.0,Free,0.0,Everyone
"U - Webinars, Meetings & Messenger",COMMUNICATION,4.1,6601.0,500000.0,31.0,Free,0.0,Everyone
U Assist - Screen Mirroring & Sharing App,PRODUCTIVITY,4.0,198.0,50000.0,3.5,Free,0.0,Everyone
U Camera : Phone 6s OS 9 style,PHOTOGRAPHY,4.2,2158.0,500000.0,3.0,Free,0.0,Everyone
U Guard,TOOLS,3.0,245.0,10000.0,3.5,Free,0.0,Everyone
U LIVE – Video Chat & Stream,SOCIAL,4.5,67611.0,1000000.0,21.0,Free,0.0,Mature 17+
"U Launcher Lite – FREE Live Cool Themes, Hide Apps",ART_AND_DESIGN,4.7,87510.0,5000000.0,8.7,Free,0.0,Everyone
U Pull It Auto Dismantler,BUSINESS,3.1,71.0,10000.0,1.9,Free,0.0,Everyone
U by BB&T,FINANCE,4.3,16600.0,1000000.0,24.0,Free,0.0,Everyone
U get - Wireless Speed Test,TOOLS,4.2,26.0,5000.0,2.2,Free,0.0,Everyone
U of I Community Credit Union,FINANCE,3.7,52.0,5000.0,13.0,Free,0.0,Everyone
U+Box,PRODUCTIVITY,3.8,24517.0,10000000.0,22.0,Free,0.0,Everyone
U-48 Submarine Commander Free,GAME,3.5,4575.0,500000.0,3.8,Free,0.0,Everyone
U-Craft Mobile,FAMILY,4.2,11404.0,100000.0,30.0,Free,0.0,Everyone
U-Dictionary: Best English Learning Dictionary,FAMILY,4.5,166886.0,10000000.0,21.0,Free,0.0,Everyone 10+
U-Disco,FAMILY,3.6,906.0,100000.0,0.19140625,Free,0.0,Everyone
U-Haul,TRAVEL_AND_LOCAL,3.2,852.0,100000.0,37.0,Free,0.0,Everyone
U-Report,SOCIAL,4.3,241.0,10000.0,7.5,Free,0.0,Teen
U-Scan,TOOLS,3.4,784.0,50000.0,42.0,Free,0.0,Everyone
U.S. Bank,FINANCE,4.1,70782.0,1000000.0,50.0,Free,0.0,Everyone
U.S.A DV Lottery Process,FAMILY,4.5,8.0,1000.0,1.7,Free,0.0,Everyone
UBA Mobile Banking,FINANCE,4.3,12185.0,1000000.0,,Free,0.0,Everyone
UC Browser - Fast Download Private & Secure,COMMUNICATION,4.5,17714850.0,500000000.0,40.0,Free,0.0,Teen
UC Browser Mini -Tiny Fast Private & Secure,COMMUNICATION,4.4,3648765.0,100000000.0,3.3,Free,0.0,Teen
UFC,SPORTS,4.0,30840.0,1000000.0,,Free,0.0,Teen
UK Girls Mobile Numbers,DATING,3.0,1.0,500.0,5.5,Free,0.0,Mature 17+
UM BP Track,MEDICAL,2.0,1.0,50.0,29.0,Free,0.0,Everyone
UNICORN - Color By Number & Pixel Art Coloring,FAMILY,4.7,8264.0,500000.0,24.0,Free,0.0,Everyone
UNO ™ & Friends,GAME,4.1,1728557.0,50000000.0,,Free,0.0,Everyone
UP EB Bill Payment & Details,SOCIAL,5.0,3.0,50.0,2.4,Free,0.0,Teen
UPS Mobile,BUSINESS,3.9,23243.0,5000000.0,,Free,0.0,Everyone
US Army Training Courses Game,FAMILY,4.1,27130.0,5000000.0,35.0,Free,0.0,Everyone
US DV Lottery 2019,TRAVEL_AND_LOCAL,4.6,14.0,1000.0,4.0,Free,0.0,Everyone
US DV Lottery 2020 Apply,TRAVEL_AND_LOCAL,4.6,41.0,10000.0,2.0,Free,0.0,Everyone
US Mission - buy gourmet movie KTV,LIFESTYLE,3.8,6554.0,500000.0,76.0,Free,0.0,Teen
US Open Tennis Championships 2018,SPORTS,4.0,9971.0,1000000.0,33.0,Free,0.0,Everyone
US Stock Market,FINANCE,4.4,1922.0,100000.0,4.2,Free,0.0,Everyone
"USA Singles Meet, Match and Date Free - Date",DATING,4.2,5084.0,100000.0,9.6,Free,0.0,Mature 17+
USA TODAY,NEWS_AND_MAGAZINES,4.1,49259.0,5000000.0,,Free,0.0,Everyone 10+
USAA Mobile,FINANCE,4.5,100997.0,5000000.0,33.0,Free,0.0,Everyone
USE Credit Union Mobile,FINANCE,4.6,964.0,10000.0,14.0,Free,0.0,Everyone
USMLE Step 2 CK Cards Lite,FAMILY,4.0,28.0,5000.0,1.5,Free,0.0,Everyone
USMLE Step 2 CK Flashcards,FAMILY,5.0,1.0,10.0,40.0,Paid,19.99,Everyone
USPS MOBILE®,BUSINESS,3.9,16589.0,1000000.0,9.1,Free,0.0,Everyone
Uber,MAPS_AND_NAVIGATION,4.2,4928420.0,100000000.0,,Free,0.0,Everyone
Uber Driver,BUSINESS,4.4,1254730.0,10000000.0,,Free,0.0,Everyone
Uber Eats: Local Food Delivery,FOOD_AND_DRINK,4.2,333208.0,10000000.0,34.0,Free,0.0,Everyone
Udacity - Lifelong Learning,EDUCATION,4.3,22384.0,1000000.0,17.0,Free,0.0,Everyone
Udemy - Online Courses,EDUCATION,4.5,99020.0,1000000.0,18.0,Free,0.0,Everyone
Ulta Beauty,BEAUTY,4.7,42050.0,1000000.0,,Free,0.0,Everyone
Ultimate Ab & Core Workouts,HEALTH_AND_FITNESS,4.7,55571.0,1000000.0,12.0,Free,0.0,Everyone
Ultimate Background Eraser,PHOTOGRAPHY,4.3,14453.0,1000000.0,21.0,Free,0.0,Everyone
Ultimate BlackJack 3D FREE,GAME,4.1,1686.0,100000.0,4.6,Free,0.0,Teen
Ultimate Calculator for CR,PRODUCTIVITY,3.7,7389.0,500000.0,41.0,Free,0.0,Everyone
Ultimate Chest Tracker,PRODUCTIVITY,4.5,40328.0,1000000.0,23.0,Free,0.0,Everyone
Ultimate Clash Royale Tracker,FAMILY,4.7,92010.0,1000000.0,5.9,Free,0.0,Everyone
Ultimate Control BT,BUSINESS,4.6,14.0,500.0,4.3,Free,0.0,Everyone
Ultimate DC Challenge,GAME,4.5,937.0,10000.0,35.0,Free,0.0,Everyone
Ultimate F1 Racing Championship,AUTO_AND_VEHICLES,3.8,284.0,100000.0,57.0,Free,0.0,Everyone
Ultimate Fighter Z,GAME,4.3,180.0,5000.0,24.0,Free,0.0,Everyone
Ultimate Notepad,PRODUCTIVITY,4.0,10643.0,5000000.0,,Free,0.0,Everyone
"Ultimate Public Campgrounds (Over 37,100 in US&CA)",TRAVEL_AND_LOCAL,4.7,213.0,5000.0,6.1,Paid,3.99,Everyone
Ultimate Quiz for CS:GO - Skins | Cases | Players,GAME,4.5,2526.0,100000.0,22.0,Free,0.0,Everyone
Ultimate Tennis,SPORTS,4.3,183004.0,10000000.0,100.0,Free,0.0,Everyone
Ultimate Watch 2 watch face,PERSONALIZATION,4.6,285.0,10000.0,,Paid,0.99,Everyone
Ultra CE calculator,SPORTS,4.2,28.0,1000.0,7.3,Free,0.0,Everyone
Ultrasound A-Z,FAMILY,4.5,112.0,10000.0,39.0,Free,0.0,Everyone
Ulysse Speedometer,AUTO_AND_VEHICLES,4.3,40211.0,5000000.0,,Free,0.0,Everyone
Ulysse Speedometer Pro,AUTO_AND_VEHICLES,4.6,4140.0,50000.0,,Paid,1.99,Everyone
Unclouded - Cloud Manager,PRODUCTIVITY,4.1,6850.0,100000.0,11.0,Free,0.0,Everyone
Undead Assault,GAME,4.3,4704.0,100000.0,37.0,Free,0.0,Everyone 10+
Underdog FC,SPORTS,4.6,216.0,10000.0,40.0,Free,0.0,Everyone
Undertale AU Amino,SOCIAL,4.8,5369.0,50000.0,63.0,Free,0.0,Teen
UniFi,TOOLS,4.7,11018.0,500000.0,25.0,Free,0.0,Everyone
Unicorn Photo,PHOTOGRAPHY,3.7,3362.0,1000000.0,,Free,0.0,Everyone
Unicorn Pokez - Color By Number,COMICS,4.8,516.0,50000.0,12.0,Free,0.0,Everyone
Union League,FAMILY,4.0,939.0,10000.0,38.0,Free,0.0,Everyone
Unit Converter,TOOLS,4.5,85387.0,1000000.0,5.4,Free,0.0,Everyone
Unit Converter Pro,TOOLS,4.5,12718.0,1000000.0,,Free,0.0,Everyone
United Airlines,TRAVEL_AND_LOCAL,3.5,30447.0,5000000.0,80.0,Free,0.0,Everyone
Unity CF,LIFESTYLE,5.0,5.0,100.0,8.3,Free,0.0,Everyone
Universal AC Remote Control,TOOLS,3.8,40934.0,1000000.0,5.2,Free,0.0,Everyone
Universal AC Remote Control Simulator,FAMILY,3.0,119.0,50000.0,3.9,Free,0.0,Everyone
Universal Kids,ENTERTAINMENT,3.6,1968.0,500000.0,21.0,Free,0.0,Everyone
University of Alabama,FAMILY,4.5,302.0,50000.0,3.0,Free,0.0,Everyone
University of Florida,FAMILY,4.0,168.0,10000.0,7.6,Free,0.0,Everyone
"Univision Deportes: Liga MX, MLS, Fútbol En Vivo",SPORTS,4.2,75566.0,5000000.0,,Free,0.0,Everyone
"Univision Deportes: Liga MX, MLS, Fútbol Live",SPORTS,4.2,75545.0,5000000.0,,Free,0.0,Everyone
Univision NOW - Live TV and On Demand,ENTERTAINMENT,4.0,22998.0,1000000.0,,Free,0.0,Teen
"Unlimited Group Links - Whatsapp, FB, Telegram",SOCIAL,3.4,44.0,10000.0,2.8,Free,0.0,Mature 17+
Unseen - No Last Seen,TOOLS,4.4,103909.0,5000000.0,9.2,Free,0.0,Everyone
Unstoppaball DX,FAMILY,4.2,5.0,50.0,40.0,Paid,1.49,Everyone
Updates for Samsung - Android Update Versions,NEWS_AND_MAGAZINES,4.0,80368.0,10000000.0,,Free,0.0,Everyone
Upgrade for Android DU Master,TOOLS,3.6,12993.0,1000000.0,5.2,Free,0.0,Everyone
Upohar BD,BUSINESS,3.4,9.0,1000.0,1.7,Free,0.0,Everyone
Urban Car Simulator,FAMILY,4.2,23292.0,1000000.0,20.0,Free,0.0,Everyone
Urban Limo Taxi Simulator,PARENTING,3.8,824.0,1000000.0,53.0,Free,0.0,Everyone
Urban Outfitters,SHOPPING,4.2,4158.0,500000.0,23.0,Free,0.0,Teen
Urbanspoon Restaurant Reviews,TRAVEL_AND_LOCAL,4.2,35560.0,5000000.0,13.0,Free,0.0,Everyone
Used Cars Mexico,AUTO_AND_VEHICLES,4.0,190.0,50000.0,2.5,Free,0.0,Everyone
Used Cars and Trucks for Sale,AUTO_AND_VEHICLES,4.6,17057.0,1000000.0,,Free,0.0,Everyone
"Used car is the first car - used car purchase, used car quotation, dealer information to",AUTO_AND_VEHICLES,4.6,5097.0,1000000.0,19.0,Free,0.0,Everyone
Used car search Goo net whole car Go to net,AUTO_AND_VEHICLES,3.7,5414.0,1000000.0,18.0,Free,0.0,Everyone
Used cars for sale - Trovit,AUTO_AND_VEHICLES,4.2,52530.0,5000000.0,7.0,Free,0.0,Everyone
Ustream,VIDEO_PLAYERS,4.0,93638.0,10000000.0,7.3,Free,0.0,Mature 17+
V BTS Wallpaper,PERSONALIZATION,4.7,127.0,5000.0,9.5,Free,0.0,Everyone
V Bucks ProTips New,SOCIAL,4.7,594.0,1000.0,3.6,Free,0.0,Everyone
V LIVE - Star Live App,FAMILY,4.4,397147.0,10000000.0,,Free,0.0,Teen
V Made,BOOKS_AND_REFERENCE,4.3,241.0,100000.0,20.0,Free,0.0,Everyone
V for Vampire - Free,FAMILY,4.3,2772.0,500000.0,35.0,Free,0.0,Teen
V for Voodoo,GAME,4.2,16876.0,1000000.0,59.0,Free,0.0,Teen
V-CUBE Seminar Mobile,BUSINESS,4.3,542.0,100000.0,30.0,Free,0.0,Everyone
V.360° Camera,PHOTOGRAPHY,3.3,582.0,100000.0,28.0,Free,0.0,Everyone
V380s,LIBRARIES_AND_DEMO,3.2,1919.0,500000.0,8.1,Free,0.0,Everyone
VAT Checker for EU company,BUSINESS,4.7,78.0,1000.0,,Free,0.0,Everyone
VCalendar - VenkatRama and Co,LIFESTYLE,4.3,87.0,10000.0,3.9,Free,0.0,Everyone
VH1,ENTERTAINMENT,4.1,27424.0,1000000.0,17.0,Free,0.0,Teen
VIP Backgammon Free : Play Backgammon Online,GAME,4.1,389.0,10000.0,,Free,0.0,Teen
VITAS Hospice Referral App for Healthcare Pros,MEDICAL,4.4,27.0,5000.0,15.0,Free,0.0,Everyone
VITEK EH DVR Viewer (Pro),TOOLS,3.5,78.0,10000.0,3.3,Free,0.0,Everyone
VIVA BH,TOOLS,4.0,2055.0,100000.0,2.6,Free,0.0,Everyone
VK,SOCIAL,3.8,5793284.0,100000000.0,,Free,0.0,Mature 17+
VLC for Android,VIDEO_PLAYERS,4.4,1032076.0,100000000.0,,Free,0.0,Everyone
VMAX IP Plus Mobile Client,BUSINESS,2.0,9.0,1000.0,3.4,Free,0.0,Everyone
VMate,VIDEO_PLAYERS,4.2,192677.0,50000000.0,17.0,Free,0.0,Teen
VMate Lite - Funny Short Videos Social Network,SOCIAL,4.3,903.0,1000000.0,4.6,Free,0.0,Teen
VOLT DROP CALCULATOR BS 7671,TOOLS,3.9,71.0,10000.0,1.1,Free,0.0,Everyone
"VPN - Fast, Secure & Unlimited WiFi with VyprVPN",TOOLS,4.2,40676.0,1000000.0,25.0,Free,0.0,Everyone
VPN Free - Betternet Hotspot VPN & Private Browser,TOOLS,4.5,801054.0,10000000.0,8.9,Free,0.0,Everyone
VPlayer,VIDEO_PLAYERS,3.6,5639.0,1000000.0,,Free,0.0,Everyone
VR AG Racing for Cardboard,GAME,3.4,13.0,1000.0,27.0,Free,0.0,Everyone
"VRV: Anime, game videos & more",ENTERTAINMENT,3.9,15254.0,1000000.0,,Free,0.0,Teen
VSCO,PHOTOGRAPHY,4.4,753115.0,50000000.0,,Free,0.0,Everyone
VTB-Online,FINANCE,4.1,138371.0,5000000.0,,Free,0.0,Everyone
VUE: video editor & camcorder,VIDEO_PLAYERS,4.4,38630.0,1000000.0,89.0,Free,0.0,Everyone
VZ Navigator,TRAVEL_AND_LOCAL,4.0,16101.0,50000000.0,,Free,0.0,Everyone
VZ Navigator for Galaxy S4,TRAVEL_AND_LOCAL,3.0,2750.0,5000000.0,39.0,Free,0.0,Everyone
VZ Navigator for Tablets,TRAVEL_AND_LOCAL,3.6,285.0,500000.0,39.0,Free,0.0,Everyone
Valentines love color by number-Pixel art coloring,FAMILY,4.4,767.0,100000.0,18.0,Free,0.0,Everyone
Van Nien 2018 - Lich Van su & Lich Am,LIFESTYLE,4.4,3829.0,1000000.0,23.0,Free,0.0,Everyone
Vaniday - Beauty Booking App,LIFESTYLE,3.6,1067.0,100000.0,,Free,0.0,Everyone
Vargo Anesthesia Mega App,MEDICAL,4.6,92.0,1000.0,32.0,Paid,79.99,Everyone
"Vault-Hide SMS,Pics & Videos,App Lock,Cloud backup",BUSINESS,4.5,984451.0,50000000.0,,Free,0.0,Everyone
Vector,GAME,4.4,3058687.0,100000000.0,89.0,Free,0.0,Everyone 10+
Vegas Crime Simulator,FAMILY,4.2,721646.0,50000000.0,99.0,Free,0.0,Teen
Vegetable Fun,PARENTING,3.9,3182.0,1000000.0,46.0,Free,0.0,Everyone
Vehicle Case Checker BD,TOOLS,3.7,29.0,10000.0,3.3,Free,0.0,Everyone
VeinSeek,MEDICAL,2.5,79.0,1000.0,,Paid,3.99,Everyone
Verdad o Reto,SOCIAL,3.8,826.0,500000.0,5.1,Free,0.0,Teen
Verify - Receipts & Expenses,BUSINESS,4.5,413.0,10000.0,29.0,Free,0.0,Everyone
Verizon Cloud,PRODUCTIVITY,4.3,185632.0,50000000.0,,Free,0.0,Everyone
VetCode,MEDICAL,4.9,28.0,5000.0,5.7,Free,0.0,Everyone
Vi Trainer,HEALTH_AND_FITNESS,3.6,124.0,5000.0,100.0,Free,0.0,Everyone
Viber Messenger,COMMUNICATION,4.3,11335481.0,500000000.0,,Free,0.0,Everyone
Victoria EC,TOOLS,5.0,5.0,500.0,3.8,Free,0.0,Everyone
"Victoria, BC | Tour City",TRAVEL_AND_LOCAL,4.3,20.0,1000.0,15.0,Free,0.0,Everyone
VictronConnect,TOOLS,3.8,400.0,50000.0,,Free,0.0,Everyone
VidPlay,VIDEO_PLAYERS,4.2,3546.0,1000000.0,3.7,Free,0.0,Everyone
VidStatus app - Status Videos & Status Downloader,SOCIAL,4.5,25562.0,5000000.0,31.0,Free,0.0,Teen
Video Caller Id,COMMUNICATION,4.2,15287.0,1000000.0,17.0,Free,0.0,Everyone
Video Download For FB,TOOLS,4.3,444.0,100000.0,1.6,Free,0.0,Everyone
Video Downloader,VIDEO_PLAYERS,4.2,59089.0,10000000.0,5.4,Free,0.0,Everyone
Video Downloader - for Instagram Repost App,VIDEO_PLAYERS,4.8,332623.0,10000000.0,4.6,Free,0.0,Everyone
Video Downloader For FB: Save FB Videos 2018,TOOLS,4.3,434.0,50000.0,3.6,Free,0.0,Everyone
Video Downloader for FB,TOOLS,4.3,53.0,5000.0,3.0,Free,0.0,Everyone
Video Downloader for FB : Video Download with Link,VIDEO_PLAYERS,4.5,1060.0,100000.0,3.2,Free,0.0,Everyone
Video Downloader for Facebook,TOOLS,4.6,894435.0,50000000.0,3.1,Free,0.0,Teen
Video Editor,VIDEO_PLAYERS,4.1,159622.0,5000000.0,23.0,Free,0.0,Everyone
"Video Editor Music,Cut,No Crop",PHOTOGRAPHY,4.7,2163282.0,50000000.0,,Free,0.0,Everyone
"Video Editor,Crop Video,Movie Video,Music,Effects",VIDEO_PLAYERS,4.7,53006.0,1000000.0,44.0,Free,0.0,Everyone
Video Maker with Photo and Music,PHOTOGRAPHY,4.3,4871.0,1000000.0,30.0,Free,0.0,Everyone
Video Player All Format,VIDEO_PLAYERS,4.8,259003.0,10000000.0,,Free,0.0,Everyone
Video Player All Format for Android,VIDEO_PLAYERS,4.6,3930.0,500000.0,3.3,Free,0.0,Everyone
Video Status,VIDEO_PLAYERS,4.3,6685.0,1000000.0,4.0,Free,0.0,Everyone
Video.Guru - Video Maker,VIDEO_PLAYERS,4.6,36969.0,1000000.0,27.0,Free,0.0,Everyone
"VideoShow-Video Editor, Video Maker, Beauty Camera",VIDEO_PLAYERS,4.6,4016834.0,100000000.0,,Free,0.0,Everyone
Videos downloader for Facebook:fast fb video saver,VIDEO_PLAYERS,4.3,20.0,5000.0,5.1,Free,0.0,Everyone
Vienna U-Bahn,MAPS_AND_NAVIGATION,3.9,139.0,10000.0,2.0,Free,0.0,Everyone
"Vietnam Today - Read online newspapers, the hottest news 24h",NEWS_AND_MAGAZINES,4.2,21147.0,5000000.0,9.0,Free,0.0,Teen
ViettelPost express delivery,BUSINESS,4.4,1225.0,100000.0,25.0,Free,0.0,Everyone
"ViewRanger - Hike, Ride or Walk",HEALTH_AND_FITNESS,4.2,34356.0,1000000.0,,Free,0.0,Everyone
Vigo Lite,ENTERTAINMENT,4.2,10291.0,5000000.0,6.5,Free,0.0,Teen
Vigo Video,VIDEO_PLAYERS,4.3,1615596.0,50000000.0,,Free,0.0,Teen
Viki: Asian TV Dramas & Movies,ENTERTAINMENT,4.3,407719.0,10000000.0,,Free,0.0,Teen
Viking CB Radios,BUSINESS,4.3,6.0,1000.0,15.0,Free,0.0,Everyone
Vikings Stickman Axe Fighting,GAME,4.2,924.0,100000.0,43.0,Free,0.0,Everyone
Vikings: an Archer's Journey,GAME,4.5,10256.0,1000000.0,39.0,Free,0.0,Everyone
Villains vs Superheroes,FAMILY,4.3,128.0,10000.0,22.0,Free,0.0,Everyone
Vimeo,FAMILY,3.9,85578.0,10000000.0,,Free,0.0,Teen
Vintage Flower CM Locker Theme,PERSONALIZATION,4.3,2910.0,500000.0,2.3,Free,0.0,Everyone
Virtual Assistant DataBot: Artificial Intelligence,FAMILY,4.4,80927.0,1000000.0,27.0,Free,0.0,Everyone
Virtual Boyfriend Chat,FAMILY,2.4,407.0,50000.0,0.298828125,Free,0.0,Mature 17+
Virtual Brain Surgery Simulator : Kid ER Emergency,FAMILY,3.8,20.0,5000.0,55.0,Free,0.0,Teen
Virtual Cigarette Smoking (prank),FAMILY,3.7,29838.0,5000000.0,,Free,0.0,Mature 17+
Virtual DJ Mixer,TOOLS,4.2,2013.0,100000.0,16.0,Free,0.0,Everyone
Virtual DJ Sound Mixer,TOOLS,4.2,4010.0,500000.0,8.7,Free,0.0,Everyone
Virtual Dice EX,GAME,4.3,40.0,5000.0,3.6,Free,0.0,Everyone
Virtual Eye AI,TOOLS,4.4,26.0,500.0,3.8,Free,0.0,Everyone
Virtual Families 2,FAMILY,4.2,636228.0,10000000.0,,Free,0.0,Everyone
Virtual Mom Surgery Doctor : ER Emergency Hospital,FAMILY,4.0,1130.0,100000.0,77.0,Free,0.0,Teen
Virtual Mother Surgery Doctor : Emergency Hospital,FAMILY,3.9,70.0,10000.0,61.0,Free,0.0,Teen
Virtual Walkie Talkie,COMMUNICATION,3.8,21785.0,1000000.0,2.5,Free,0.0,Everyone
Virtual lover,FAMILY,4.6,45771.0,1000000.0,28.0,Free,0.0,Mature 17+
Visage Lab – face retouch,PHOTOGRAPHY,3.5,49523.0,5000000.0,,Free,0.0,Everyone
Visual Anatomy 2,MEDICAL,4.4,576.0,5000.0,,Paid,2.49,Everyone
Visual Voicemail by MetroPCS,BUSINESS,4.1,16129.0,10000000.0,,Free,0.0,Everyone
VisualCV Resume Builder,BUSINESS,4.6,2555.0,100000.0,16.0,Free,0.0,Everyone
Visuelles Wörterbuch Audio-App,FAMILY,3.1,192.0,10000.0,66.0,Free,0.0,Everyone
VitusVet: Pet Health Care App,MEDICAL,4.8,3052.0,100000.0,12.0,Free,0.0,Everyone
"Viva Decora - Decoration, Photos, Architecture, House",HOUSE_AND_HOME,4.8,3167.0,100000.0,7.5,Free,0.0,Everyone
VivaVideo - Video Editor & Photo Movie,VIDEO_PLAYERS,4.6,9879473.0,100000000.0,40.0,Free,0.0,Teen
Vivid Seats – Event Tickets,EVENTS,4.6,8232.0,1000000.0,53.0,Free,0.0,Everyone
Vlogger Go Viral - Tuber Game,FAMILY,4.8,1304467.0,10000000.0,68.0,Free,0.0,Everyone
Voice Changer,FAMILY,4.1,138050.0,10000000.0,5.7,Free,0.0,Everyone
Voice Lock Screen,LIFESTYLE,3.7,6667.0,1000000.0,2.7,Free,0.0,Everyone
Voice changer with effects,FAMILY,4.2,1260903.0,50000000.0,8.7,Free,0.0,Everyone
Volume Control Ex,TOOLS,4.2,5.0,100.0,2.5,Paid,1.49,Everyone
Volume Slider Like Android P Volume Control,TOOLS,4.1,1129.0,10000.0,1.7,Paid,0.99,Everyone
Volvo CE Insider,BUSINESS,4.2,45.0,1000.0,24.0,Free,0.0,Everyone
Vonage Mobile® Call Video Text,COMMUNICATION,4.1,29208.0,1000000.0,23.0,Free,0.0,Everyone
Vote 4 DC,TOOLS,4.1,46.0,1000.0,6.1,Free,0.0,Everyone
Vote for,VIDEO_PLAYERS,4.2,193381.0,50000000.0,17.0,Free,0.0,Teen
Voxel - 3D Color by Number & Pixel Coloring Book,GAME,4.7,62561.0,1000000.0,53.0,Free,0.0,Everyone
Voxer Walkie Talkie Messenger,COMMUNICATION,4.3,230564.0,10000000.0,,Free,0.0,Everyone
Vpn Hosts (ad blocker & no root & support ipv6 ),TOOLS,4.4,319.0,10000.0,1.1,Paid,2.99,Everyone
Vudu Movies & TV,ENTERTAINMENT,3.9,58082.0,10000000.0,,Free,0.0,Teen
Vuze Torrent Downloader,VIDEO_PLAYERS,4.1,24565.0,1000000.0,5.5,Free,0.0,Everyone
W - Weather Forecast & Animated Radar Maps,WEATHER,4.2,29.0,5000.0,3.5,Free,0.0,Everyone
W Box VMS,VIDEO_PLAYERS,1.9,105.0,10000.0,9.1,Free,0.0,Everyone
W Box VMS HD,VIDEO_PLAYERS,2.5,24.0,5000.0,16.0,Free,0.0,Everyone
W Pro - Weather Forecast & Animated Weather Maps,WEATHER,3.8,11.0,500.0,2.9,Paid,1.99,Everyone
W-History Standalone,SOCIAL,3.2,38.0,1000.0,1.5,Paid,0.99,Everyone
WDAMAGE: Car Crash Engine,GAME,3.8,47386.0,1000000.0,96.0,Free,0.0,Everyone
WE,NEWS_AND_MAGAZINES,3.8,18818.0,1000000.0,,Free,0.0,Everyone 10+
WEB.DE Mail,COMMUNICATION,4.3,226541.0,10000000.0,,Free,0.0,Everyone
WFLA News Channel 8 - Tampa FL,NEWS_AND_MAGAZINES,3.8,133.0,10000.0,14.0,Free,0.0,Everyone
WFVS 2018 | WhatApp Full Video Status & Downloader,PRODUCTIVITY,4.3,596.0,50000.0,22.0,Free,0.0,Everyone
WGT Golf Game by Topgolf,SPORTS,4.3,148083.0,10000000.0,57.0,Free,0.0,Everyone
WICShopper,SHOPPING,3.9,3023.0,500000.0,,Free,0.0,Everyone
WIFI WPS WPA TESTER,TOOLS,4.3,352097.0,10000000.0,6.7,Free,0.0,Everyone
WIZARD Card Game,GAME,4.0,48.0,1000.0,4.1,Paid,1.99,Everyone
WKBW 7 Eyewitness News,NEWS_AND_MAGAZINES,4.0,509.0,50000.0,,Free,0.0,Everyone
WPBS-DT,FAMILY,5.0,3.0,500.0,6.3,Free,0.0,Everyone
"WPS Office - Word, Docs, PDF, Note, Slide & Sheet",PRODUCTIVITY,4.5,1508137.0,100000000.0,37.0,Free,0.0,Everyone
WPSApp,TOOLS,4.4,95080.0,10000000.0,3.1,Free,0.0,Everyone
WPTV 5 West Palm Beach,NEWS_AND_MAGAZINES,3.8,1093.0,100000.0,,Free,0.0,Everyone 10+
WSVN - 7 News Miami,NEWS_AND_MAGAZINES,4.5,3320.0,100000.0,14.0,Free,0.0,Everyone
WWE,ENTERTAINMENT,4.5,736864.0,10000000.0,20.0,Free,0.0,Teen
Waiting For U Launcher Theme,PERSONALIZATION,4.4,5599.0,500000.0,4.8,Free,0.0,Everyone
Walk Freely (Ec Shlire),TOOLS,4.7,62.0,1000.0,2.3,Free,0.0,Everyone
Walk with Map My Walk,HEALTH_AND_FITNESS,4.5,144050.0,5000000.0,55.0,Free,0.0,Everyone
Walking for Weight Loss - Walk Tracker,HEALTH_AND_FITNESS,4.5,644.0,100000.0,5.5,Free,0.0,Everyone
Walking: Pedometer diet,HEALTH_AND_FITNESS,3.7,1861.0,1000000.0,1.5,Free,0.0,Everyone
Wall Decorating Ideas,HOUSE_AND_HOME,3.9,6631.0,1000000.0,5.5,Free,0.0,Everyone
"WalletHub - Free Credit Score, Report & Monitoring",FINANCE,4.7,1311.0,50000.0,9.3,Free,0.0,Everyone
Wallpaper,PERSONALIZATION,4.5,69488.0,1000000.0,9.7,Free,0.0,Everyone
Wallpaper.cz,PHOTOGRAPHY,4.9,7.0,100.0,2.2,Free,0.0,Everyone
Wallpapers AK 47 Guns,PERSONALIZATION,4.5,37.0,5000.0,15.0,Free,0.0,Teen
Wallpapers DH 4K,PERSONALIZATION,3.8,23.0,1000.0,5.9,Free,0.0,Everyone
Wallpapers FN SCAR H,PERSONALIZATION,5.0,4.0,100.0,9.2,Free,0.0,Teen
Wallpapers HD,PERSONALIZATION,4.6,484981.0,10000000.0,2.1,Free,0.0,Everyone
"Wallpapers HD, 4K Backgrounds",PERSONALIZATION,4.7,273994.0,10000000.0,12.0,Free,0.0,Everyone
Wallpapers Toyota FJ Cruiser,PERSONALIZATION,4.2,78.0,10000.0,10.0,Free,0.0,Everyone
Wallpapers Volvo FH 16 Trucks,PERSONALIZATION,4.2,13.0,1000.0,15.0,Free,0.0,Teen
Wallpapers Volvo FH Truck,PERSONALIZATION,4.2,4.0,100.0,14.0,Free,0.0,Teen
Walmart,SHOPPING,4.4,441473.0,10000000.0,,Free,0.0,Everyone
Walmart MoneyCard,FINANCE,4.2,6148.0,1000000.0,10.0,Free,0.0,Everyone
Wanelo Shopping,SHOPPING,4.6,94205.0,1000000.0,6.5,Free,0.0,Everyone
WannaMeet – Dating & Chat App,DATING,4.1,6701.0,1000000.0,11.0,Free,0.0,Mature 17+
"Waplog - Free Chat, Dating App, Meet Singles",SOCIAL,4.2,522018.0,10000000.0,,Free,0.0,Mature 17+
War Robots,GAME,4.6,3073251.0,50000000.0,33.0,Free,0.0,Everyone 10+
War Z 2,FAMILY,4.5,97071.0,5000000.0,87.0,Free,0.0,Teen
War and Order,GAME,4.3,224514.0,5000000.0,81.0,Free,0.0,Teen
Watch AW-7,TOOLS,4.2,249.0,50000.0,3.0,Free,0.0,Everyone
Watch Face BW Inter,PERSONALIZATION,3.1,112.0,1000.0,8.8,Paid,0.99,Everyone
Watch Face Swiss AJ-6,PERSONALIZATION,4.1,21.0,100.0,3.6,Paid,0.99,Everyone
WatchESPN,SPORTS,4.1,288809.0,10000000.0,6.6,Free,0.0,Everyone
Water Drink Reminder,HEALTH_AND_FITNESS,4.6,524299.0,10000000.0,,Free,0.0,Everyone
Water Droplets Keyboard Theme,PERSONALIZATION,4.1,398.0,100000.0,6.8,Free,0.0,Everyone
Water Garden Live Wallpaper,PERSONALIZATION,4.6,66453.0,5000000.0,14.0,Free,0.0,Everyone
Water Surfer Floating BMX Bicycle Rider Racing,FAMILY,4.4,551.0,100000.0,38.0,Free,0.0,Everyone
Water Surfer Racing In Moto,GAME,4.3,2233.0,1000000.0,36.0,Free,0.0,Everyone
Waterfall Live Wallpaper,PERSONALIZATION,4.1,112977.0,10000000.0,13.0,Free,0.0,Everyone
Waterfall Photo Frames,PHOTOGRAPHY,4.5,10349.0,1000000.0,11.0,Free,0.0,Everyone
Wattpad 📖 Free Books,BOOKS_AND_REFERENCE,4.6,2915189.0,100000000.0,,Free,0.0,Teen
Wave Z Live Wallpaper,PERSONALIZATION,4.2,63699.0,5000000.0,2.3,Free,0.0,Teen
Wayfair - Shop All Things Home,SHOPPING,4.5,20247.0,5000000.0,47.0,Free,0.0,Everyone
"Waze - GPS, Maps, Traffic Alerts & Live Navigation",MAPS_AND_NAVIGATION,4.6,7232629.0,100000000.0,,Free,0.0,Everyone
We Bare Bears Match3 Repairs,FAMILY,4.7,39153.0,1000000.0,98.0,Free,0.0,Everyone
We Heart It,SOCIAL,4.5,637309.0,10000000.0,,Free,0.0,Teen
We're Working Out - Al Kavadlo,HEALTH_AND_FITNESS,4.3,979.0,50000.0,,Free,0.0,Everyone
WeChat,COMMUNICATION,4.2,5387631.0,100000000.0,,Free,0.0,Everyone
WeFi - Free Fast WiFi Connect & Find Wi-Fi Map,COMMUNICATION,4.0,13469.0,1000000.0,5.1,Free,0.0,Everyone
Weaphones™ Gun Sim Free Vol 1,FAMILY,4.3,598975.0,10000000.0,39.0,Free,0.0,Everyone
Weapon AK-74 Live Wallpaper,PERSONALIZATION,3.3,25.0,1000.0,46.0,Free,0.0,Everyone
Weapon stripping 3D,FAMILY,4.6,23971.0,1000000.0,24.0,Free,0.0,Everyone
Weapons simulator AK-47,FAMILY,4.1,21.0,5000.0,26.0,Free,0.0,Everyone
Weather,WEATHER,4.2,18773.0,10000000.0,12.0,Free,0.0,Everyone
Weather & Clock Widget for Android,WEATHER,4.4,2371543.0,50000000.0,11.0,Free,0.0,Everyone
Weather & Radar Pro - Ad-Free,WEATHER,4.5,25243.0,100000.0,26.0,Paid,2.99,Everyone
Weather 14 Days,WEATHER,4.4,279917.0,10000000.0,,Free,0.0,Everyone
Weather BZ,WEATHER,4.4,8433.0,100000.0,5.6,Free,0.0,Everyone
Weather Crave,WEATHER,4.2,133338.0,5000000.0,44.0,Free,0.0,Everyone
Weather Forecast Pro,WEATHER,4.7,14051.0,100000.0,8.7,Paid,3.99,Everyone
Weather From DMI/YR,WEATHER,4.3,2143.0,100000.0,,Free,0.0,Everyone
Weather Live,WEATHER,4.5,76593.0,500000.0,,Paid,5.99,Everyone
Weather Live Pro,WEATHER,4.8,17493.0,100000.0,11.0,Paid,4.49,Everyone
Weather Radar Widget,WEATHER,4.3,18194.0,1000000.0,3.2,Free,0.0,Everyone
"Weather by WeatherBug: Forecast, Radar & Alerts",WEATHER,4.5,981995.0,10000000.0,,Free,0.0,Everyone
Weather by eltiempo.es,WEATHER,4.2,67854.0,5000000.0,,Free,0.0,Everyone
Weather forecast,WEATHER,4.8,159455.0,1000000.0,10.0,Free,0.0,Everyone
Weather –Simple weather forecast,WEATHER,4.4,40606.0,10000000.0,15.0,Free,0.0,Everyone
"WeatherClear - Ad-free Weather, Minute forecast",WEATHER,4.5,3252.0,50000.0,3.8,Free,0.0,Everyone
Web Browser,COMMUNICATION,4.2,10965.0,500000.0,2.3,Free,0.0,Everyone
Web Browser & Explorer,COMMUNICATION,4.0,36901.0,5000000.0,6.6,Free,0.0,Everyone
Web Browser & Fast Explorer,SOCIAL,4.4,54768.0,5000000.0,2.6,Free,0.0,Everyone
Web Browser ( Fast & Secure Web Explorer),SOCIAL,4.4,2508.0,500000.0,6.0,Free,0.0,Everyone
Web Browser for Android,COMMUNICATION,4.1,55110.0,1000000.0,4.3,Free,0.0,Everyone
WebCams,WEATHER,4.6,3963.0,100000.0,23.0,Free,0.0,Everyone
WebComics,COMICS,4.8,33783.0,1000000.0,6.4,Free,0.0,Teen
Webmail web mobile app,TOOLS,2.3,395.0,100000.0,2.6,Free,0.0,Everyone
Websites.co.in Instant Website,BUSINESS,4.3,327.0,10000.0,13.0,Free,0.0,Everyone
Webull - Stock Quotes & Free Stock Trading,FINANCE,4.3,34861.0,1000000.0,,Free,0.0,Everyone
WedMeGood - Wedding Planner,LIFESTYLE,4.6,1658.0,100000.0,9.7,Free,0.0,Everyone
Wedding Countdown Widget,LIFESTYLE,3.9,7376.0,1000000.0,19.0,Free,0.0,Everyone
Wedding LookBook by The Knot,LIFESTYLE,4.2,3448.0,100000.0,13.0,Free,0.0,Everyone
"Wedding Planner by WeddingWire - Venues, Checklist",LIFESTYLE,4.2,3788.0,1000000.0,44.0,Free,0.0,Everyone
Weight Loss Running by Verv,HEALTH_AND_FITNESS,4.5,27396.0,1000000.0,59.0,Free,0.0,Mature 17+
Weight Loss Tracker - RecStyle,HEALTH_AND_FITNESS,4.4,20547.0,1000000.0,5.7,Free,0.0,Everyone
Weight Watchers Mobile,HEALTH_AND_FITNESS,4.2,270294.0,5000000.0,58.0,Free,0.0,Everyone
Wells Fargo Daily Change,FINANCE,4.2,283.0,100000.0,5.0,Free,0.0,Everyone
Wells Fargo Mobile,FINANCE,4.4,250719.0,10000000.0,37.0,Free,0.0,Everyone
Wemep - Special price representative (special / shopping / shopping app / coupon / shipping),SHOPPING,4.5,178497.0,10000000.0,9.1,Free,0.0,Everyone
Wendy’s – Food and Offers,FOOD_AND_DRINK,3.4,6512.0,1000000.0,18.0,Free,0.0,Everyone
Western Union US - Send Money Transfers Quickly,FINANCE,4.5,80904.0,5000000.0,16.0,Free,0.0,Everyone
Wetter by t-online.de,WEATHER,4.2,24349.0,1000000.0,9.2,Free,0.0,Everyone
What Am I? - Brain Teasers,GAME,4.2,4537.0,100000.0,15.0,Free,0.0,Everyone
What U See,SOCIAL,4.0,712.0,100000.0,21.0,Free,0.0,Teen
What is my IP address,TOOLS,4.5,4228.0,500000.0,0.640625,Free,0.0,Everyone
What was I in my Past Life,FAMILY,3.7,7453.0,1000000.0,6.5,Free,0.0,Everyone
What's Up,LIFESTYLE,4.1,23453.0,1000000.0,10.0,Free,0.0,Everyone
"What's Up, Snoopy? - Peanuts",FAMILY,4.5,773.0,100000.0,55.0,Free,0.0,Everyone
What's Your CS:GO rank?,GAME,2.3,278.0,10000.0,2.4,Free,0.0,Teen
What's Your Story?™ ft Charmed,FAMILY,4.1,39661.0,1000000.0,47.0,Free,0.0,Teen
Whataburger,FOOD_AND_DRINK,4.5,5093.0,500000.0,56.0,Free,0.0,Everyone
WhatsApp Business,COMMUNICATION,4.4,137144.0,10000000.0,32.0,Free,0.0,Everyone
WhatsApp Messenger,COMMUNICATION,4.4,69119316.0,1000000000.0,,Free,0.0,Everyone
WhatsCall Free Global Phone Call App & Cheap Calls,COMMUNICATION,4.6,1130966.0,10000000.0,27.0,Free,0.0,Everyone
WhatsFake Pro (Ad free),SOCIAL,4.2,204.0,5000.0,9.4,Paid,0.99,Everyone
WhatsVPN - Unlimited Free VPN,TOOLS,4.7,24985.0,500000.0,7.8,Free,0.0,Everyone
Wheelie Challenge,GAME,4.6,137338.0,5000000.0,51.0,Free,0.0,Everyone
Where Am I At?,TRAVEL_AND_LOCAL,3.8,39.0,10000.0,12.0,Free,0.0,Everyone
Where Am I?,TOOLS,4.2,1313.0,100000.0,,Free,0.0,Everyone
Where Am I? GPS Loc,TRAVEL_AND_LOCAL,4.6,68.0,10000.0,4.2,Free,0.0,Everyone
Where is my Train : Indian Railway & PNR Status,TRAVEL_AND_LOCAL,4.7,620534.0,10000000.0,9.8,Free,0.0,Everyone
Where to travel - ticket. hotel. train ticket. car ticket. travel. tickets,TRAVEL_AND_LOCAL,4.2,5112.0,1000000.0,62.0,Free,0.0,Everyone
Where's My Water?,FAMILY,4.7,188740.0,1000000.0,69.0,Paid,1.99,Everyone
Where's My Water? Free,FAMILY,4.4,1372013.0,100000000.0,57.0,Free,0.0,Everyone
Wheretoget: Shop in style,LIFESTYLE,4.1,6808.0,500000.0,12.0,Free,0.0,Teen
Whisper,SOCIAL,4.1,205803.0,5000000.0,,Free,0.0,Teen
Whist - Tinnitus Relief,MEDICAL,4.1,12.0,1000.0,5.1,Paid,1.99,Everyone
White Noise Baby,LIFESTYLE,4.5,10544.0,1000000.0,44.0,Free,0.0,Everyone
White Noise Lite,HEALTH_AND_FITNESS,4.4,57634.0,1000000.0,41.0,Free,0.0,Everyone
White Noise for Baby,PARENTING,4.9,717.0,100000.0,6.6,Free,0.0,Everyone
White Noise ~ Sleeping Sounds,LIFESTYLE,4.5,4427.0,100000.0,,Free,0.0,Everyone
White Sound Pro,HEALTH_AND_FITNESS,4.7,16570.0,500000.0,73.0,Free,0.0,Everyone
Who,COMMUNICATION,4.3,2451093.0,100000000.0,,Free,0.0,Teen
Who Viewed My FB Profile,FAMILY,3.4,121.0,10000.0,6.3,Free,0.0,Everyone
Who Viewed My Facebook Profile - Stalkers Visitors,SOCIAL,4.6,273244.0,5000000.0,9.9,Free,0.0,Everyone
Who am I? (Biblical),GAME,4.5,5849.0,500000.0,5.1,Free,0.0,Everyone
Who viewed my fb profile pro★★,FAMILY,4.5,6396.0,100000.0,4.2,Free,0.0,Everyone
Whoowasit? - Best kids game!,FAMILY,4.0,248.0,5000.0,26.0,Paid,2.99,Everyone
Whoscall - Caller ID & Block,COMMUNICATION,4.4,552635.0,10000000.0,29.0,Free,0.0,Everyone
Wi u Emulator,FAMILY,2.4,468.0,10000.0,7.2,Free,0.0,Everyone
Wi-Fi Auto-connect,COMMUNICATION,3.8,15036.0,1000000.0,0.2470703125,Free,0.0,Everyone
Wi-Fi Master,TOOLS,4.5,3673.0,500000.0,5.8,Free,0.0,Everyone
Wi-Fi Networks,PRODUCTIVITY,4.2,115.0,10000.0,1.4,Free,0.0,Everyone
Wi-Fi Rabbit Unlock Key,TOOLS,4.5,142.0,5000.0,0.025390625,Paid,1.0,Everyone
Wi-Fi Visualizer,TOOLS,3.9,132.0,50000.0,2.6,Free,0.0,Everyone
Wi-Fi settings shortcut,TOOLS,4.1,479.0,50000.0,0.0283203125,Free,0.0,Everyone
WiFi Access Point (hotspot),COMMUNICATION,3.9,684.0,100000.0,0.0595703125,Free,0.0,Everyone
WiFi Action Camera,SPORTS,2.4,551.0,100000.0,0.8818359375,Free,0.0,Everyone
WiFi Automatic,TOOLS,4.1,10595.0,1000000.0,,Free,0.0,Everyone
WiFi Baby Monitor - NannyCam,VIDEO_PLAYERS,4.1,29867.0,5000000.0,1.7,Free,0.0,Everyone
WiFi FPV,FAMILY,3.8,316.0,100000.0,19.0,Free,0.0,Everyone
WiFi Monitor Pro - analyzer of Wi-Fi networks,TOOLS,4.6,85.0,1000.0,2.4,Paid,2.99,Everyone
WiFi Overview 360,TOOLS,4.1,15693.0,1000000.0,18.0,Free,0.0,Everyone
WiFi Tether Router,COMMUNICATION,4.2,5599.0,100000.0,1.3,Paid,2.9,Everyone
WiFi-o-Matic,PRODUCTIVITY,4.0,736.0,50000.0,6.8,Free,0.0,Everyone
Wide address pocket prep,MEDICAL,4.5,513.0,5000.0,12.0,Free,0.0,Everyone
Wifi Action Camera,PHOTOGRAPHY,2.9,118.0,50000.0,26.0,Free,0.0,Everyone
Wifi Analyzer,TOOLS,4.4,335115.0,10000000.0,1.8,Free,0.0,Everyone
Wifi BT Scanner,FAMILY,5.0,2.0,500.0,1.2,Free,0.0,Everyone
Wifi Connect Library,LIBRARIES_AND_DEMO,3.9,58055.0,5000000.0,0.0400390625,Free,0.0,Everyone
Wifi Inspector,TOOLS,4.3,63712.0,5000000.0,,Free,0.0,Everyone
Wifi Test,LIBRARIES_AND_DEMO,4.0,8671.0,1000000.0,3.1,Free,0.0,Everyone
Wii U Simulator,FAMILY,3.4,1178.0,100000.0,38.0,Free,0.0,Everyone 10+
Wikipedia,BOOKS_AND_REFERENCE,4.4,577550.0,10000000.0,,Free,0.0,Everyone
Will it Crush?,GAME,3.1,25825.0,5000000.0,16.0,Free,0.0,Everyone
Windguru Lite,WEATHER,4.0,9307.0,1000000.0,5.0,Free,0.0,Everyone
Winter Wonderland,GAME,4.0,1287.0,50000.0,38.0,Free,0.0,Everyone
Wipe out,EVENTS,4.7,30.0,500.0,,Free,0.0,Teen
Wireless BP,MEDICAL,1.8,30.0,500.0,0.8662109375,Free,0.0,Everyone
Wireless news,NEWS_AND_MAGAZINES,3.5,6066.0,1000000.0,56.0,Free,0.0,Everyone
WiseBanyan - Invest For Free,FINANCE,4.2,257.0,10000.0,44.0,Free,0.0,Everyone
Wisepilot for XPERIA™,TRAVEL_AND_LOCAL,3.7,21443.0,5000000.0,,Free,0.0,Everyone
Wish - Shopping Made Fun,SHOPPING,4.5,6212081.0,100000000.0,15.0,Free,0.0,Everyone
Wishbone - Compare Anything,SOCIAL,4.3,51569.0,1000000.0,26.0,Free,0.0,Teen
With Helper Pro Pill Reminder,MEDICAL,4.6,358.0,5000.0,,Paid,3.99,Everyone
WithstandZ - Zombie Survival!,GAME,4.3,121612.0,1000000.0,59.0,Free,0.0,Teen
WoW AH Tracker,TOOLS,2.9,33.0,10000.0,,Free,0.0,Everyone
Wolf of the BF:Commando MOBILE,GAME,3.4,32.0,1000.0,27.0,Paid,0.99,Everyone 10+
Wolfify - Be a Werewolf,FAMILY,3.8,6760.0,500000.0,26.0,Free,0.0,Everyone
Wolves Live Wallpaper,PERSONALIZATION,4.3,10401.0,1000000.0,3.3,Free,0.0,Everyone
WomanLog Calendar,HEALTH_AND_FITNESS,4.5,121838.0,5000000.0,15.0,Free,0.0,Everyone
"Women""s Health Tips(Breast,Face,Body,weight lose)",HEALTH_AND_FITNESS,4.2,2509.0,1000000.0,5.0,Free,0.0,Mature 17+
Wonder5 Masters R,FAMILY,4.1,1655.0,100000.0,83.0,Free,0.0,Everyone
Wondershare PowerCam,PHOTOGRAPHY,4.2,329160.0,10000000.0,27.0,Free,0.0,Everyone
Woodman Deluxe,GAME,4.0,82.0,5000.0,4.4,Free,0.0,Everyone
Woody Puzzle,GAME,4.7,21262.0,1000000.0,29.0,Free,0.0,Everyone
Woody's Bar-B-Q,FOOD_AND_DRINK,3.7,3.0,1000.0,27.0,Free,0.0,Everyone
Word Crossy - A crossword game,GAME,4.5,240416.0,5000000.0,53.0,Free,0.0,Everyone
Word Hunt,GAME,4.9,59.0,500.0,21.0,Free,0.0,Everyone
Word Link,GAME,4.6,216675.0,10000000.0,30.0,Free,0.0,Everyone
Word Search,GAME,4.2,344585.0,50000000.0,,Free,0.0,Everyone
Word Search Games in english,FAMILY,4.3,63186.0,10000000.0,16.0,Free,0.0,Everyone
Word Search multilingual,GAME,4.2,32849.0,1000000.0,1.5,Free,0.0,Everyone
Words With Friends Classic,GAME,4.3,1704112.0,50000000.0,,Free,0.0,Everyone
Words With Friends – Play Free,GAME,4.3,711719.0,10000000.0,,Free,0.0,Everyone
Wordscapes,GAME,4.8,230849.0,10000000.0,87.0,Free,0.0,Everyone
Workout Tracker & Gym Trainer - Fitness Log Book,HEALTH_AND_FITNESS,4.6,5420.0,500000.0,21.0,Free,0.0,Everyone
Workout Trainer: fitness coach,HEALTH_AND_FITNESS,4.2,100406.0,10000000.0,,Free,0.0,Everyone
World Cup 2018,SPORTS,4.6,4011.0,500000.0,2.6,Free,0.0,Teen
World History Quick e-Book,FAMILY,4.4,1657.0,100000.0,4.9,Free,0.0,Everyone
World Newspapers,NEWS_AND_MAGAZINES,4.4,185884.0,1000000.0,7.5,Free,0.0,Mature 17+
World Racers family board game,FAMILY,4.8,4.0,100.0,42.0,Paid,0.99,Everyone
World Series of Poker – WSOP Free Texas Holdem,GAME,4.5,910051.0,10000000.0,76.0,Free,0.0,Teen
World Travel Guide by Triposo,TRAVEL_AND_LOCAL,4.4,6012.0,500000.0,81.0,Free,0.0,Everyone
World Webcams,WEATHER,3.7,7896.0,1000000.0,,Free,0.0,Everyone
World at War: WW2 Strategy MMO,FAMILY,4.3,107765.0,5000000.0,78.0,Free,0.0,Everyone 10+
World of Warriors: Duel,GAME,4.3,25952.0,500000.0,36.0,Free,0.0,Everyone 10+
WowBox,LIFESTYLE,4.4,101957.0,5000000.0,8.2,Free,0.0,Everyone
Wowkwis aq Ka'qaquj,FAMILY,5.0,1.0,10.0,49.0,Free,0.0,Everyone
Wrecker's Revenge - Gumball,FAMILY,4.3,2263.0,100000.0,55.0,Free,0.0,Everyone
Wrestling Revolution 3D,SPORTS,4.3,989344.0,50000000.0,51.0,Free,0.0,Teen
Writing Wizard Premium - Handwriting,FAMILY,4.1,89.0,5000.0,33.0,Paid,4.49,Everyone
Wunderlist: To-Do List & Tasks,PRODUCTIVITY,4.6,404617.0,10000000.0,,Free,0.0,Everyone
X Back - Icon Pack,PERSONALIZATION,4.5,56.0,10000.0,26.0,Paid,0.99,Everyone
X Browser,COMMUNICATION,4.0,142.0,50000.0,2.5,Free,0.0,Everyone
X Construction,FAMILY,4.5,18612.0,100000.0,8.5,Paid,1.49,Everyone
X Home Bar - Free,TOOLS,4.6,4210.0,100000.0,1.9,Free,0.0,Everyone
X Home Bar - Home Bar Gesture Pro,TOOLS,4.0,88.0,10000.0,2.0,Paid,1.99,Everyone
X Launcher Prime: With OS Style Theme & No Ads,ART_AND_DESIGN,4.7,149.0,1000.0,3.5,Paid,1.99,Everyone
X Launcher Pro - IOS Style Theme & Control Center,ART_AND_DESIGN,4.8,1216.0,10000.0,8.6,Paid,1.99,Everyone
"X Launcher Pro: PhoneX Theme, OS11 Control Center",ART_AND_DESIGN,4.7,801.0,5000.0,3.5,Paid,1.99,Everyone
X Launcher: With OS11 Style Theme & Control Center,ART_AND_DESIGN,4.7,5754.0,100000.0,4.4,Free,0.0,Everyone
X your Ex - Break Up Treatment,HEALTH_AND_FITNESS,4.0,32.0,5000.0,64.0,Free,0.0,Everyone
X-Plane 10 Flight Simulator,FAMILY,4.2,63197.0,1000000.0,11.0,Free,0.0,Everyone
X-Plane to GPS,TOOLS,4.2,161.0,5000.0,1.2,Paid,0.99,Everyone
X-VPN - Free Unlimited VPN Proxy,TOOLS,4.5,40617.0,5000000.0,21.0,Free,0.0,Everyone
X-WOLF,GAME,4.2,4878.0,100000.0,27.0,Free,0.0,Everyone 10+
X-Wing Squadron Builder,FAMILY,4.6,5898.0,100000.0,50.0,Free,0.0,Everyone
X-plore File Manager,TOOLS,4.6,168487.0,10000000.0,6.4,Free,0.0,Everyone
X-ray scanner simulator,FAMILY,2.7,1616.0,500000.0,3.0,Free,0.0,Everyone
XCOM: TBG,FAMILY,4.0,2294.0,100000.0,95.0,Free,0.0,Everyone
XCOM®: Enemy Within,FAMILY,4.2,13752.0,100000.0,21.0,Paid,9.99,Mature 17+
XDV,PHOTOGRAPHY,3.1,6827.0,1000000.0,8.7,Free,0.0,Everyone
XE Currency,TRAVEL_AND_LOCAL,4.4,77585.0,10000000.0,,Free,0.0,Everyone
XE Currency Pro,TRAVEL_AND_LOCAL,4.4,1090.0,10000.0,,Paid,1.99,Everyone
XML Editor CR,TOOLS,3.3,47.0,5000.0,18.0,Free,0.0,Everyone
"XOS - Launcher,Theme,Wallpaper",PERSONALIZATION,4.6,49657.0,5000000.0,8.7,Free,0.0,Everyone
XX HD Video downloader-Free Video Downloader,VIDEO_PLAYERS,4.1,7624.0,1000000.0,6.0,Free,0.0,Everyone
XXX DISTILLERY,BUSINESS,4.2,509.0,100000.0,3.2,Free,0.0,Everyone
Xbox,FAMILY,4.3,556659.0,10000000.0,46.0,Free,0.0,Everyone
"Xceed - Clubs, DJs, Festivals & Tickets",EVENTS,4.1,399.0,100000.0,24.0,Free,0.0,Everyone
Xero Accounting Software,BUSINESS,3.5,2111.0,100000.0,,Free,0.0,Everyone
Xperia Link™,COMMUNICATION,4.1,45487.0,10000000.0,,Free,0.0,Everyone
Xposed Wi-Fi-Pwd,PERSONALIZATION,3.5,1042.0,100000.0,0.39453125,Free,0.0,Everyone
Xray Scanner Prank,FAMILY,3.3,355837.0,10000000.0,3.7,Free,0.0,Everyone
Xtreme Racing 2018 - Jeep & 4x4 off road simulator,FAMILY,4.2,2178.0,500000.0,99.0,Free,0.0,Everyone
YAY - TBH,SOCIAL,4.1,2520.0,100000.0,12.0,Free,0.0,Teen
"YAZIO Calorie Counter, Nutrition Diary & Diet Plan",HEALTH_AND_FITNESS,4.6,117176.0,5000000.0,,Free,0.0,Everyone
YEBIS OpenGL ES 3.0 Tech Demo,FAMILY,4.6,380.0,10000.0,6.7,Free,0.0,Everyone
Yahoo Fantasy Sports - #1 Rated Fantasy App,SPORTS,4.2,277939.0,5000000.0,,Free,0.0,Mature 17+
Yahoo Finance,FINANCE,4.4,135952.0,5000000.0,,Free,0.0,Everyone
Yahoo Mail – Stay Organized,COMMUNICATION,4.3,4188345.0,100000000.0,16.0,Free,0.0,Everyone
"Yahoo Sports - scores, stats, news, & highlights",SPORTS,4.5,32386.0,1000000.0,19.0,Free,0.0,Everyone
Yahoo Weather,WEATHER,4.4,1312037.0,10000000.0,,Free,0.0,Everyone
Yahoo! Weather for SH Forecast for understanding the approach of rain clouds Free,WEATHER,4.2,7457.0,1000000.0,,Free,0.0,Everyone
"Yahoo! transit guide free timetable, operation information, transfer search",MAPS_AND_NAVIGATION,4.4,104800.0,10000000.0,22.0,Free,0.0,Everyone
Yandex Browser with Protect,PERSONALIZATION,4.5,1237135.0,50000000.0,,Free,0.0,Everyone
Yandex.Disk,PRODUCTIVITY,4.4,115072.0,5000000.0,,Free,0.0,Everyone
Yandex.Shell (Launcher+Dialer),PERSONALIZATION,4.4,87300.0,1000000.0,,Free,0.0,Everyone
Yandex.Trains,MAPS_AND_NAVIGATION,4.4,56471.0,5000000.0,,Free,0.0,Everyone
Yandex.Transport,MAPS_AND_NAVIGATION,4.0,126282.0,10000000.0,,Free,0.0,Everyone
Yandex.Weather,WEATHER,4.5,309617.0,10000000.0,,Free,0.0,Everyone
"Yanosik: ""antyradar"", traffic jams, navigation, camera",MAPS_AND_NAVIGATION,4.4,102248.0,5000000.0,,Free,0.0,Everyone
Yaoi Novels - Shounen ai Book&fiction,FAMILY,3.2,304.0,10000.0,4.7,Free,0.0,Teen
Yaoi Ooku: Distorted Love,FAMILY,4.0,2614.0,100000.0,6.3,Free,0.0,Mature 17+
"Yatra - Flights, Hotels, Bus, Trains & Cabs",TRAVEL_AND_LOCAL,4.5,251037.0,10000000.0,26.0,Free,0.0,Everyone
Yazdani Cd Center EllahAbad Official App,FAMILY,5.0,8.0,500.0,3.8,Free,0.0,Everyone
"Yelp: Food, Shopping, Services Nearby",TRAVEL_AND_LOCAL,4.3,397422.0,10000000.0,,Free,0.0,Teen
Yes day,GAME,4.5,10055521.0,100000000.0,94.0,Free,0.0,Everyone
Yidio: TV Show & Movie Guide,ENTERTAINMENT,3.9,27424.0,1000000.0,,Free,0.0,Teen
Yoga - Track Yoga,HEALTH_AND_FITNESS,4.5,7976.0,500000.0,44.0,Free,0.0,Everyone
Yoga Studio: Mind & Body,HEALTH_AND_FITNESS,4.3,5499.0,100000.0,94.0,Free,0.0,Everyone
Yongqing fast search,HOUSE_AND_HOME,3.7,1437.0,100000.0,,Free,0.0,Everyone
Yoong: Kick 'Em Up!,SPORTS,4.3,7107.0,100000.0,33.0,Free,0.0,Everyone
"Yoriza Pension - travel, lodging, pension, camping, caravan, pool villas accommodation discount",TRAVEL_AND_LOCAL,4.8,17882.0,1000000.0,86.0,Free,0.0,Everyone
You're an Anime,MEDICAL,5.0,2.0,10.0,83.0,Free,0.0,Everyone
YouCam Makeup - Magic Selfie Makeovers,PHOTOGRAPHY,4.6,3337956.0,100000000.0,,Free,0.0,Everyone
YouCam Perfect - Selfie Photo Editor,PHOTOGRAPHY,4.5,1579343.0,100000000.0,,Free,0.0,Everyone
YouCamp EU,TRAVEL_AND_LOCAL,3.4,39.0,1000.0,32.0,Paid,2.56,Everyone
"YouCut - Video Editor & Video Maker, No Watermark",VIDEO_PLAYERS,4.6,98819.0,5000000.0,27.0,Free,0.0,Everyone
YouNow: Live Stream Video Chat,SOCIAL,4.1,309872.0,10000000.0,85.0,Free,0.0,Teen
YouTube,VIDEO_PLAYERS,4.3,25655305.0,1000000000.0,,Free,0.0,Teen
YouTube Gaming,ENTERTAINMENT,4.2,130549.0,5000000.0,,Free,0.0,Teen
YouTube Kids,FAMILY,4.5,470713.0,50000000.0,,Free,0.0,Everyone
YouTube Studio,VIDEO_PLAYERS,4.3,436921.0,10000000.0,,Free,0.0,Teen
YouTube TV - Watch & Record Live TV,FAMILY,4.4,38517.0,1000000.0,17.0,Free,0.0,Teen
"Youboox - Livres, BD et magazines",BOOKS_AND_REFERENCE,3.7,4071.0,500000.0,,Free,0.0,Teen
Youper - AI Therapy,MEDICAL,4.6,2014.0,50000.0,69.0,Free,0.0,Everyone
Your Freedom VPN Client,COMMUNICATION,4.0,74497.0,5000000.0,5.3,Free,0.0,Everyone
Your rank CS:GO,GAME,4.1,4946.0,100000.0,7.5,Free,0.0,Teen
Yummly Recipes & Shopping List,FOOD_AND_DRINK,4.5,91359.0,1000000.0,27.0,Free,0.0,Everyone
Yuzu eReader,FAMILY,1.9,250.0,50000.0,,Free,0.0,Everyone
Z App,LIFESTYLE,2.8,405.0,50000.0,25.0,Free,0.0,Everyone
Z Camera,PHOTOGRAPHY,3.8,142.0,10000.0,7.7,Free,0.0,Everyone
"Z Camera - Photo Editor, Beauty Selfie, Collage",PHOTOGRAPHY,4.4,1075277.0,100000000.0,47.0,Free,0.0,Mature 17+
Z Champions,GAME,4.7,96028.0,1000000.0,59.0,Free,0.0,Teen
Z City,FAMILY,4.3,3976.0,100000.0,98.0,Free,0.0,Teen
Z Day: Hearts of Heroes,FAMILY,3.9,5894.0,1000000.0,67.0,Free,0.0,Everyone 10+
Z Origins - (Z The Game),FAMILY,4.6,4421.0,50000.0,37.0,Paid,2.99,Teen
Z Ringtones PREMIUM 2018,PERSONALIZATION,4.5,10158.0,500000.0,3.6,Free,0.0,Everyone
Z War-Zombie Modern Combat,FAMILY,4.2,62301.0,5000000.0,72.0,Free,0.0,Teen
Z-Empire: Dead Strike,FAMILY,4.6,99.0,10000.0,19.0,Free,0.0,Teen
ZALORA Fashion Shopping,SHOPPING,4.2,142512.0,10000000.0,15.0,Free,0.0,Everyone
ZArchiver,TOOLS,4.5,337242.0,10000000.0,,Free,0.0,Everyone
ZArchiver Donate,TOOLS,4.8,1721.0,10000.0,,Paid,2.5,Everyone
ZEDGE™ Ringtones & Wallpapers,PERSONALIZATION,4.6,6466641.0,100000000.0,,Free,0.0,Teen
ZERO Lock Screen,TOOLS,3.5,75336.0,1000000.0,0.53125,Free,0.0,Everyone
ZOMBIE RIPPER,GAME,3.7,16073.0,500000.0,94.0,Free,0.0,Mature 17+
ZOOKEEPER DX TouchEdition,FAMILY,4.2,3195.0,100000.0,4.6,Paid,0.99,Everyone
ZOOM Cloud Meetings,BUSINESS,4.4,31614.0,10000000.0,37.0,Free,0.0,Everyone
ZUL - Rotativo Digital BH,AUTO_AND_VEHICLES,4.2,29.0,10000.0,,Free,0.0,Everyone
Zaatar w Zeit,FOOD_AND_DRINK,4.4,205.0,50000.0,33.0,Free,0.0,Everyone
Zagat,TRAVEL_AND_LOCAL,3.1,2528.0,100000.0,,Free,0.0,Everyone
Zalo – Video Call,COMMUNICATION,4.2,1042170.0,50000000.0,,Free,0.0,Everyone
Zap-Map: EV charging points UK,MAPS_AND_NAVIGATION,3.8,181.0,10000.0,9.8,Free,0.0,Everyone
Zappos – Shoe shopping made simple,SHOPPING,4.5,44588.0,5000000.0,20.0,Free,0.0,Everyone
"Zapya - File Transfer, Sharing",TOOLS,4.6,387958.0,10000000.0,9.0,Free,0.0,Teen
Zapzapmath: K-6 Math Games,FAMILY,4.3,1065.0,100000.0,61.0,Free,0.0,Everyone
Zara,LIFESTYLE,4.3,95905.0,10000000.0,33.0,Free,0.0,Everyone
Zello PTT Walkie Talkie,SOCIAL,4.4,695613.0,50000000.0,,Free,0.0,Everyone
Zen Leaf,MEDICAL,5.0,1.0,100.0,6.1,Free,0.0,Mature 17+
ZenUI Dialer & Contacts,COMMUNICATION,4.5,437674.0,10000000.0,,Free,0.0,Everyone
ZenUI Help,TOOLS,4.6,136874.0,10000000.0,,Free,0.0,Everyone
"ZenUI Keyboard – Emoji, Theme",TOOLS,4.5,537554.0,10000000.0,,Free,0.0,Everyone
ZenUI Launcher,PERSONALIZATION,4.7,1141545.0,50000000.0,15.0,Free,0.0,Everyone
ZenUI Safeguard,LIFESTYLE,4.5,100.0,1000000.0,7.1,Free,0.0,Everyone
ZenUI Themes – Stylish Themes,PERSONALIZATION,4.4,47393.0,10000000.0,7.2,Free,0.0,Everyone
Zenefits,BUSINESS,4.2,296.0,50000.0,14.0,Free,0.0,Everyone
Zenith Bank Mobile App,FINANCE,4.3,7215.0,1000000.0,18.0,Free,0.0,Everyone
Zepp Golf Swing Analyzer,SPORTS,4.4,2020.0,100000.0,84.0,Free,0.0,Everyone
Ziggo GO,ENTERTAINMENT,4.1,29690.0,1000000.0,78.0,Free,0.0,Teen
Zillow: Find Houses for Sale & Apartments for Rent,HOUSE_AND_HOME,4.5,417907.0,10000000.0,34.0,Free,0.0,Everyone
ZipRealty Real Estate & Homes,LIFESTYLE,4.0,3937.0,100000.0,15.0,Free,0.0,Everyone
ZiraatBank BH,FINANCE,4.1,58.0,10000.0,3.5,Free,0.0,Everyone
Zlax.io Zombs Luv Ax,GAME,4.6,6344.0,500000.0,32.0,Free,0.0,Everyone
Zocdoc: Find Doctors & Book Appointments,MEDICAL,4.5,6099.0,500000.0,38.0,Free,0.0,Everyone
Zoho Reports - Mobile BI,BUSINESS,4.7,45.0,5000.0,12.0,Free,0.0,Everyone
Zomato - Restaurant Finder and Food Delivery App,FOOD_AND_DRINK,4.3,511420.0,10000000.0,,Free,0.0,Everyone
Zombie Avengers:(Dreamsky)Stickman War Z,GAME,4.3,13604.0,1000000.0,96.0,Paid,0.99,Teen
Zombie Catchers,GAME,4.7,990796.0,10000000.0,75.0,Free,0.0,Everyone
Zombie Death Shooter,GAME,3.8,17372.0,1000000.0,45.0,Free,0.0,Mature 17+
Zombie Defense,FAMILY,4.3,275048.0,10000000.0,41.0,Free,0.0,Teen
Zombie Frontier,GAME,4.2,326689.0,10000000.0,20.0,Free,0.0,Teen
Zombie Hunter King,GAME,4.3,10538.0,1000000.0,50.0,Free,0.0,Mature 17+
Zombie Hunter: Post Apocalypse Survival Games,GAME,4.4,327599.0,10000000.0,66.0,Free,0.0,Teen
Zombie Sniper 3D III,GAME,3.9,8122.0,500000.0,23.0,Free,0.0,Mature 17+
Zombie Tsunami,GAME,4.4,4921451.0,100000000.0,,Free,0.0,Everyone 10+
Zombie War Z : Hero Survival Rules,GAME,3.9,1987.0,100000.0,62.0,Free,0.0,Mature 17+
ZombieVital DG,FAMILY,4.3,10.0,100.0,20.0,Paid,12.99,Everyone
"Zombies, Run! 5k Training (Free)",HEALTH_AND_FITNESS,4.0,267.0,50000.0,,Free,0.0,Teen
Zona Azul Digital Fácil SP CET - OFFICIAL São Paulo,AUTO_AND_VEHICLES,4.6,7880.0,100000.0,,Free,0.0,Everyone
Zooper Widget,PERSONALIZATION,4.0,30498.0,1000000.0,5.9,Free,0.0,Everyone
Zoopla Property Search UK - Home to buy & rent,LIFESTYLE,4.1,21195.0,1000000.0,,Free,0.0,Everyone
Zoosk Dating App: Meet Singles,DATING,4.0,516917.0,10000000.0,,Free,0.0,Mature 17+
Zowi App,FAMILY,4.5,516.0,50000.0,21.0,Free,0.0,Everyone
Zumper - Apartment Rental Finder,HOUSE_AND_HOME,4.4,11200.0,1000000.0,25.0,Free,0.0,Everyone
Zynga Poker – Texas Holdem,GAME,4.4,1986068.0,50000000.0,52.0,Free,0.0,Teen
[BN] Blitz,SPORTS,3.2,4.0,100.0,5.6,Free,0.0,Everyone
[ROOT] X Privacy Installer,TOOLS,4.2,12147.0,1000000.0,0.115234375,Free,0.0,Everyone
[Sub/EMUI] P Pro - EMUI 8.1/8.0/5.X Theme,PERSONALIZATION,4.0,13.0,100.0,19.0,Paid,0.99,Everyone
[Substratum] K-Manager for K-Klock,PERSONALIZATION,4.5,14.0,1000.0,11.0,Free,0.0,Everyone
[Substratum] M5 Theme,PERSONALIZATION,4.4,16.0,5000.0,6.7,Free,0.0,Everyone
[adult swim],FAMILY,3.6,21433.0,1000000.0,21.0,Free,0.0,Mature 17+
[root] Pry-Fi,TOOLS,3.9,6736.0,500000.0,0.0703125,Free,0.0,Everyone
[substratum] Vacuum: P,PERSONALIZATION,4.4,230.0,1000.0,11.0,Paid,1.49,Everyone
[verify-U] VideoIdent,COMMUNICATION,2.9,83.0,10000.0,13.0,Free,0.0,Everyone
aCalendar - Android Phone,PRODUCTIVITY,4.4,80119.0,10000000.0,,Free,0.0,Everyone
aCalendar+ Calendar & Tasks,PRODUCTIVITY,4.6,26919.0,100000.0,,Paid,5.99,Everyone
aa,FAMILY,4.2,886418.0,50000000.0,6.5,Free,0.0,Everyone
ab,FAMILY,3.8,10.0,1000.0,22.0,Free,0.0,Everyone
abeoCoder,MEDICAL,3.1,83.0,10000.0,3.2,Free,0.0,Everyone
ac remote control,TOOLS,3.7,9514.0,500000.0,7.0,Free,0.0,Everyone
ai robot keyboard,PERSONALIZATION,4.7,1891.0,100000.0,1.9,Free,0.0,Everyone
ai.type Free Emoji Keyboard,PERSONALIZATION,4.3,647844.0,10000000.0,,Free,0.0,Everyone
ai.type keyboard Plus + Emoji,TOOLS,4.5,57076.0,100000.0,35.0,Paid,4.49,Everyone
allhomes.com.au,HOUSE_AND_HOME,3.8,874.0,100000.0,12.0,Free,0.0,Everyone
amazer - Global Kpop Video Community,VIDEO_PLAYERS,4.3,1215.0,100000.0,23.0,Free,0.0,Everyone 10+
ao,FAMILY,3.5,14145.0,1000000.0,5.9,Free,0.0,Everyone
"ap,wifi testing,iperf,ping,android,Bluetooth,tcp",TOOLS,4.7,3.0,10.0,5.3,Paid,2.99,Everyone
au,FAMILY,3.2,9126.0,1000000.0,5.8,Free,0.0,Everyone
auto Call Recorder 2018,LIBRARIES_AND_DEMO,4.5,929.0,50000.0,7.0,Free,0.0,Everyone
auto fines,AUTO_AND_VEHICLES,4.6,31433.0,1000000.0,17.0,Free,0.0,Everyone
autolina.ch has over 120'000 cars on offer.,AUTO_AND_VEHICLES,4.2,25.0,10000.0,6.5,Free,0.0,Everyone
autoricardo.ch – vehicles,LIFESTYLE,3.3,1045.0,100000.0,13.0,Free,0.0,Everyone
bX Hot Articles by Ex Libris,FAMILY,4.3,42.0,5000.0,0.541015625,Free,0.0,Everyone
ba,FAMILY,3.1,1734.0,500000.0,5.8,Free,0.0,Everyone
bd's Mongolian Grill,LIFESTYLE,4.2,120.0,10000.0,14.0,Free,0.0,Everyone
be Produbanco,FINANCE,4.0,967.0,100000.0,22.0,Free,0.0,Everyone
beIN SPORTS TR,SPORTS,4.0,135763.0,10000000.0,13.0,Free,0.0,Everyone
bgtime.tv,VIDEO_PLAYERS,3.4,694.0,50000.0,,Free,0.0,Everyone
bigbasket - online grocery,SHOPPING,4.3,216741.0,5000000.0,,Free,0.0,Everyone
bitcoin exchange bx thailand,FINANCE,2.9,19.0,5000.0,2.2,Free,0.0,Everyone
bm Wallet,FINANCE,3.5,196.0,10000.0,27.0,Free,0.0,Everyone
bm offers,LIFESTYLE,3.2,320.0,50000.0,31.0,Free,0.0,Everyone
boattheory.ch Full 2018,FAMILY,4.7,54.0,1000.0,50.0,Paid,19.4,Everyone
bp Magazine for Bipolar,LIFESTYLE,1.8,5.0,1000.0,18.0,Free,0.0,Everyone 10+
bp e-store,BOOKS_AND_REFERENCE,4.4,52.0,1000.0,2.2,Free,0.0,Everyone
bpresso PRO,MEDICAL,4.4,515.0,1000.0,,Paid,5.49,Everyone
"busuu: Learn Languages - Spanish, English & More",FAMILY,4.3,207294.0,10000000.0,21.0,Free,0.0,Everyone 10+
bz Basel News,NEWS_AND_MAGAZINES,2.2,23.0,1000.0,33.0,Free,0.0,Everyone
bz Baselland E-Paper,NEWS_AND_MAGAZINES,4.2,69.0,5000.0,25.0,Free,0.0,Everyone
bz Basellandschaftliche News,NEWS_AND_MAGAZINES,2.8,33.0,1000.0,33.0,Free,0.0,Everyone
cPro Marketplace: Buy. Sell. Rent. Date. Jobs.,SHOPPING,4.4,385764.0,10000000.0,8.4,Free,0.0,Mature 17+
camera zoom moon,PHOTOGRAPHY,3.7,1213.0,500000.0,1.1,Free,0.0,Everyone
cg guruji,FAMILY,4.5,170.0,10000.0,4.1,Free,0.0,Everyone
chat dz,COMMUNICATION,5.0,8.0,100.0,29.0,Free,0.0,Teen
chat saudi arabia,DATING,4.1,11.0,1000.0,11.0,Free,0.0,Mature 17+
chicken song,LIBRARIES_AND_DEMO,4.3,434.0,100000.0,16.0,Free,0.0,Everyone
chomp SMS,COMMUNICATION,4.3,335646.0,10000000.0,8.3,Free,0.0,Everyone
ci,FAMILY,3.0,1691.0,500000.0,5.8,Free,0.0,Everyone
ck-modelcars Shop,SHOPPING,4.5,118.0,5000.0,6.4,Free,0.0,Everyone
ck-modelcars-UK Shop,SHOPPING,4.6,69.0,5000.0,6.4,Free,0.0,Everyone
cloudLibrary,BOOKS_AND_REFERENCE,4.0,10774.0,100000.0,35.0,Free,0.0,Everyone
cm to inches | centimeters to inches conversion,TOOLS,4.8,52.0,5000.0,1.9,Free,0.0,Everyone
"cm, mm to inch, feet converter tool",PRODUCTIVITY,4.3,176.0,100000.0,2.3,Free,0.0,Everyone
codeEazy - C/C++/JAVA,FAMILY,4.6,130.0,10000.0,2.2,Free,0.0,Everyone
codeSpark Academy & The Foos,FAMILY,4.1,4522.0,500000.0,57.0,Free,0.0,Everyone
comico Popular Original Cartoon Updated Everyday Comico,COMICS,3.2,93965.0,5000000.0,15.0,Free,0.0,Teen
converter video to mp3,LIBRARIES_AND_DEMO,4.4,783.0,100000.0,6.4,Free,0.0,Everyone
cronometer (ad free),HEALTH_AND_FITNESS,3.9,1075.0,50000.0,8.3,Paid,2.99,Everyone
cx advance call blocker,PERSONALIZATION,5.0,3.0,50.0,3.4,Free,0.0,Everyone
cx-32wifi,FAMILY,4.1,62.0,10000.0,6.5,Free,0.0,Everyone
cx-33wifi,FAMILY,4.4,63.0,10000.0,7.6,Free,0.0,Everyone
dB Meter - measure sound & noise level in Decibel,TOOLS,4.6,154.0,10000.0,6.6,Free,0.0,Everyone
dB Sound Level Meter,TOOLS,3.9,203.0,10000.0,2.3,Free,0.0,Everyone
dB Sound Meter,TOOLS,4.1,29.0,5000.0,2.3,Free,0.0,Everyone
dB: Sound Meter Pro,TOOLS,4.3,31.0,5000.0,0.22265625,Free,0.0,Everyone
daily News,NEWS_AND_MAGAZINES,4.5,26411.0,1000000.0,26.0,Free,0.0,Everyone
daskal.eu,FAMILY,5.0,5.0,50.0,15.0,Free,0.0,Everyone
db.Mobil App,LIBRARIES_AND_DEMO,4.5,23.0,5000.0,31.0,Free,0.0,Everyone
"delivery.com: Order Food, Alcohol & Laundry",FOOD_AND_DRINK,4.1,1920.0,100000.0,,Free,0.0,Everyone
detikcom - Latest & Most Complete News,NEWS_AND_MAGAZINES,4.1,190888.0,10000000.0,11.0,Free,0.0,Teen
diep.io,GAME,4.1,347883.0,10000000.0,20.0,Free,0.0,Everyone
dk,FAMILY,4.8,5.0,10.0,1.5,Free,0.0,Everyone
dk Verk,BUSINESS,4.4,9.0,500.0,31.0,Free,0.0,Everyone
do,FAMILY,3.1,1073.0,100000.0,5.9,Free,0.0,Everyone
dr.fone - Recovery & Transfer wirelessly & Backup,TOOLS,3.7,23347.0,5000000.0,7.6,Free,0.0,Everyone
dt Pro,FINANCE,4.8,4.0,1000.0,4.5,Free,0.0,Everyone
dt.se,NEWS_AND_MAGAZINES,3.1,124.0,10000.0,12.0,Free,0.0,Everyone
du View,FAMILY,3.8,935.0,50000.0,22.0,Free,0.0,Teen
du app,LIFESTYLE,3.5,7578.0,1000000.0,25.0,Free,0.0,Everyone
dv Prompter,VIDEO_PLAYERS,3.7,321.0,50000.0,1.3,Free,0.0,Everyone
dz NEWS Algerie,NEWS_AND_MAGAZINES,4.2,2318.0,100000.0,4.5,Free,0.0,Everyone
e-Anatomy,MEDICAL,4.0,1545.0,100000.0,74.0,Free,0.0,Everyone
e-Boks.dk,PRODUCTIVITY,3.2,6752.0,1000000.0,3.3,Free,0.0,Everyone
e-DN - den digitala tidningen från Dagens Nyheter,NEWS_AND_MAGAZINES,2.2,160.0,50000.0,32.0,Free,0.0,Everyone 10+
eBay Kleinanzeigen for Germany,SHOPPING,4.6,318142.0,10000000.0,,Free,0.0,Teen
eBay: Buy & Sell this Summer - Discover Deals Now!,SHOPPING,4.4,2788923.0,100000000.0,,Free,0.0,Teen
eBiblio,LIBRARIES_AND_DEMO,3.4,2907.0,50000.0,,Free,0.0,Everyone
eBoox new: Reader for fb2 epub zip books,BOOKS_AND_REFERENCE,4.9,2739.0,50000.0,21.0,Free,0.0,Everyone
eBoox: book reader fb2 epub zip,BOOKS_AND_REFERENCE,4.7,21336.0,1000000.0,23.0,Free,0.0,Everyone
eChallan Andhra Pradesh (AP),SOCIAL,3.0,5.0,1000.0,2.6,Free,0.0,Teen
eCooltra: scooter sharing. Share electric scooters,TRAVEL_AND_LOCAL,4.2,2822.0,100000.0,27.0,Free,0.0,Everyone
eG Monitor,PRODUCTIVITY,4.6,8.0,100.0,7.5,Free,0.0,Everyone
eHub,BUSINESS,4.2,6969.0,100000.0,4.8,Free,0.0,Everyone
ePN Cashback AliExpress,SHOPPING,4.4,19212.0,500000.0,6.9,Free,0.0,Everyone
ePay.bg,FINANCE,4.4,2017.0,100000.0,2.4,Free,0.0,Everyone
easyFocus,PHOTOGRAPHY,3.7,3396.0,500000.0,0.259765625,Free,0.0,Everyone
easyJet: Travel App,TRAVEL_AND_LOCAL,4.4,134895.0,10000000.0,50.0,Free,0.0,Everyone
"edX - Online Courses by Harvard, MIT & more",EDUCATION,4.6,32381.0,1000000.0,10.0,Free,0.0,Everyone 10+
edp re:dy,TOOLS,3.0,172.0,10000.0,,Free,0.0,Everyone
edp re:dy smarthome,TOOLS,3.4,30.0,5000.0,22.0,Free,0.0,Everyone
efootwear.eu - online store,SHOPPING,4.5,928.0,100000.0,8.6,Free,0.0,Everyone
eharmony - Online Dating App,DATING,3.1,31320.0,5000000.0,53.0,Free,0.0,Mature 17+
ei Calc,TOOLS,5.0,2.0,10.0,19.0,Free,0.0,Everyone
ek tuhi,VIDEO_PLAYERS,4.7,316.0,10000.0,2.8,Free,0.0,Everyone
el,FAMILY,4.3,32405.0,1000000.0,47.0,Free,0.0,Everyone
"energyly (TNEB,BESCOM,MH,DL..)",TOOLS,3.9,627.0,10000.0,4.1,Free,0.0,Everyone
eu sou franky,BUSINESS,3.7,195.0,10000.0,4.0,Free,0.0,Everyone
ez Share Android app,PHOTOGRAPHY,3.3,1461.0,100000.0,13.0,Free,0.0,Everyone
"ezETC (ETC balance inquiry, meter trial, real-time traffic)",AUTO_AND_VEHICLES,4.3,38846.0,1000000.0,8.6,Free,0.0,Everyone
f'east,LIFESTYLE,3.8,38.0,5000.0,4.8,Free,0.0,Everyone
"f.lux (preview, root-only)",HEALTH_AND_FITNESS,3.7,5559.0,500000.0,3.7,Free,0.0,Everyone
fi,FAMILY,2.9,691.0,100000.0,5.8,Free,0.0,Everyone
foodpanda - Local Food Delivery,FOOD_AND_DRINK,4.0,292969.0,10000000.0,16.0,Free,0.0,Everyone
foody Cyprus - online ordering,SHOPPING,4.5,214.0,10000.0,1.8,Free,0.0,Everyone
fred's Pharmacy,MEDICAL,3.0,315.0,100000.0,22.0,Free,0.0,Everyone
free video calls and chat,COMMUNICATION,4.2,594728.0,50000000.0,,Free,0.0,Everyone
funny Image Comments for FB,SOCIAL,3.9,19.0,5000.0,15.0,Free,0.0,Teen
gCMOB,TOOLS,4.2,7935.0,1000000.0,21.0,Free,0.0,Everyone
go41cx,FAMILY,4.8,171.0,1000.0,1.0,Paid,10.0,Everyone
happn – Local dating app,LIFESTYLE,4.3,1118201.0,10000000.0,,Free,0.0,Mature 17+
hellofood - Food Delivery,FOOD_AND_DRINK,4.0,43614.0,1000000.0,25.0,Free,0.0,Everyone
homegate.ch,HOUSE_AND_HOME,4.2,2543.0,100000.0,4.6,Free,0.0,Everyone
hum app,MAPS_AND_NAVIGATION,4.4,10218.0,1000000.0,78.0,Free,0.0,Everyone
i am EB,PHOTOGRAPHY,5.0,1.0,10.0,5.4,Free,0.0,Teen
i am rich,BUSINESS,3.9,213.0,1000.0,2.9,Free,0.0,Everyone
iBP Blood Pressure,MEDICAL,4.4,578.0,10000.0,0.6875,Paid,0.99,Everyone
iCam - Webcam Video Streaming,TOOLS,3.7,770.0,10000.0,2.4,Paid,4.99,Everyone
iCard BD Plus,SOCIAL,5.0,2.0,500.0,2.4,Free,0.0,Everyone
"iDates - Chats, Flirts, Dating, Love & Relations",DATING,3.4,13890.0,500000.0,20.0,Free,0.0,Mature 17+
iFORA BP,MEDICAL,3.4,18.0,1000.0,45.0,Free,0.0,Everyone
iFish BC,SPORTS,3.6,25.0,1000.0,6.0,Paid,3.99,Everyone
iFunny :),FAMILY,4.4,503757.0,10000000.0,,Free,0.0,Mature 17+
iGun Pro -The Original Gun App,GAME,4.2,249308.0,10000000.0,55.0,Free,0.0,Everyone
iHoroscope - 2018 Daily Horoscope & Astrology,LIFESTYLE,4.5,398307.0,10000000.0,19.0,Free,0.0,Everyone
iHunter BC,SPORTS,4.4,55.0,1000.0,63.0,Paid,4.49,Everyone
"iKeyboard - emoji, emoticons",PERSONALIZATION,4.5,624924.0,10000000.0,24.0,Free,0.0,Everyone
iLocker X - iOS11 Lockscreen with HD Wallpapers,PERSONALIZATION,4.3,1714.0,100000.0,31.0,Free,0.0,Everyone
iMediaShare – Photos & Music,VIDEO_PLAYERS,4.2,104551.0,10000000.0,18.0,Free,0.0,Everyone
iOBD2-CF,TOOLS,3.4,5.0,500.0,21.0,Free,0.0,Everyone
"iPair-Meet, Chat, Dating",DATING,4.5,182986.0,5000000.0,77.0,Free,0.0,Mature 17+
iPlayIT for YouTube VR Player,VIDEO_PLAYERS,4.3,5879.0,1000000.0,,Free,0.0,Teen
iProperty Malaysia,HOUSE_AND_HOME,4.2,809.0,100000.0,7.8,Free,0.0,Everyone
iReadMe,PRODUCTIVITY,5.0,8.0,100.0,22.0,Free,0.0,Everyone
iScore5 AP Psych,FAMILY,2.9,10.0,100.0,73.0,Paid,4.99,Everyone
iSmart DV,VIDEO_PLAYERS,3.6,5692.0,1000000.0,31.0,Free,0.0,Everyone
iSniper 3D Arctic Warfare,GAME,3.8,35572.0,1000000.0,,Free,0.0,Teen
iSwipe Phone X,TOOLS,4.7,58366.0,1000000.0,6.3,Free,0.0,Everyone
iTooch Mathématiques CP,FAMILY,4.3,1018.0,100000.0,35.0,Free,0.0,Everyone
iTranslate Translator & Dictionary,PRODUCTIVITY,4.3,201718.0,10000000.0,35.0,Free,0.0,Everyone
iWnn IME for Nexus,TOOLS,3.2,2394.0,5000000.0,,Free,0.0,Everyone
ibis Paint X,ART_AND_DESIGN,4.6,224399.0,10000000.0,31.0,Free,0.0,Everyone
icon wallpaper dressup💞CocoPPa,PERSONALIZATION,4.3,595120.0,10000000.0,,Free,0.0,Everyone
imo beta free calls and text,COMMUNICATION,4.3,659395.0,100000000.0,11.0,Free,0.0,Everyone
imo free video calls and chat,COMMUNICATION,4.3,4785988.0,500000000.0,11.0,Free,0.0,Everyone
infirmiers,MEDICAL,4.7,125.0,10000.0,23.0,Free,0.0,Everyone
"ipsy: Makeup, Beauty, and Tips",BEAUTY,4.9,49790.0,1000000.0,14.0,Free,0.0,Everyone
"issuu - Read Magazines, Catalogs, Newspapers.",NEWS_AND_MAGAZINES,4.4,74425.0,1000000.0,8.6,Free,0.0,Everyone
ivi - movies and TV shows in HD,ENTERTAINMENT,4.5,684116.0,10000000.0,,Free,0.0,Teen
ixigo Cabs-Compare & Book Taxi,MAPS_AND_NAVIGATION,4.2,11838.0,1000000.0,9.2,Free,0.0,Everyone
join.me - Simple Meetings,BUSINESS,4.0,6989.0,1000000.0,,Free,0.0,Everyone
justWink Greeting Cards,LIFESTYLE,4.6,69177.0,1000000.0,15.0,Free,0.0,Teen
kick the buddy,GAME,3.3,294.0,10000.0,19.0,Free,0.0,Everyone
kicker football news,SPORTS,4.3,56270.0,5000000.0,15.0,Free,0.0,Everyone
learn c in hindi,FAMILY,4.3,109.0,5000.0,2.7,Free,0.0,Everyone
"letgo: Buy & Sell Used Stuff, Cars & Real Estate",SHOPPING,4.5,973270.0,50000000.0,20.0,Free,0.0,Teen
lifebox,PRODUCTIVITY,4.2,56403.0,5000000.0,49.0,Free,0.0,Everyone
live Point,MEDICAL,3.6,54.0,5000.0,17.0,Free,0.0,Mature 17+
loans.com.au Smart Money,FINANCE,3.5,30.0,1000.0,17.0,Free,0.0,Everyone
love,PHOTOGRAPHY,4.3,42677.0,1000000.0,22.0,Free,0.0,Everyone
love sms good morning,COMMUNICATION,4.2,10.0,5000.0,3.1,Free,0.0,Everyone
"m, cm, mm to yard, feet, inch converter tool",TOOLS,4.3,246.0,100000.0,2.8,Free,0.0,Everyone
m-Faisaa,FINANCE,4.0,142.0,10000.0,6.2,Free,0.0,Everyone
m.ride - your motorcycle app,AUTO_AND_VEHICLES,4.5,189.0,10000.0,16.0,Free,0.0,Everyone
m:go BiH,COMMUNICATION,3.2,559.0,10000.0,6.0,Free,0.0,Everyone
m>notes notepad,PRODUCTIVITY,4.3,184.0,1000.0,,Paid,2.99,Everyone
magicApp Calling & Messaging,SOCIAL,4.1,207712.0,10000000.0,,Free,0.0,Everyone
mail.co.uk Mail,COMMUNICATION,4.2,21.0,5000.0,8.7,Free,0.0,Everyone
mail.com mail,COMMUNICATION,4.2,44706.0,1000000.0,,Free,0.0,Everyone
meStudying: AP English Lit,FAMILY,5.0,1.0,10.0,0.6396484375,Paid,4.99,Everyone
metroZONE,LIFESTYLE,4.1,47497.0,10000000.0,34.0,Free,0.0,Everyone
mobileRx Pharmacy,MEDICAL,2.5,124.0,10000.0,43.0,Free,0.0,Everyone
most expensive app (H),FAMILY,4.3,6.0,100.0,1.5,Paid,399.99,Everyone
"muzmatch: Muslim & Arab Singles, Marriage & Dating",DATING,3.8,5168.0,100000.0,25.0,Free,0.0,Mature 17+
my face,FINANCE,3.8,1054.0,100000.0,9.7,Free,0.0,Everyone
my4D,EVENTS,4.6,573.0,100000.0,8.7,Free,0.0,Everyone
myAT&T,PRODUCTIVITY,3.7,80847.0,50000000.0,,Free,0.0,Everyone
myAir™ for Air10™ by ResMed,MEDICAL,3.7,236.0,50000.0,18.0,Free,0.0,Everyone
myChevrolet,LIFESTYLE,3.5,6747.0,1000000.0,,Free,0.0,Everyone
myGrow,PRODUCTIVITY,4.6,84.0,1000.0,23.0,Paid,4.29,Mature 17+
myHomework Student Planner,EDUCATION,4.0,28392.0,1000000.0,,Free,0.0,Everyone
myLPG.eu,TRAVEL_AND_LOCAL,4.2,556.0,50000.0,4.4,Free,0.0,Everyone
"myMail – Email for Hotmail, Gmail and Outlook Mail",COMMUNICATION,4.5,305218.0,10000000.0,,Free,0.0,Everyone
myMetro,TOOLS,4.0,26189.0,10000000.0,5.3,Free,0.0,Everyone
myNaida CI,MEDICAL,4.6,64.0,5000.0,57.0,Free,0.0,Everyone
myQ,TOOLS,3.6,3642.0,100000.0,29.0,Free,0.0,Everyone
mySugr: the blood sugar tracker made just for you,MEDICAL,4.6,21189.0,1000000.0,36.0,Free,0.0,Everyone
mysms SMS Text Messaging Sync,COMMUNICATION,4.3,37320.0,1000000.0,8.4,Free,0.0,Everyone
myvi by,MEDICAL,3.8,122.0,10000.0,,Free,0.0,Everyone
nds4droid,GAME,3.4,107778.0,10000000.0,8.8,Free,0.0,Everyone
"ooVoo Video Calls, Messaging & Stories",SOCIAL,4.3,1157004.0,50000000.0,34.0,Free,0.0,Everyone
osmino Wi-Fi: free WiFi,TOOLS,4.2,134203.0,10000000.0,4.1,Free,0.0,Everyone
pCloud: Free Cloud Storage,PRODUCTIVITY,4.3,16149.0,1000000.0,,Free,0.0,Everyone
palmPEDi: Pediatric Tape,MEDICAL,4.6,66.0,5000.0,2.6,Paid,0.99,Everyone
photo keypad lockscreen,TOOLS,4.1,225544.0,10000000.0,8.1,Free,0.0,Everyone
pixiv,SOCIAL,4.2,86956.0,1000000.0,24.0,Free,0.0,Mature 17+
pixiv comic - everyone's manga app,COMICS,4.4,18814.0,1000000.0,,Free,0.0,Mature 17+
"play2prep: ACT, SAT prep",EDUCATION,4.2,3692.0,100000.0,4.4,Free,0.0,Everyone
pretty Easy privacy p≡p,COMMUNICATION,3.7,21.0,500.0,20.0,Paid,0.99,Everyone
realcommercial.com.au,BUSINESS,4.4,128.0,50000.0,6.7,Free,0.0,Everyone
"realestate.com.au - Buy, Rent & Sell Property",HOUSE_AND_HOME,3.8,14657.0,1000000.0,,Free,0.0,Everyone
reality.cz,HOUSE_AND_HOME,4.1,1372.0,50000.0,5.4,Free,0.0,Everyone
ricardo.ch,SHOPPING,4.0,13232.0,500000.0,27.0,Free,0.0,Everyone
sABN,BUSINESS,4.4,2287.0,1000000.0,1.5,Free,0.0,Everyone
search.ch,TRAVEL_AND_LOCAL,4.4,11514.0,500000.0,2.2,Free,0.0,Everyone
senior easy phone,PERSONALIZATION,3.9,168.0,50000.0,2.1,Free,0.0,Teen
slither.io,GAME,4.4,5235294.0,100000000.0,,Free,0.0,Everyone
stranger chat - anonymous chat,DATING,3.5,13204.0,1000000.0,6.1,Free,0.0,Mature 17+
studentsLife by FH Kärnten,FAMILY,4.4,108.0,5000.0,,Free,0.0,Everyone
"sugar, sugar",FAMILY,4.2,1405.0,10000.0,9.5,Paid,1.2,Everyone
sustainability@BU,LIFESTYLE,4.8,10.0,1000.0,11.0,Free,0.0,Everyone
swissinfo.ch,NEWS_AND_MAGAZINES,3.9,271.0,50000.0,9.6,Free,0.0,Everyone 10+
tTorrent - ad free,VIDEO_PLAYERS,4.3,2976.0,10000.0,,Paid,1.99,Everyone
taxi.eu,TRAVEL_AND_LOCAL,4.1,1865.0,100000.0,22.0,Free,0.0,Everyone
textPlus: Free Text & Calls,SOCIAL,4.1,382121.0,10000000.0,28.0,Free,0.0,Everyone
that's lit,GAME,4.7,1115.0,100000.0,39.0,Free,0.0,Everyone
the Egg - crack the egg,FAMILY,4.1,211.0,10000.0,14.0,Free,0.0,Everyone
theCut,LIFESTYLE,4.7,499.0,50000.0,6.9,Free,0.0,Everyone
theScore esports,SPORTS,4.5,16257.0,500000.0,14.0,Free,0.0,Everyone 10+
"theScore: Live Sports Scores, News, Stats & Videos",SPORTS,4.4,133833.0,10000000.0,34.0,Free,0.0,Everyone 10+
think Comics,COMICS,4.4,1006.0,50000.0,19.0,Free,0.0,Everyone
tinyCam Monitor FREE,HOUSE_AND_HOME,4.0,65914.0,10000000.0,,Free,0.0,Everyone
trip.bg,TRAVEL_AND_LOCAL,4.5,103.0,1000.0,9.8,Free,0.0,Everyone
trivago: Hotels & Travel,TRAVEL_AND_LOCAL,4.2,219848.0,50000000.0,,Free,0.0,Everyone
tutti.ch - Free Classifieds,SHOPPING,4.4,9950.0,500000.0,15.0,Free,0.0,Everyone
tökr,MEDICAL,4.6,17.0,1000.0,14.0,Free,0.0,Everyone
uCiC- Videos and Photos on demand,SOCIAL,4.0,2052.0,100000.0,7.0,Free,0.0,Teen
usgang.ch,LIFESTYLE,3.7,492.0,100000.0,,Free,0.0,Everyone 10+
v-view,FAMILY,3.6,309.0,10000.0,19.0,Free,0.0,Everyone
vide-greniers.org,EVENTS,4.3,5839.0,100000.0,3.5,Free,0.0,Everyone
video player,VIDEO_PLAYERS,4.4,26421.0,1000000.0,,Free,0.0,Everyone
video player for android,VIDEO_PLAYERS,4.5,351168.0,10000000.0,13.0,Free,0.0,Everyone
"view.com.au - Buy, Rent or Research Real Estate",LIFESTYLE,3.1,212.0,50000.0,12.0,Free,0.0,Everyone
virtual lover 3D,FAMILY,4.6,5195.0,100000.0,64.0,Free,0.0,Mature 17+
w UN map,LIFESTYLE,4.2,23164.0,1000000.0,10.0,Free,0.0,Mature 17+
waut.ch!,FAMILY,4.5,10.0,100.0,2.5,Free,0.0,Everyone
weather - weather forecast,WEATHER,4.7,11118.0,1000000.0,9.7,Free,0.0,Everyone
weather HD,PERSONALIZATION,4.0,1546.0,10000.0,4.5,Paid,1.99,Everyone
weight conversion calculator,TOOLS,4.0,807.0,100000.0,1.8,Free,0.0,Everyone
wetter.com - Weather and Radar,WEATHER,4.2,189313.0,10000000.0,38.0,Free,0.0,Everyone
wikiHow: how to do anything,BOOKS_AND_REFERENCE,4.4,43088.0,1000000.0,3.0,Free,0.0,Teen
yHomework - Math Solver,FAMILY,4.2,50771.0,1000000.0,,Free,0.0,Everyone
zulily - Shop Daily Deals in Fashion and Home,SHOPPING,4.5,28560.0,1000000.0,,Free,0.0,Everyone
¡Ay Metro!,GAME,3.8,489.0,10000.0,36.0,Free,0.0,Everyone 10+
¿Es Vegan?,FOOD_AND_DRINK,4.6,438.0,10000.0,1.7,Free,0.0,Everyone
Égalité et Réconciliation,NEWS_AND_MAGAZINES,4.9,58.0,500.0,3.8,Paid,2.99,Everyone
ÖBB Scotty,MAPS_AND_NAVIGATION,4.2,12572.0,1000000.0,24.0,Free,0.0,Everyone
İşCep,FINANCE,4.5,381788.0,10000000.0,32.0,Free,0.0,Everyone
Šmelina .cz inzeráty inzerce,SHOPPING,3.9,117.0,10000.0,9.8,Free,0.0,Everyone
Аim Training for CS,GAME,3.6,2328.0,100000.0,12.0,Free,0.0,Everyone
РИА Новости,NEWS_AND_MAGAZINES,4.5,44274.0,1000000.0,8.0,Free,0.0,Everyone
РееI Smart Remote MP3 CD Player,TOOLS,3.2,27.0,5000.0,2.7,Free,0.0,Everyone
أحداث وحقائق | خبر عاجل في اخبار العالم,NEWS_AND_MAGAZINES,4.8,311.0,5000.0,14.0,Free,0.0,Everyone 10+
الفاتحون Conquerors,FAMILY,4.5,108130.0,5000000.0,40.0,Free,0.0,Teen
صور حرف H,ART_AND_DESIGN,4.4,13.0,1000.0,4.5,Free,0.0,Everyone
لعبة تقدر تربح DZ,FAMILY,4.2,238.0,10000.0,6.8,Free,0.0,Everyone
বাংলা টিভি প্রো BD Bangla TV,FAMILY,4.3,193.0,10000.0,14.0,Free,0.0,Everyone
বাংলাflix,FAMILY,4.2,1111.0,100000.0,7.3,Free,0.0,Everyone
သိင်္ Astrology - Min Thein Kha BayDin,LIFESTYLE,4.7,2225.0,100000.0,15.0,Free,0.0,Everyone
► MultiCraft ― Free Miner! 👍,GAME,4.3,1305050.0,50000000.0,,Free,0.0,Everyone 10+
【Miku AR Camera】Mikuture,FAMILY,4.4,36268.0,1000000.0,41.0,Free,0.0,Teen
あなカレ【BL】無料ゲーム,FAMILY,4.7,6073.0,100000.0,8.5,Free,0.0,Mature 17+
"乐屋网: Buying a house, selling a house, renting a house",HOUSE_AND_HOME,3.7,2248.0,100000.0,15.0,Free,0.0,Everyone
乗換NAVITIME　Timetable & Route Search in Japan Tokyo,MAPS_AND_NAVIGATION,4.4,50459.0,5000000.0,,Free,0.0,Everyone
日本AV历史,BOOKS_AND_REFERENCE,4.1,215.0,10000.0,30.0,Free,0.0,Teen
"漫咖 Comics - Manga,Novel and Stories",COMICS,4.1,12088.0,1000000.0,21.0,Free,0.0,Mature 17+
英漢字典 EC Dictionary,FAMILY,4.3,55408.0,1000000.0,,Free,0.0,Everyone
감성학원 BL 첫사랑,COMICS,4.4,190.0,10000.0,34.0,Free,0.0,Everyone
💎 I'm rich,LIFESTYLE,3.8,718.0,10000.0,26.0,Paid,399.99,Everyone
"💘 WhatsLov: Smileys of love, stickers and GIF",SOCIAL,4.6,22098.0,1000000.0,18.0,Free,0.0,Everyone
📏 Smart Ruler ↔️ cm/inch measuring for homework!,TOOLS,4.0,19.0,10000.0,3.2,Free,0.0,Everyone
🔥 Football Wallpapers 4K | Full HD Backgrounds 😍,ENTERTAINMENT,4.7,11661.0,1000000.0,4.0,Free,0.0,Everyone
